facility_id,name,state,agency,rec_area,lat,lon,reservable,booking,total_sites,electric,water,sewer,pets,campfires,max_rv_length_ft,confirmed_free,book_url,nps_url
10000167,Tail Race Campground,WY,BLM,,42.024400,-110.060900,False,first-come,0,False,False,False,False,False,,False,,
10000305,Burro Creek Campground,AZ,BLM,Kingman Field Office,34.536050,-113.451880,True,partly,25,False,False,False,True,False,120,False,https://www.recreation.gov/camping/campgrounds/10000305,
10000309,Windy Point Campground,AZ,BLM,,35.435956,-114.160087,False,first-come,0,False,False,False,False,False,,False,,
10000330,Wild Cow Springs Campground,AZ,BLM,,35.061300,-113.869180,False,first-come,0,False,False,False,False,False,,False,,
10000447,Castle Rock Campground,OR,BLM,Crooked Wild and Scenic River,44.158140,-120.833950,False,first-come,8,False,False,False,False,False,,False,,
10001419,Cold Brook Campground,SD,USACE,Cold Brook Lake,43.461656,-103.491700,True,reservable,13,False,False,False,True,True,,False,https://www.recreation.gov/camping/campgrounds/10001419,
10001432,Cottonwood Springs Campground,SD,USACE,Cottonwood Springs Lake,43.439306,-103.572564,True,reservable,18,False,False,False,True,True,67,False,https://www.recreation.gov/camping/campgrounds/10001432,
10001451,Steel Creek Campground,AR,NPS,Buffalo National River,36.030169,-93.341853,True,reservable,40,False,False,False,True,True,,False,https://www.recreation.gov/camping/campgrounds/10001451,https://www.nps.gov/buff/planyourvisit/camping.htm
10001666,Stillwater Campground,OR,BLM,Crooked Wild and Scenic River,44.144940,-120.829250,False,first-come,10,False,False,False,False,False,,False,,
10003362,Chinamen's Campground,MT,BOR,Canyon Ferry Lake,46.654750,-111.705266,True,reservable,38,False,False,False,True,True,47,False,https://www.recreation.gov/camping/campgrounds/10003362,
10003401,Jo Bonner Campground,MT,BOR,Canyon Ferry Lake,46.644627,-111.683576,True,reservable,17,False,False,False,True,True,100,False,https://www.recreation.gov/camping/campgrounds/10003401,
10004152,Camp 4,CA,NPS,Yosemite National Park,37.741426,-119.603357,True,reservable,68,False,False,False,False,True,,False,https://www.recreation.gov/camping/campgrounds/10004152,https://www.nps.gov/yose/planyourvisit/camp4.htm
10004358,Station Camp,TN,NPS,Big South Fork National River & Recreation Area,36.546914,-84.636169,True,reservable,24,True,True,False,True,True,70,False,https://www.recreation.gov/camping/campgrounds/10004358,https://www.nps.gov/biso/planyourvisit/horsecamps.htm
10004620,Tuttle Creek Campground,CA,BLM,Alabama Hills,36.565000,-118.127000,False,first-come,83,False,False,False,True,False,,False,,
10004919,Lake Powhatan Glamping,NC,FS,National Forests in North Carolina,35.481667,-82.630000,True,reservable,12,False,False,False,True,True,26,False,https://www.recreation.gov/camping/campgrounds/10004919,
10004932,Gorge Lake Campground,WA,NPS,North Cascades National Park,48.715713,-121.151532,True,reservable,8,False,False,False,True,True,,False,https://www.recreation.gov/camping/campgrounds/10004932,https://www.recreation.gov/camping/campgrounds/10004932
10004950,Halls Crossing RV & Campground,UT,NPS,Glen Canyon National Recreation Area,37.457799,-110.718201,False,first-come,0,False,False,False,False,False,,False,,https://www.lakepowell.com/rv-camping/halls-crossing-rv-campground/
10005253,West Shore,CA,FS,Stanislaus National Forest,38.477333,-120.008045,True,reservable,25,False,False,False,True,True,55,False,https://www.recreation.gov/camping/campgrounds/10005253,
10005349,Log Gulch Campground,MT,BLM,Chain of Lakes,46.961834,-111.943610,True,reservable,75,False,False,False,True,True,,False,https://www.recreation.gov/camping/campgrounds/10005349,
10005351,Blue Lake Campground Group Site,CA,FS,Modoc National Forest,41.142778,-120.280000,True,partly,1,False,False,False,True,True,,False,https://www.recreation.gov/camping/campgrounds/10005351,
10005523,Jackman Park Campground,OR,BLM,,42.719085,-118.624208,False,first-come,6,False,False,False,False,False,,False,,
10005676,Mecca Flat Campground,OR,BLM,Lower Deschutes Wild and Scenic River,44.770355,-121.207595,False,first-come,0,False,False,False,False,False,,True,,
10007154,Confluence Recreation Area,KY,USACE,Buckhorn Lake,37.340648,-83.470683,True,reservable,1,False,False,False,False,False,,False,https://www.recreation.gov/camping/campgrounds/10007154,
10007179,Leatherwood Recreation Area,KY,USACE,Buckhorn Lake,37.340648,-83.470683,True,reservable,1,False,False,False,False,False,,False,https://www.recreation.gov/camping/campgrounds/10007179,
10007181,Oak Creek Recreation Site,UT,FS,Fishlake National Forest,38.089035,-111.342130,True,reservable,9,False,False,False,True,True,35,False,https://www.recreation.gov/camping/campgrounds/10007181,
10007458,Horton Creek Campground,CA,BLM,Alabama Hills,37.380000,-118.578000,False,first-come,49,False,False,False,False,False,,False,,
10007462,Crowley Lake Campground,CA,BLM,Alabama Hills,37.569000,-118.768000,True,reservable,47,False,False,False,False,False,,False,https://www.recreation.gov/camping/campgrounds/10007462,
10008747,Naval Live Oaks Youth Group Camping,FL,NPS,Gulf Islands National Seashore,30.368989,-87.142312,False,first-come,0,False,False,False,False,False,,False,,https://www.nps.gov/guis/planyourvisit/nlo-group.htm
10008944,Greenville Campground,CA,FS,Plumas National Forest,40.157916,-120.956755,True,partly,19,False,False,False,True,True,,False,https://www.recreation.gov/camping/campgrounds/10008944,
10009273,Brushkana Creek Campground,AK,BLM,Delta Wild and Scenic River,63.290103,-148.062929,False,first-come,0,False,False,False,False,False,,False,,
10009939,Woodring Branch Primitive Campground,GA,USACE,Carters Lake,34.624756,-84.638744,True,reservable,11,False,False,False,True,True,,False,https://www.recreation.gov/camping/campgrounds/10009939,
10010172,Skunk Point Group Campground,CA,FS,Shasta-Trinity National Forest,40.736442,-123.232990,True,reservable,1,False,False,False,True,True,,False,https://www.recreation.gov/camping/campgrounds/10010172,
10011396,Wolf Ford Horse Camp,NC,FS,National Forests in North Carolina,35.381282,-82.742135,True,reservable,11,False,False,False,True,True,50,False,https://www.recreation.gov/camping/campgrounds/10011396,
10012078,Point Cedar,AR,USACE,Degray Lake,34.218119,-93.100473,True,reservable,62,True,True,False,True,True,76,False,https://www.recreation.gov/camping/campgrounds/10012078,
10012141,Westwater Group Site (Ranger Station),UT,BLM,Westwater Canyon River,39.088770,-109.103970,True,reservable,1,False,False,False,True,True,25,False,https://www.recreation.gov/camping/campgrounds/10012141,
10020625,Black Canyon Of The Gunnison North Rim Campground,CO,NPS,Black Canyon Of The Gunnison National Park,38.585183,-107.709428,True,partly,14,False,False,False,True,True,22,False,https://www.recreation.gov/camping/campgrounds/10020625,
10028678,Saguaro National Park Wilderness Permits,AZ,NPS,Saguaro National Park,32.193491,-110.575129,True,reservable,21,False,False,False,False,True,,False,https://www.recreation.gov/camping/campgrounds/10028678,
10028875,Big Bend Backcountry Camping,TX,NPS,Big Bend National Park,29.327815,-103.205956,True,reservable,112,False,False,False,True,False,30,False,https://www.recreation.gov/camping/campgrounds/10028875,
10029004,Mchenry Avenue Recreation Area,CA,USACE,Stanislaus River Parks,37.779158,-120.843304,True,reservable,13,False,False,False,True,True,,False,https://www.recreation.gov/camping/campgrounds/10029004,
10029012,Valley Oak Recreation Area,CA,USACE,Stanislaus River Parks,37.779158,-120.843304,True,reservable,11,False,False,False,True,False,,False,https://www.recreation.gov/camping/campgrounds/10029012,
10032028,Moqui Group Campground,AZ,FS,Coconino National Forest Recreation,34.596145,-111.198674,True,reservable,3,False,False,False,True,True,,False,https://www.recreation.gov/camping/campgrounds/10032028,
10035048,Applegate Cove,OK,USACE,Arkansas River - Robert S. Kerr Pool,35.349505,-94.779846,True,reservable,28,True,True,False,True,False,,False,https://www.recreation.gov/camping/campgrounds/10035048,
10035081,Cowlington Point,OK,USACE,Arkansas River - Robert S. Kerr Pool,35.349505,-94.779846,True,reservable,38,True,True,False,True,False,,False,https://www.recreation.gov/camping/campgrounds/10035081,
10035281,Short Mountain Cove,OK,USACE,Arkansas River - Robert S. Kerr Pool,35.349505,-94.779846,True,reservable,43,True,True,False,True,False,,False,https://www.recreation.gov/camping/campgrounds/10035281,
10038712,Card Creek,KS,USACE,Elk City Lake,37.277260,-95.786650,True,reservable,20,True,True,False,True,True,89,False,https://www.recreation.gov/camping/campgrounds/10038712,
10038733,Doris Campground,OK,FWS,Wichita Mountains Wildlife Refuge,34.719333,-98.649530,True,reservable,93,True,False,False,True,True,,False,https://www.recreation.gov/camping/campgrounds/10038733,
10038827,Ivans,IA,USACE,Lake Red Rock,41.370800,-92.979400,True,reservable,21,True,False,False,True,True,60,False,https://www.recreation.gov/camping/campgrounds/10038827,
10038964,Outlet Channel,KS,USACE,Elk City Lake,37.277260,-95.786650,True,reservable,15,True,True,False,True,True,,False,https://www.recreation.gov/camping/campgrounds/10038964,
10038980,Rattan Landing,OK,USACE,Hugo Lake,34.016634,-95.376670,True,reservable,13,True,True,False,True,False,,False,https://www.recreation.gov/camping/campgrounds/10038980,
10039071,Wildwood,OK,USACE,Fort Gibson Lake,35.975224,-95.288691,True,reservable,32,True,True,False,True,True,,False,https://www.recreation.gov/camping/campgrounds/10039071,
10039838,Ahart Campground,CA,FS,Tahoe National Forest,39.145997,-120.408204,True,reservable,12,False,False,False,True,False,,False,https://www.recreation.gov/camping/campgrounds/10039838,
10039845,Gull Lake Campground,CA,FS,Inyo National Forest,37.772485,-119.083540,True,reservable,11,False,False,False,True,True,,False,https://www.recreation.gov/camping/campgrounds/10039845,
10039857,Anvil Lake Campground,WI,FS,Chequamegon-Nicolet NF,45.935772,-89.062123,True,partly,19,False,False,False,True,True,40,False,https://www.recreation.gov/camping/campgrounds/10039857,
10039876,Dam Site East,OK,USACE,Eufaula Lake,35.309520,-95.357250,True,reservable,10,True,True,False,True,True,40,False,https://www.recreation.gov/camping/campgrounds/10039876,
10039887,Dark Day Campground,CA,FS,Tahoe National Forest,39.429375,-121.107953,True,reservable,10,False,False,False,True,True,45,False,https://www.recreation.gov/camping/campgrounds/10039887,
10039899,Elm Point,OK,USACE,Eufaula Lake,35.309520,-95.357250,True,reservable,22,True,True,False,True,True,40,False,https://www.recreation.gov/camping/campgrounds/10039899,
10039993,Garden Point Boat-In Campground,CA,FS,Tahoe National Forest,39.433331,-121.124167,True,reservable,16,False,False,False,True,True,,False,https://www.recreation.gov/camping/campgrounds/10039993,
10040012,Hornswoggle Group Campground,CA,FS,Tahoe National Forest,39.415144,-121.120833,True,reservable,6,False,False,False,True,True,80,False,https://www.recreation.gov/camping/campgrounds/10040012,
10040020,Long Valley Group Campground,AZ,FS,Coconino National Forest Recreation,34.521167,-111.329889,True,reservable,1,False,False,False,True,True,,False,https://www.recreation.gov/camping/campgrounds/10040020,
10040022,Madrone Cove Boat-In Campground,CA,FS,Tahoe National Forest,39.469206,-121.164167,True,reservable,10,False,False,False,True,True,,False,https://www.recreation.gov/camping/campgrounds/10040022,
10040033,Oak Ridge,OK,USACE,Eufaula Lake,35.309520,-95.357250,True,reservable,13,True,False,False,True,True,25,False,https://www.recreation.gov/camping/campgrounds/10040033,
10040047,Schoolhouse Campground,CA,FS,Tahoe National Forest,39.418078,-121.120833,True,reservable,56,False,False,False,True,True,92,False,https://www.recreation.gov/camping/campgrounds/10040047,
10040524,Brush Creek Public Use Area,OK,USACE,Keystone Lake,36.150868,-96.246994,True,reservable,18,True,True,True,True,True,70,False,https://www.recreation.gov/camping/campgrounds/10040524,
10040547,Grout Pond Campground,VT,FS,Green Mountain & Finger Lakes National Forests,43.045530,-72.954570,True,reservable,18,False,False,False,True,True,14,False,https://www.recreation.gov/camping/campgrounds/10040547,
10040569,Little Mattie Campground,CO,FS,White River National Forest,39.376749,-106.807471,True,reservable,19,False,False,False,True,True,30,False,https://www.recreation.gov/camping/campgrounds/10040569,
10040591,Oh Be Joyful Campground,CO,BLM,Gunnison,38.914376,-107.032762,True,reservable,30,False,False,False,True,False,58,False,https://www.recreation.gov/camping/campgrounds/10040591,
10040622,Ophir Creek Campground,CO,FS,Pike and San Isabel National Forests & Cimarron and Comanche National Grasslands,38.062494,-105.104731,True,reservable,31,False,False,False,True,True,15,False,https://www.recreation.gov/camping/campgrounds/10040622,
10040993,Ken's Lake Campground,UT,BLM,,38.478029,-109.423530,True,partly,48,False,False,False,True,True,60,False,https://www.recreation.gov/camping/campgrounds/10040993,
10041284,Damsite Texas,TX,USACE,Lake Texoma,33.818233,-96.559938,True,reservable,20,True,True,False,True,True,,False,https://www.recreation.gov/camping/campgrounds/10041284,
10041304,Deep Creek Campground,NC,NPS,Great Smoky Mountains National Park,35.460938,-83.434393,True,reservable,92,False,False,False,True,True,,False,https://www.recreation.gov/camping/campgrounds/10041304,https://www.nps.gov/grsm/planyourvisit/deep-creek-campground.htm
10041410,Painted Rock Petroglyph Campground,AZ,BLM,Lower Sonoran Field Office,33.024370,-113.045430,True,reservable,64,False,False,False,True,True,,False,https://www.recreation.gov/camping/campgrounds/10041410,
10041495,Sunset Bay,OK,USACE,Heyburn Lake,35.946669,-96.306760,True,reservable,14,False,False,False,True,True,45,False,https://www.recreation.gov/camping/campgrounds/10041495,
10041510,Walnut Creek,OK,USACE,Keystone Lake,36.252782,-96.279967,True,reservable,53,True,True,True,True,True,50,False,https://www.recreation.gov/camping/campgrounds/10041510,
10041866,Flamingo Campground,FL,NPS,Everglades National Park,25.137301,-80.939476,False,first-come,0,False,False,False,False,False,,False,,
10044710,Atwell Mill Campground,CA,NPS,Sequoia & Kings Canyon National Parks,36.464744,-118.667181,True,reservable,22,False,False,False,True,True,20,False,https://www.recreation.gov/camping/campgrounds/10044710,https://www.nps.gov/seki/planyourvisit/atwell.htm
10044761,Moraine Campground,CA,NPS,Sequoia & Kings Canyon National Parks,36.784487,-118.661091,True,reservable,121,False,False,False,True,True,66,False,https://www.recreation.gov/camping/campgrounds/10044761,
10044765,Sheep Creek Campground,CA,NPS,Sequoia & Kings Canyon National Parks,36.784503,-118.661089,True,reservable,111,False,False,False,True,True,97,False,https://www.recreation.gov/camping/campgrounds/10044765,https://www.nps.gov/seki/planyourvisit/sheep_creek.htm
10046288,Pat's Bluff,MS,USACE,Sardis Lake,34.420628,-89.732477,True,reservable,16,True,True,False,True,True,,False,https://www.recreation.gov/camping/campgrounds/10046288,
10046512,Beehives Primitive Campground,AZ,NPS,Glen Canyon National Recreation Area,36.938243,-111.496291,False,first-come,0,False,False,False,False,False,,False,,https://www.pay.gov/public/form/start/1578620920
10046897,Riggs Lake,AZ,FS,Coronado National Forest,32.708475,-109.962339,True,reservable,1,False,False,False,True,False,40,False,https://www.recreation.gov/camping/campgrounds/10046897,
10046915,Mortimer Campground,NC,FS,National Forests in North Carolina,35.991078,-81.761275,True,reservable,17,False,False,False,True,True,,False,https://www.recreation.gov/camping/campgrounds/10046915,
10046933,Hobo Campground,CA,FS,Sequoia National Forest,35.574459,-118.528778,True,reservable,25,False,False,False,True,True,17,False,https://www.recreation.gov/camping/campgrounds/10046933,
10046989,Bear River Campground,UT,FS,Uinta-Wasatch-Cache National Forest,40.910075,-110.830017,True,reservable,5,False,False,False,True,True,20,False,https://www.recreation.gov/camping/campgrounds/10046989,
10046994,Beaver View Campground,UT,FS,Uinta-Wasatch-Cache National Forest,40.825493,-110.862823,True,reservable,19,False,False,False,True,True,45,False,https://www.recreation.gov/camping/campgrounds/10046994,
10047013,Botts Campground,UT,FS,Uinta-Wasatch-Cache National Forest,41.277174,-111.658159,True,reservable,9,False,False,False,True,True,,False,https://www.recreation.gov/camping/campgrounds/10047013,
10047031,Butterfly Campground,UT,FS,Uinta-Wasatch-Cache National Forest,40.720648,-110.866996,True,reservable,21,False,False,False,True,True,,False,https://www.recreation.gov/camping/campgrounds/10047031,
10047057,China Meadows Trailhead Campground,UT,FS,Uinta-Wasatch-Cache National Forest,40.922975,-110.404517,True,reservable,17,False,False,False,True,True,12,False,https://www.recreation.gov/camping/campgrounds/10047057,
10047085,Brandy Creek RV Campground,CA,NPS,Whiskeytown National Recreation Area,40.613599,-122.602266,True,reservable,15,False,False,False,True,False,,False,https://www.recreation.gov/camping/campgrounds/10047085,https://www.nps.gov/whis/planyourvisit/brandy-creek-rv.htm
10047120,Lake Ottawa Campground,MI,FS,Ottawa National Forest,46.075046,-88.765882,True,partly,32,False,False,False,True,True,,False,https://www.recreation.gov/camping/campgrounds/10047120,
10047182,Warner Valley Campground,CA,NPS,Lassen Volcanic National Park,40.442257,-121.395694,True,reservable,17,False,False,False,True,True,,False,https://www.recreation.gov/camping/campgrounds/10047182,https://lassenlodging.com/warner-campground/
10047884,Deadhorse Trailhead Campground,WY,FS,Uinta-Wasatch-Cache National Forest,41.033706,-110.366206,True,reservable,5,False,False,False,True,True,30,False,https://www.recreation.gov/camping/campgrounds/10047884,
10047895,Hayden Fork Campground,UT,FS,Uinta-Wasatch-Cache National Forest,40.830388,-110.853735,True,reservable,10,False,False,False,True,True,20,False,https://www.recreation.gov/camping/campgrounds/10047895,
10047913,Hoop Lake Campground,UT,FS,Uinta-Wasatch-Cache National Forest,40.925876,-110.123262,True,reservable,46,False,False,False,True,True,25,False,https://www.recreation.gov/camping/campgrounds/10047913,
10047958,Lewis M. Turner Campground,UT,FS,Uinta-Wasatch-Cache National Forest,41.885144,-111.571436,True,reservable,11,False,False,False,True,True,45,False,https://www.recreation.gov/camping/campgrounds/10047958,
10047969,Lilly Lake Campground,UT,FS,Uinta-Wasatch-Cache National Forest,40.680551,-110.938565,True,reservable,15,False,False,False,True,True,50,False,https://www.recreation.gov/camping/campgrounds/10047969,
10047984,Little Lyman Lake Campground,UT,FS,Uinta-Wasatch-Cache National Forest,40.934792,-110.612283,True,reservable,11,False,False,False,True,True,,False,https://www.recreation.gov/camping/campgrounds/10047984,
10047995,Magpie Campground,UT,FS,Uinta-Wasatch-Cache National Forest,41.270264,-111.667206,True,reservable,12,False,False,False,True,True,20,False,https://www.recreation.gov/camping/campgrounds/10047995,
10048006,Maple Bench Campground,UT,FS,Uinta-Wasatch-Cache National Forest,39.963000,-111.692399,True,reservable,11,False,False,False,True,True,,False,https://www.recreation.gov/camping/campgrounds/10048006,
10048017,Maple Lake Campground,UT,FS,Uinta-Wasatch-Cache National Forest,39.955631,-111.691253,True,reservable,11,False,False,False,True,True,,False,https://www.recreation.gov/camping/campgrounds/10048017,
10048028,Meeks Cabin Campground,WY,FS,Uinta-Wasatch-Cache National Forest,41.005205,-110.583369,True,reservable,26,False,False,False,True,True,65,False,https://www.recreation.gov/camping/campgrounds/10048028,
10048053,Pioneer Campground,UT,FS,Uinta-Wasatch-Cache National Forest,41.628894,-111.693017,True,reservable,20,False,False,False,True,True,35,False,https://www.recreation.gov/camping/campgrounds/10048053,
10048073,Preston Valley Campground,UT,FS,Uinta-Wasatch-Cache National Forest,41.773639,-111.654881,True,reservable,10,False,False,False,True,True,,False,https://www.recreation.gov/camping/campgrounds/10048073,
10048096,Shady Dell Campground,UT,FS,Uinta-Wasatch-Cache National Forest,40.590114,-111.015751,True,reservable,22,False,False,False,True,True,88,False,https://www.recreation.gov/camping/campgrounds/10048096,
10048127,Shingle Creek ATV Campground,UT,FS,Uinta-Wasatch-Cache National Forest,40.614961,-111.129753,True,reservable,22,False,False,False,True,True,,False,https://www.recreation.gov/camping/campgrounds/10048127,
10048149,Smithfield Campground,UT,FS,Uinta-Wasatch-Cache National Forest,41.870342,-111.754164,True,reservable,7,False,False,False,True,True,,False,https://www.recreation.gov/camping/campgrounds/10048149,
10048156,Spring Campground,UT,FS,Uinta-Wasatch-Cache National Forest,41.661903,-111.654028,True,reservable,4,False,False,False,True,True,,False,https://www.recreation.gov/camping/campgrounds/10048156,
10048160,Upper Meadows Campground,UT,FS,Uinta-Wasatch-Cache National Forest,41.290907,-111.635696,True,reservable,10,False,False,False,True,True,,False,https://www.recreation.gov/camping/campgrounds/10048160,
10048170,Cobblerest Campground,UT,FS,Uinta-Wasatch-Cache National Forest,40.595014,-110.975567,True,reservable,19,False,False,False,True,True,,False,https://www.recreation.gov/camping/campgrounds/10048170,
10048189,Cottonwood Campground - Slrd,UT,FS,Uinta-Wasatch-Cache National Forest,40.501878,-112.559611,True,reservable,5,False,False,False,True,True,,False,https://www.recreation.gov/camping/campgrounds/10048189,
10048198,Intake Campground,UT,FS,Uinta-Wasatch-Cache National Forest,40.498006,-112.571064,True,reservable,6,False,False,False,True,True,,False,https://www.recreation.gov/camping/campgrounds/10048198,
10048215,Loop Campground,UT,FS,Uinta-Wasatch-Cache National Forest,40.487897,-112.603181,True,reservable,15,False,False,False,True,True,,False,https://www.recreation.gov/camping/campgrounds/10048215,
10048229,Lower Meadows Campground,UT,FS,Uinta-Wasatch-Cache National Forest,41.286623,-111.643195,True,reservable,25,False,False,False,True,True,,False,https://www.recreation.gov/camping/campgrounds/10048229,
10048253,Lower Narrows Campground,UT,FS,Uinta-Wasatch-Cache National Forest,40.492096,-112.591355,True,reservable,4,False,False,False,True,True,,False,https://www.recreation.gov/camping/campgrounds/10048253,
10048257,Lower Provo Campground,UT,FS,Uinta-Wasatch-Cache National Forest,40.593483,-111.118394,True,reservable,11,False,False,False,True,True,70,False,https://www.recreation.gov/camping/campgrounds/10048257,
10048873,Willows Campground,UT,FS,Uinta-Wasatch-Cache National Forest,41.292013,-111.634697,True,reservable,19,False,False,False,True,True,,False,https://www.recreation.gov/camping/campgrounds/10048873,
10048891,Wolverine ATV Trailhead Campground,UT,FS,Uinta-Wasatch-Cache National Forest,40.846399,-110.814763,True,reservable,7,False,False,False,True,True,38,False,https://www.recreation.gov/camping/campgrounds/10048891,
10048898,Yellow Pine Campground,UT,FS,Uinta-Wasatch-Cache National Forest,40.629563,-111.175069,True,reservable,34,False,False,False,True,True,,False,https://www.recreation.gov/camping/campgrounds/10048898,
10048953,Lodge Campground,UT,FS,Uinta-Wasatch-Cache National Forest,41.777858,-111.620144,True,reservable,11,False,False,False,True,True,15,False,https://www.recreation.gov/camping/campgrounds/10048953,
10048964,Boulder Beach Group Campsites,NV,NPS,Lake Mead National Recreation Area,36.036026,-114.803411,True,reservable,5,False,False,False,True,True,,False,https://www.recreation.gov/camping/campgrounds/10048964,
10048983,Mammoth Cave Backcountry Camping,KY,NPS,Mammoth Cave National Park,37.197605,-86.130902,True,reservable,94,False,False,False,True,True,,False,https://www.recreation.gov/camping/campgrounds/10048983,
10048998,Horseshoe Road Recreation Area,CA,USACE,Stanislaus River Parks,37.779158,-120.843304,True,reservable,15,False,False,False,True,False,,False,https://www.recreation.gov/camping/campgrounds/10048998,
10049020,Upper Manistee River Backcountry Campsites,MI,FS,Huron-Manistee National Forests,44.283861,-85.861844,True,reservable,11,False,False,False,True,True,20,False,https://www.recreation.gov/camping/campgrounds/10049020,
10049270,Backpackers,CA,FS,Stanislaus National Forest,38.478305,-120.003030,True,reservable,8,False,False,False,True,True,,False,https://www.recreation.gov/camping/campgrounds/10049270,
10049271,Lone Point Group Camp,IL,USACE,Lake Shelbyville,39.416498,-88.779661,True,reservable,1,True,True,True,True,True,,False,https://www.recreation.gov/camping/campgrounds/10049271,
10049272,Oak Grove,MS,USACE,Sardis Lake,34.406431,-89.797922,True,reservable,83,True,True,True,True,True,,False,https://www.recreation.gov/camping/campgrounds/10049272,
10049273,Pinon Campground,NM,FS,Gila National Forest,34.138103,-108.483553,True,partly,25,False,False,False,True,True,,False,https://www.recreation.gov/camping/campgrounds/10049273,
10049434,Clear Creek,AR,USACE,Ozark Lake,35.436641,-94.169887,True,reservable,39,True,True,False,True,True,56,False,https://www.recreation.gov/camping/campgrounds/10049434,
10049525,Northshore Campground,CA,FS,Eldorado National Forest,38.999568,-120.318717,True,partly,25,False,False,False,True,True,,False,https://www.recreation.gov/camping/campgrounds/10049525,
10049551,Wood Camp,UT,FS,Uinta-Wasatch-Cache National Forest,41.773639,-111.654881,True,reservable,7,False,False,False,True,True,15,False,https://www.recreation.gov/camping/campgrounds/10049551,
10050235,Blue Ridge Park,AR,USACE,Dierks Lake,34.193440,-94.092050,True,reservable,21,True,True,False,False,True,,False,https://www.recreation.gov/camping/campgrounds/10050235,
10050257,Horseshoe Bend,AR,USACE,Dierks Lake,34.147640,-94.087650,True,reservable,13,True,True,False,False,True,45,False,https://www.recreation.gov/camping/campgrounds/10050257,
10050273,West End Tent And Trailer Campground,MT,USACE,Fort Peck Project,47.995060,-106.498017,False,first-come,33,True,False,False,True,True,45,False,,
10050606,Beard's Lake Park,AR,USACE,Millwood Lake,33.694571,-93.960855,True,reservable,8,True,True,False,True,True,,False,https://www.recreation.gov/camping/campgrounds/10050606,
10050743,Fawn Creek Youth Campground,OK,FWS,Wichita Mountains Wildlife Refuge,34.710020,-98.619116,True,reservable,4,False,False,False,True,True,,False,https://www.recreation.gov/camping/campgrounds/10050743,
10052147,Stephens Park,AR,USACE,Lake Ouachita,34.570560,-93.190215,True,reservable,10,True,True,True,True,True,20,False,https://www.recreation.gov/camping/campgrounds/10052147,
10052157,South Abutment East,LA,USACE,Bayou Bodcau Reservoir,32.704386,-93.513845,True,reservable,12,False,False,False,True,True,,False,https://www.recreation.gov/camping/campgrounds/10052157,
10052170,Tom Merrill Recreation Area,LA,USACE,Bayou Bodcau Reservoir,32.704386,-93.513845,True,reservable,21,True,True,False,True,True,,False,https://www.recreation.gov/camping/campgrounds/10052170,
10052192,Wenks Landing,LA,USACE,Bayou Bodcau Reservoir,32.704386,-93.513845,True,reservable,11,False,False,False,True,True,,False,https://www.recreation.gov/camping/campgrounds/10052192,
10052227,Juniper Campground,NM,FS,Gila National Forest,34.137543,-108.489190,True,partly,36,True,True,False,True,True,,False,https://www.recreation.gov/camping/campgrounds/10052227,
10052246,Saratoga Park,AR,USACE,Millwood Lake,33.694571,-93.960855,True,reservable,17,True,True,False,True,True,,False,https://www.recreation.gov/camping/campgrounds/10052246,
10052592,Sardis Cove,OK,USACE,Sardis Lake,34.628330,-95.350000,True,reservable,45,True,True,False,True,True,,False,https://www.recreation.gov/camping/campgrounds/10052592,
10052638,Redbud Bay,OK,USACE,Oologah Lake,36.426817,-95.678115,True,reservable,11,True,True,False,True,True,,False,https://www.recreation.gov/camping/campgrounds/10052638,
10052650,Tortilla Campground,AZ,FS,Tonto National Forest,33.529870,-111.398440,True,partly,76,False,True,True,True,True,32,False,https://www.recreation.gov/camping/campgrounds/10052650,
10053715,Bryant Campground,MS,USACE,Grenada Lake,33.808330,-89.771670,True,reservable,6,True,True,False,True,True,,False,https://www.recreation.gov/camping/campgrounds/10053715,
10053722,Gums Crossing Campground,MS,USACE,Grenada Lake,33.808330,-89.771670,True,reservable,6,True,True,False,True,True,,False,https://www.recreation.gov/camping/campgrounds/10053722,
10053729,Little Fir,AR,USACE,Lake Ouachita,34.632064,-93.470246,True,reservable,29,True,True,False,True,True,40,False,https://www.recreation.gov/camping/campgrounds/10053729,
10053759,Hurricane Landing,MS,USACE,Sardis Lake,34.493657,-89.585505,True,reservable,19,True,True,False,True,True,39,False,https://www.recreation.gov/camping/campgrounds/10053759,
10053779,Indian Cove Group,CA,NPS,Joshua Tree National Park,34.093020,-116.157520,True,reservable,13,False,False,False,True,True,24,False,https://www.recreation.gov/camping/campgrounds/10053779,
10053793,Pat Mayse East,TX,USACE,Pat Mayse Lake,33.853330,-95.548330,True,reservable,26,True,True,False,True,True,100,False,https://www.recreation.gov/camping/campgrounds/10053793,
10054654,Spadra,AR,USACE,Dardanelle Lake,35.426663,-93.471427,True,reservable,24,True,True,False,True,True,,False,https://www.recreation.gov/camping/campgrounds/10054654,
10054678,Cherokee Campground,AR,USACE,Greers Ferry Lake,35.524755,-91.998240,True,reservable,32,True,False,False,True,True,64,False,https://www.recreation.gov/camping/campgrounds/10054678,
10054711,Cove Creek,AR,USACE,Greers Ferry Lake,35.524755,-91.998240,True,reservable,63,True,False,False,True,True,77,False,https://www.recreation.gov/camping/campgrounds/10054711,
10054775,Mill Creek,AR,USACE,Greers Ferry Lake,35.524755,-91.998240,True,reservable,36,False,False,False,True,True,,False,https://www.recreation.gov/camping/campgrounds/10054775,
10056207,Ryan Campground,CA,NPS,Joshua Tree National Park,33.983140,-116.154510,True,reservable,37,False,False,False,True,True,32,False,https://www.recreation.gov/camping/campgrounds/10056207,https://www.nps.gov/jotr/planyourvisit/ryan-campground.htm
10056245,Paint Creek Campground,TN,FS,Cherokee National Forest,35.978395,-82.844506,True,reservable,21,True,True,False,True,True,,False,https://www.recreation.gov/camping/campgrounds/10056245,
10056267,Bussey Point Campground,SC,USACE,J. Strom Thurmond Lake,33.661667,-82.197222,True,reservable,14,False,False,False,True,True,,False,https://www.recreation.gov/camping/campgrounds/10056267,
10056282,Leroys Ferry Campground,SC,USACE,J. Strom Thurmond Lake,33.661667,-82.197222,True,reservable,10,False,False,False,True,True,,False,https://www.recreation.gov/camping/campgrounds/10056282,
10057827,Bagley Rapids Campground,WI,FS,Chequamegon-Nicolet NF,45.157511,-88.465886,True,reservable,31,False,False,False,True,True,45,False,https://www.recreation.gov/camping/campgrounds/10057827,
10058090,Self Creek,AR,USACE,Lake Greeson,34.148330,-93.715000,True,reservable,72,True,True,False,True,True,50,False,https://www.recreation.gov/camping/campgrounds/10058090,
10058234,Dam Area,AR,USACE,Lake Greeson,34.148330,-93.715000,True,reservable,24,True,True,True,True,True,65,False,https://www.recreation.gov/camping/campgrounds/10058234,
10058259,School Creek Camground,KS,USACE,Milford Lake,39.083330,-96.895000,True,reservable,39,False,False,False,False,False,60,False,https://www.recreation.gov/camping/campgrounds/10058259,
10058299,Timber Creek Park,KS,USACE,Milford Lake,39.083330,-96.895000,True,reservable,21,False,False,False,True,True,48,False,https://www.recreation.gov/camping/campgrounds/10058299,
10060225,Ford's Well,MS,USACE,Enid Lake,34.163727,-89.824631,True,reservable,19,True,True,True,True,True,,False,https://www.recreation.gov/camping/campgrounds/10060225,
10060244,Crescent Lake Yurts,OR,FS,Deschutes National Forest,43.503220,-121.974550,True,reservable,3,False,False,False,False,True,36,False,https://www.recreation.gov/camping/campgrounds/10060244,
10060251,Rob Jagger's Campground,NM,BLM,Fort Stanton-Snowy River Cave National Conservation Area,33.513758,-105.511612,True,reservable,55,True,True,False,True,True,,False,https://www.recreation.gov/camping/campgrounds/10060251,
10060263,Valley Of Fires Recreation Area,NM,BLM,Valley of Fires,33.684800,-105.920010,True,reservable,27,True,True,False,True,True,40,False,https://www.recreation.gov/camping/campgrounds/10060263,
10060885,Lund Park Campground,OR,FS,Umpqua National Forest,43.650626,-122.679232,True,reservable,10,False,False,False,True,True,,False,https://www.recreation.gov/camping/campgrounds/10060885,
10060948,Cavitt Creek Falls Recreation Site,OR,BLM,North Umpqua Wild and Scenic River ,43.200040,-123.021670,True,reservable,10,False,False,False,True,False,34,False,https://www.recreation.gov/camping/campgrounds/10060948,
10060971,Canyonlands National Park Needles District Group Campsites,UT,NPS,Canyonlands National Park,38.245558,-109.880162,True,reservable,3,False,False,False,True,True,25,False,https://www.recreation.gov/camping/campgrounds/10060971,
10064530,Panther Bay Park,AR,USACE,Norfork Lake,36.370514,-92.250563,True,reservable,16,True,True,False,True,True,68,False,https://www.recreation.gov/camping/campgrounds/10064530,
10064546,River Run Park,MO,USACE,Bull Shoals Lake,36.679967,-93.101629,True,reservable,32,True,True,False,True,True,45,False,https://www.recreation.gov/camping/campgrounds/10064546,
10064579,Udall Park,MO,USACE,Norfork Lake,36.544361,-92.282473,True,reservable,9,False,True,False,True,True,72,False,https://www.recreation.gov/camping/campgrounds/10064579,
10064643,Evans Campground,WA,NPS,Lake Roosevelt National Recreation Area,48.698247,-118.017610,True,reservable,44,False,False,False,True,True,60,False,https://www.recreation.gov/camping/campgrounds/10064643,https://www.nps.gov/laro/planyourvisit/cg-evans.htm
10064687,Gifford Campground,WA,NPS,Lake Roosevelt National Recreation Area,48.288223,-118.143881,True,reservable,42,False,False,False,True,True,64,False,https://www.recreation.gov/camping/campgrounds/10064687,https://www.nps.gov/laro/planyourvisit/cg-gifford.htm
10064730,Hunters Campground,WA,NPS,Lake Roosevelt National Recreation Area,48.125440,-118.230877,True,reservable,37,False,False,False,True,True,60,False,https://www.recreation.gov/camping/campgrounds/10064730,https://www.nps.gov/laro/planyourvisit/cg-hunters.htm
10064768,Porcupine Bay Campground,WA,NPS,Lake Roosevelt National Recreation Area,48.171487,-118.351371,True,reservable,20,False,False,False,True,True,44,False,https://www.recreation.gov/camping/campgrounds/10064768,https://www.nps.gov/laro/planyourvisit/cg-porcupinebay.htm
10067302,Oakland Park,AR,USACE,Bull Shoals Lake,36.443291,-92.627942,True,reservable,33,True,True,False,True,True,45,False,https://www.recreation.gov/camping/campgrounds/10067302,
10067346,Haypress Campground,CA,NPS,Golden Gate National Recreation Area,37.860800,-122.545800,True,reservable,6,False,False,False,False,False,,False,https://www.recreation.gov/camping/campgrounds/10067346,https://www.recreation.gov/camping/campgrounds/10067346
10068459,Callville Bay Campground,NV,NPS,Lake Mead National Recreation Area,36.139439,-114.727090,True,reservable,52,False,False,False,True,True,,False,https://www.recreation.gov/camping/campgrounds/10068459,https://www.recreation.gov/camping/campgrounds/10068459
10068557,Hosmer Grove Campground,HI,NPS,Haleakalā National Park,20.706930,-156.159177,True,reservable,6,False,False,False,False,False,,False,https://www.recreation.gov/camping/campgrounds/10068557,https://www.nps.gov/hale/planyourvisit/drive-up-camping.htm
10068563,Kipahulu Campground,HI,NPS,Haleakalā National Park,20.706930,-156.159177,True,reservable,21,False,False,False,True,False,,False,https://www.recreation.gov/camping/campgrounds/10068563,
10068584,Paraloma Park,AR,USACE,Millwood Lake,33.788993,-94.010749,True,reservable,30,True,True,False,True,True,,False,https://www.recreation.gov/camping/campgrounds/10068584,
10070059,Morefield Campground,CO,NPS,Mesa Verde National Park,37.301499,-108.417912,False,first-come,267,False,False,False,False,False,,False,,https://www.nps.gov/meve/planyourvisit/camping.htm
10071707,Buckhorn Campground Loop A,OK,NPS,Chickasaw National Recreation Area,34.429670,-96.988111,False,first-come,0,False,False,False,False,False,,False,,https://www.nps.gov/chic/planyourvisit/campgrounds.htm
10074384,Bow Creek Primitive Camping,NE,NPS,Missouri National Recreational River,42.777600,-97.148100,False,first-come,0,False,False,False,False,False,,False,,https://www.nps.gov/mnrr/planyourvisit/campgrounds.htm
10074943,Green Island Primitive Camping,NE,NPS,Missouri National Recreational River,42.863815,-97.403309,False,first-come,0,False,False,False,False,False,,False,,https://www.nps.gov/mnrr/planyourvisit/campgrounds.htm
10075120,Boulder Beach Campground,NV,NPS,Lake Mead National Recreation Area,36.037088,-114.801748,True,reservable,136,False,False,False,True,True,50,False,https://www.recreation.gov/camping/campgrounds/10075120,https://www.recreation.gov/camping/campgrounds/10075120
10075391,Deep Hole Recreation Area,GA,FS,Chattahoochee-Oconee National Forest,34.739723,-84.140072,True,reservable,9,False,False,False,True,True,,False,https://www.recreation.gov/camping/campgrounds/10075391,
10075409,Bluff Landing,OK,USACE,Arkansas River - Newt Graham Pool,36.061110,-95.534940,True,reservable,31,True,True,False,True,True,45,False,https://www.recreation.gov/camping/campgrounds/10075409,
10075441,Deer Island,VA,USACE,Philpott Lake,36.781164,-80.023695,True,reservable,22,False,False,False,True,True,,False,https://www.recreation.gov/camping/campgrounds/10075441,
10075637,Goat Island Primitive Camping,NE,NPS,Missouri National Recreational River,42.765746,-97.066858,False,first-come,0,False,False,False,False,False,,False,,https://www.nps.gov/mnrr/planyourvisit/campgrounds.htm
10077451,Dru Barner Campground,CA,FS,Eldorado National Forest,38.942886,-120.764012,True,reservable,49,False,False,False,True,True,50,False,https://www.recreation.gov/camping/campgrounds/10077451,
10077501,Panchuela,NM,FS,Santa Fe National Forest,35.829844,-105.664173,True,partly,6,False,False,False,True,True,,False,https://www.recreation.gov/camping/campgrounds/10077501,
10078979,Elliot Key Campground,FL,NPS,Biscayne National Park,25.453166,-80.196438,False,first-come,99,False,False,False,True,False,,False,,
10082227,Mcfadden Cove,OK,USACE,Kaw Lake,36.700901,-96.934076,True,reservable,15,True,True,False,True,True,,False,https://www.recreation.gov/camping/campgrounds/10082227,
10082283,Las Vegas Bay Campground,NV,NPS,Lake Mead National Recreation Area,36.128119,-114.872791,True,reservable,86,False,False,False,True,True,,False,https://www.recreation.gov/camping/campgrounds/10082283,https://www.recreation.gov/camping/campgrounds/10082283
10083567,White Wolf Campground,CA,NPS,Yosemite National Park,37.870300,-119.648300,True,reservable,74,False,False,False,True,True,27,False,https://www.recreation.gov/camping/campgrounds/10083567,https://www.nps.gov/yose/planyourvisit/wwcamp.htm
10083831,Porcupine Flat Campground,CA,NPS,Yosemite National Park,37.808200,-119.565700,True,reservable,56,False,False,False,True,True,24,False,https://www.recreation.gov/camping/campgrounds/10083831,https://www.nps.gov/yose/planyourvisit/porcupinecamp.htm
10083840,Yosemite Creek Campground,CA,NPS,Yosemite National Park,37.826300,-119.598300,True,reservable,76,False,False,False,True,True,20,False,https://www.recreation.gov/camping/campgrounds/10083840,https://www.nps.gov/yose/planyourvisit/ycreekcamp.htm
10083845,Tamarack Flat Campground,CA,NPS,Yosemite National Park,37.751700,-119.736200,True,reservable,54,False,False,False,True,True,20,False,https://www.recreation.gov/camping/campgrounds/10083845,https://www.nps.gov/yose/planyourvisit/tamarack.htm
10085536,Sanford Yake Campground,TX,NPS,Lake Meredith National Recreation Area,35.413937,-101.333084,False,first-come,0,False,False,False,False,False,,False,,https://www.nps.gov/lamr/planyourvisit/camping.htm
10085599,Baker Dam Campground,UT,BLM,,37.377428,-113.643680,True,reservable,18,False,False,False,True,True,,False,https://www.recreation.gov/camping/campgrounds/10085599,
10085626,Temple Bar Campground,AZ,NPS,Lake Mead National Recreation Area,36.030318,-114.324852,True,reservable,71,False,False,False,True,True,,False,https://www.recreation.gov/camping/campgrounds/10085626,https://www.recreation.gov/camping/campgrounds/10085626
10086085,Bee Run Campground,WV,USACE,Sutton Lake,38.668069,-80.677456,True,reservable,13,False,False,False,True,True,,False,https://www.recreation.gov/camping/campgrounds/10086085,
10086087,South Area Campground,NM,USACE,Conchas Lake,35.377427,-104.192391,True,reservable,20,False,True,False,True,True,,False,https://www.recreation.gov/camping/campgrounds/10086087,
10086109,Virgin River Canyon Recreation Area,AZ,BLM,Virgin River Canyon Recreation Area (P),36.951117,-113.793460,True,reservable,111,False,False,False,True,True,130,False,https://www.recreation.gov/camping/campgrounds/10086109,
10088154,Medano Pass Primitive Road Campsites,CO,NPS,Great Sand Dunes National Park & Preserve,37.803519,-105.495654,False,first-come,0,False,False,False,False,False,,True,,https://www.nps.gov/grsa/planyourvisit/medano-pass-road.htm
10088563,Wheeler Peak Campground,NV,NPS,Great Basin National Park,39.010910,-114.304400,True,reservable,36,False,True,False,True,True,24,False,https://www.recreation.gov/camping/campgrounds/10088563,https://www.nps.gov/grba/planyourvisit/campgrounds.htm
10091427,Ponderosa Campground,CO,NPS,Curecanti National Recreation Area,38.525708,-107.314899,True,reservable,30,False,False,False,True,True,,False,https://www.recreation.gov/camping/campgrounds/10091427,
10091755,Grapevine Campground,MT,NPS,Bighorn Canyon National Recreation Area,45.317853,-107.940163,False,first-come,0,False,False,False,False,False,,False,,https://www.nps.gov/bica/planyourvisit/grapevine-campground.htm
10092282,Beaver Point,OK,USACE,Fort Supply Lake,36.543624,-99.553655,True,partly,16,False,False,False,True,True,,False,https://www.recreation.gov/camping/campgrounds/10092282,
10094054,Dayboard 9 Campground,MT,NPS,Bighorn Canyon National Recreation Area,45.265165,-108.002852,False,first-come,0,False,False,False,False,False,,False,,https://www.nps.gov/bica/planyourvisit/day-board-nine.htm
10096541,Smoky Mountain Campground,ID,NPS,City Of Rocks National Reserve,42.075550,-113.651634,False,first-come,0,False,False,False,False,False,,False,,https://www.nps.gov/ciro/planyourvisit/smoky-mountain-campground.htm
10097420,Colorado River Primitive Camping Between Glen Canyon Dam And Lees Ferry,AZ,NPS,Glen Canyon National Recreation Area,36.866189,-111.586686,False,first-come,0,False,False,False,False,False,,False,,https://www.nps.gov/glca/planyourvisit/kayaking.htm
10098538,Dorr Skeels Campground,MT,FS,Kootenai National Forest,48.267620,-115.854180,True,reservable,10,False,False,False,True,True,,False,https://www.recreation.gov/camping/campgrounds/10098538,
10098564,Clear Creek Group Campground,NM,FS,Santa Fe National Forest,35.997353,-106.827211,True,reservable,1,False,False,False,True,True,40,False,https://www.recreation.gov/camping/campgrounds/10098564,
10099486,Paliza Group Campground,NM,FS,Santa Fe National Forest,35.697248,-106.634199,True,reservable,2,False,False,False,True,True,24,False,https://www.recreation.gov/camping/campgrounds/10099486,
10101324,Harlequin Campground,WA,NPS,North Cascades National Park,48.347744,-120.713821,True,reservable,8,False,False,False,True,True,,False,https://www.recreation.gov/camping/campgrounds/10101324,https://www.recreation.gov/camping/campgrounds/10101324
10101362,Lower Lehman Creek Campground,NV,NPS,Great Basin National Park,39.016457,-114.239727,True,reservable,20,False,False,False,True,True,80,False,https://www.recreation.gov/camping/campgrounds/10101362,https://www.nps.gov/grba/planyourvisit/campgrounds.htm
10101374,Upper Lehman Creek Campground,NV,NPS,Great Basin National Park,39.013198,-114.248850,True,reservable,23,False,False,False,True,True,80,False,https://www.recreation.gov/camping/campgrounds/10101374,https://www.nps.gov/grba/planyourvisit/campgrounds.htm
10102635,Guadalupe Peak,TX,NPS,Guadalupe Mountains National Park,31.893495,-104.851807,False,first-come,0,False,False,False,False,False,,False,,
10103161,Kalama Horse Camp,WA,FS,Gifford Pinchot National Forest,46.142931,-122.324099,True,reservable,27,False,False,False,True,True,,False,https://www.recreation.gov/camping/campgrounds/10103161,
10104078,Tejas Wilderness Campground,TX,NPS,Guadalupe Mountains National Park,31.937352,-104.850509,False,first-come,0,False,False,False,False,False,,False,,https://www.nps.gov/gumo/planyourvisit/ts_wcg.htm
10104621,Frijole Horse Corral Campground,TX,NPS,Guadalupe Mountains National Park,31.899444,-104.799722,True,reservable,1,False,False,False,True,False,35,False,https://www.recreation.gov/camping/campgrounds/10104621,https://www.recreation.gov/camping/campgrounds/10104621
10104815,Cimarron Campground,CO,NPS,Curecanti National Recreation Area,38.443333,-107.555277,False,first-come,23,False,False,False,True,True,,False,,https://www.nps.gov/cure/planyourvisit/camp_cimarron.htm
10104819,East Portal Campground,CO,NPS,Curecanti National Recreation Area,38.527060,-107.649484,True,reservable,16,False,False,False,True,True,,False,https://www.recreation.gov/camping/campgrounds/10104819,https://www.nps.gov/cure/planyourvisit/camp_east_portal.htm
10107342,Timber Hill Park,KS,USACE,Big Hill Lake,37.295509,-95.447732,True,reservable,20,False,False,False,True,True,30,False,https://www.recreation.gov/camping/campgrounds/10107342,
10107536,Jubilee Lake Campground,OR,FS,Umatilla National Forest,45.833907,-117.965041,True,partly,55,False,False,False,True,True,,False,https://www.recreation.gov/camping/campgrounds/10107536,
10107638,River Point Lolo Campground,MT,FS,Lolo National Forest,47.185097,-113.512366,True,reservable,28,False,False,False,True,True,56,False,https://www.recreation.gov/camping/campgrounds/10107638,
10107666,Rock Crossing Campground,AZ,FS,Coconino National Forest Recreation,34.564333,-111.218750,True,partly,35,False,False,False,True,True,35,False,https://www.recreation.gov/camping/campgrounds/10107666,
10108066,Namekagon District,WI,NPS,Saint Croix National Scenic Riverway,45.905263,-91.815991,False,first-come,0,False,False,False,False,False,,False,,https://www.nps.gov/sacn/planyourvisit/namekagon-river.htm
10108260,Middle St. Croix,WI,NPS,Saint Croix National Scenic Riverway,45.773341,-92.781074,False,first-come,0,False,False,False,False,False,,False,,https://www.nps.gov/sacn/planyourvisit/middlestcroix.htm
10108391,Echo Bay Campground,NV,NPS,Lake Mead National Recreation Area,36.308137,-114.436898,True,reservable,37,False,False,False,True,True,,False,https://www.recreation.gov/camping/campgrounds/10108391,
10109484,Dump Station,NV,NPS,Great Basin National Park,39.006544,-114.215989,False,first-come,0,False,False,False,False,False,,False,,
10110663,Quartz Flat Campground,MT,FS,Lolo National Forest,47.077130,-114.769330,True,partly,79,False,True,False,True,True,,False,https://www.recreation.gov/camping/campgrounds/10110663,
10110742,Sundew Campground,CA,FS,Plumas National Forest,39.900800,-121.202100,True,reservable,22,False,False,False,True,False,,False,https://www.recreation.gov/camping/campgrounds/10110742,
10111236,Trailer Village RV Park - South Rim,AZ,NPS,Grand Canyon National Park,36.052812,-112.115001,False,first-come,0,False,False,False,False,False,,False,,https://www.visitgrandcanyon.com/trailer-village-rv-park
10113176,Farley Canyon Primitive Camping Area,UT,NPS,Glen Canyon National Recreation Area,37.820006,-110.394528,False,first-come,0,False,False,False,False,False,,False,,https://www.pay.gov/public/form/start/1578620920
10113966,Blanchard Island Recreation Area,IL,USACE,Mississippi River - Pools 11-22,41.347496,-91.053715,True,partly,16,False,False,False,True,True,,False,https://www.recreation.gov/camping/campgrounds/10113966,
10114312,Gansner Bar Campground,CA,FS,Plumas National Forest,40.019900,-121.223100,True,reservable,14,False,False,False,True,True,,False,https://www.recreation.gov/camping/campgrounds/10114312,
10114327,Gold Lake Campground,CA,FS,Plumas National Forest,39.677400,-120.646100,True,reservable,38,False,False,False,True,False,,False,https://www.recreation.gov/camping/campgrounds/10114327,
10114366,Grizzly Creek Campground,CA,FS,Plumas National Forest,39.867200,-121.207100,True,reservable,11,False,False,False,True,False,,False,https://www.recreation.gov/camping/campgrounds/10114366,
10114392,Mill Creek Campground (Plumas),CA,FS,Plumas National Forest,39.913800,-121.188100,True,reservable,11,False,False,False,True,False,,False,https://www.recreation.gov/camping/campgrounds/10114392,
10114404,North Fork Campground (Plumas),CA,FS,Plumas National Forest,40.040100,-121.220100,True,reservable,22,False,False,False,True,False,,False,https://www.recreation.gov/camping/campgrounds/10114404,
10114427,Queen Lily Campground (Plumas),CA,FS,Plumas National Forest,40.045800,-121.218100,True,reservable,12,False,False,False,True,False,,False,https://www.recreation.gov/camping/campgrounds/10114427,
10116526,Three Sisters Group Site,MT,FS,Bitterroot National Forest,46.064330,-114.232124,True,reservable,1,False,False,False,True,True,,False,https://www.recreation.gov/camping/campgrounds/10116526,
10119398,Scaredman Recreation Site,OR,BLM,North Umpqua Wild and Scenic River ,43.379870,-122.761390,True,reservable,10,False,False,False,True,True,,False,https://www.recreation.gov/camping/campgrounds/10119398,
10119481,Afton Landing,OK,USACE,Arkansas River - Chouteau Lock and Dam,35.955744,-95.492425,True,reservable,23,True,True,False,True,True,,False,https://www.recreation.gov/camping/campgrounds/10119481,
10119505,Haleakalā National Park (Wilderness Tent Permit),HI,NPS,Haleakalā National Park,20.739881,-156.218414,True,reservable,10,False,False,False,False,False,,False,https://www.recreation.gov/camping/campgrounds/10119505,
10119575,Arrowhead Point,AR,USACE,Lake Greeson,34.245200,-93.805350,False,first-come,26,False,False,False,False,False,,False,,
10119602,Bear Creek,AR,USACE,Lake Greeson,34.236724,-93.667318,False,first-come,20,False,False,False,False,False,,False,,
10119623,Star Of The West,AR,USACE,Lake Greeson,34.240600,-93.832780,False,first-come,13,False,False,False,False,False,,False,,
10121051,South Core Banks -- Beach Camping,NC,NPS,Cape Lookout National Seashore,34.760556,-76.412222,False,first-come,0,False,False,False,False,False,,False,,https://go.nps.gov/x2s8yq
10122583,Bakers Run Campground,WV,USACE,Sutton Lake,38.614778,-80.567129,True,reservable,77,True,True,False,True,True,50,False,https://www.recreation.gov/camping/campgrounds/10122583,
10122661,Blue River Campground,CO,FS,White River National Forest,39.726021,-106.131125,True,reservable,24,False,False,False,True,True,,False,https://www.recreation.gov/camping/campgrounds/10122661,
10122709,Cow Creek North,CO,FS,White River National Forest,39.883519,-106.287661,True,reservable,12,False,False,False,True,True,,False,https://www.recreation.gov/camping/campgrounds/10122709,
10122722,East Branch Campground,PA,USACE,East Branch Clarion River Lake,41.560353,-78.599190,True,reservable,33,True,True,False,True,True,,False,https://www.recreation.gov/camping/campgrounds/10122722,
10122789,Elliott Creek Campground,CO,FS,White River National Forest,39.874238,-106.324978,True,reservable,20,False,False,False,True,True,30,False,https://www.recreation.gov/camping/campgrounds/10122789,
10122834,Willows Campground,CO,FS,White River National Forest,39.889444,-106.308333,True,reservable,21,False,False,False,True,True,25,False,https://www.recreation.gov/camping/campgrounds/10122834,
10123142,Lower St. Croix District,WI,NPS,Saint Croix National Scenic Riverway,45.253281,-92.760328,False,first-come,0,False,False,False,False,False,,False,,https://www.nps.gov/sacn/planyourvisit/lowerstcroix.htm
10123299,Upper Scorpion Campground,NM,NPS,Gila Cliff Dwellings National Monument,33.230499,-108.260996,False,first-come,10,False,False,False,False,False,,True,,https://www.nps.gov/gicl/planyourvisit/camping.htm
10123310,Lower Scorpion Campground,NM,NPS,Gila Cliff Dwellings National Monument,33.229944,-108.257570,False,first-come,7,False,False,False,False,False,,True,,https://www.nps.gov/gicl/planyourvisit/camping.htm
10124445,Crystal Springs Campground,CA,NPS,Sequoia & Kings Canyon National Parks,36.744675,-118.961786,True,reservable,35,False,False,False,True,True,41,False,https://www.recreation.gov/camping/campgrounds/10124445,
10124502,Azalea Campground,CA,NPS,Sequoia & Kings Canyon National Parks,36.743529,-118.965325,True,reservable,111,False,False,False,True,True,51,False,https://www.recreation.gov/camping/campgrounds/10124502,https://www.nps.gov/seki/planyourvisit/azalea.htm
10124953,Wolverton Stock Campsites,CA,NPS,Sequoia & Kings Canyon National Parks,36.712773,-118.587429,True,reservable,2,False,False,False,True,True,60,False,https://www.recreation.gov/camping/campgrounds/10124953,
10124956,Cherokee,AR,USACE,Arkansas River - Rockefeller Lake,35.130520,-92.786813,True,reservable,35,True,True,False,True,True,60,False,https://www.recreation.gov/camping/campgrounds/10124956,
10124992,Cliff Point,MT,FS,Beaverhead-Deerlodge National Forest,44.793080,-111.566880,True,reservable,7,False,False,False,True,True,16,False,https://www.recreation.gov/camping/campgrounds/10124992,
10125059,Prairie Point Campground,CO,FS,White River National Forest,39.842726,-106.231312,True,reservable,22,False,False,False,True,True,,False,https://www.recreation.gov/camping/campgrounds/10125059,
10125082,Wade Lake,MT,FS,Beaverhead-Deerlodge National Forest,44.805320,-111.572020,True,reservable,29,False,False,False,True,True,30,False,https://www.recreation.gov/camping/campgrounds/10125082,
10127021,Watch Hill Campground,NY,NPS,Fire Island National Seashore,40.691147,-72.986247,False,first-come,0,False,False,False,False,False,,False,,https://www.nps.gov/fiis/planyourvisit/camping.htm
10128465,Center Hill Lake Primitive Camping Areas,TN,USACE,Center Hill Lake,36.102344,-85.829826,True,reservable,21,False,False,False,True,True,,False,https://www.recreation.gov/camping/campgrounds/10128465,
10128487,Jacobs Creek Campground,TN,FS,Cherokee National Forest,36.561379,-82.000193,True,reservable,29,False,False,False,False,False,,False,https://www.recreation.gov/camping/campgrounds/10128487,
10130119,Lake Mead RV Village,NV,NPS,Lake Mead National Recreation Area,36.035030,-114.800453,False,first-come,0,False,False,False,False,False,,False,,https://lakemeadmohaveadventures.com/lake-mead-rv-village/
10130125,Callville Bay RV Park,NV,NPS,Lake Mead National Recreation Area,36.143263,-114.725594,False,first-come,0,False,False,False,False,False,,False,,https://callvillebay.com/lodging-rv-camp/
10130478,Silver Jack Campground,CO,FS,"Grand Mesa, Uncompahgre and Gunnison National Forest",38.236110,-107.537620,True,reservable,45,False,False,False,True,False,,False,https://www.recreation.gov/camping/campgrounds/10130478,
10130532,North Park,TX,USACE,Canyon Lake,29.875000,-98.205000,True,reservable,20,False,False,False,True,True,,False,https://www.recreation.gov/camping/campgrounds/10130532,
10132033,Bishop Park Campground,CA,FS,Inyo National Forest,37.244598,-118.594407,True,reservable,21,False,False,False,True,True,,False,https://www.recreation.gov/camping/campgrounds/10132033,
10132055,Forks Campground (Inyo),CA,FS,Inyo National Forest,37.254600,-118.579100,True,reservable,27,False,False,False,True,True,,False,https://www.recreation.gov/camping/campgrounds/10132055,
10132176,Ivan Oakes Campground,OR,USACE,Lookout Point Lake,43.876014,-122.672502,True,reservable,24,False,False,False,True,True,,False,https://www.recreation.gov/camping/campgrounds/10132176,
10132201,Rampart Range Recreation Area Designated Dispersed Camping,CO,FS,Pike and San Isabel National Forests & Cimarron and Comanche National Grasslands,39.377156,-105.094112,True,reservable,100,False,False,False,True,False,,False,https://www.recreation.gov/camping/campgrounds/10132201,
10133947,Lakeview Campground,AZ,FS,Coconino National Forest Recreation,35.066433,-111.494465,True,partly,31,False,False,False,True,True,50,False,https://www.recreation.gov/camping/campgrounds/10133947,
10134015,CCC Campground,ND,FS,Dakota Prairie National Grasslands,47.587142,-103.276520,True,partly,25,True,False,False,True,True,,False,https://www.recreation.gov/camping/campgrounds/10134015,
10134047,Eagle Creek Campground,MT,FS,Custer Gallatin National Forest,45.042949,-110.680848,True,reservable,20,False,False,False,True,True,,False,https://www.recreation.gov/camping/campgrounds/10134047,
10137699,Cottage Creek Campground,CA,FS,Tahoe National Forest,39.397758,-121.148294,True,reservable,9,False,False,False,True,True,,False,https://www.recreation.gov/camping/campgrounds/10137699,
10138237,Lava Point Campground,UT,NPS,Zion National Park,37.383900,-113.032799,True,reservable,6,False,False,False,True,True,19,False,https://www.recreation.gov/camping/campgrounds/10138237,https://www.recreation.gov/camping/campgrounds/10138237
10145499,Brick House Campground,SC,FS,Francis Marion and Sumter National Forests,34.448020,-81.706900,True,reservable,24,False,False,False,True,True,,False,https://www.recreation.gov/camping/campgrounds/10145499,
10145521,Woods Ferry Campground,SC,FS,Francis Marion and Sumter National Forests,34.701440,-81.451200,True,reservable,17,False,False,False,True,True,,False,https://www.recreation.gov/camping/campgrounds/10145521,
10145539,Katahdin Woods & Waters National Monument Camping,ME,NPS,Katahdin Woods and Waters National Monument,46.125200,-68.801400,True,reservable,27,False,False,False,True,True,,False,https://www.recreation.gov/camping/campgrounds/10145539,
10145639,Poulous Loop Group Campground,SC,FS,Francis Marion and Sumter National Forests,34.749403,-81.454297,True,reservable,1,False,False,False,True,True,,False,https://www.recreation.gov/camping/campgrounds/10145639,
10145641,Collins Creek Seasonal Campground,SC,FS,Francis Marion and Sumter National Forests,34.473030,-81.523500,True,reservable,36,False,False,False,True,True,,False,https://www.recreation.gov/camping/campgrounds/10145641,
10145678,Rocky Branch Seasonal Campground,SC,FS,Francis Marion and Sumter National Forests,34.435200,-81.328100,True,reservable,10,False,False,False,True,True,49,False,https://www.recreation.gov/camping/campgrounds/10145678,
10145689,Sedalia Campground,SC,FS,Francis Marion and Sumter National Forests,34.632410,-81.737300,True,reservable,12,False,False,False,True,True,,False,https://www.recreation.gov/camping/campgrounds/10145689,
10145702,Mccloud Bridge,CA,FS,Shasta-Trinity National Forest,40.938335,-122.244999,False,first-come,16,False,False,False,True,False,,False,,
10147280,Sather Lake Campground,ND,FS,Dakota Prairie National Grasslands,47.667627,-103.811030,True,reservable,18,False,False,False,True,True,,False,https://www.recreation.gov/camping/campgrounds/10147280,
10149323,Hozomeen Campground,WA,NPS,North Cascades National Park,48.987100,-121.071100,False,first-come,0,False,False,False,False,False,,False,,
10149662,Middle Dredge Campsite,FL,NPS,Canaveral National Seashore,28.866194,-80.826745,False,first-come,0,False,False,False,False,False,,False,,
10151807,Buckhorn Campground Loop B,OK,NPS,Chickasaw National Recreation Area,34.427161,-96.992067,False,first-come,0,False,False,False,False,False,,False,,https://www.nps.gov/chic/planyourvisit/campgrounds.htm
10151818,Buckhorn Campground Loop D,OK,NPS,Chickasaw National Recreation Area,34.432767,-96.997482,False,first-come,0,False,False,False,False,False,,False,,https://www.nps.gov/chic/planyourvisit/campgrounds.htm
10155962,Silver Lake Campground,WY,FS,Medicine Bow-Routt NFs & Thunder Basin NG,41.311271,-106.360112,True,partly,17,False,False,False,True,True,,False,https://www.recreation.gov/camping/campgrounds/10155962,
10155980,Tie City Campground,WY,FS,Medicine Bow-Routt NFs & Thunder Basin NG,41.249795,-105.434534,True,partly,18,False,False,False,True,True,,False,https://www.recreation.gov/camping/campgrounds/10155980,
10155998,Vedauwoo Campground,WY,FS,Medicine Bow-Routt NFs & Thunder Basin NG,41.156813,-105.376926,True,partly,49,False,True,False,True,True,,False,https://www.recreation.gov/camping/campgrounds/10155998,
10156027,Yellow Pine Campground,WY,FS,Medicine Bow-Routt NFs & Thunder Basin NG,41.254767,-105.410967,True,reservable,19,False,False,False,True,True,,False,https://www.recreation.gov/camping/campgrounds/10156027,
10156047,South Brush Creek Campground,WY,FS,Medicine Bow-Routt NFs & Thunder Basin NG,41.344340,-106.502901,True,partly,20,False,False,False,True,True,,False,https://www.recreation.gov/camping/campgrounds/10156047,
10156125,Cooper Creek Campground,GA,FS,Chattahoochee-Oconee National Forest,34.761233,-84.074614,True,reservable,25,False,False,False,True,True,,False,https://www.recreation.gov/camping/campgrounds/10156125,
10156151,Joe T. Fallini Recreation Site,ID,BLM,,43.961372,-113.679516,True,reservable,28,True,True,True,True,True,,False,https://www.recreation.gov/camping/campgrounds/10156151,
10157211,Eagle Creek,CA,FS,Shasta-Trinity National Forest,41.152910,-122.668458,False,first-come,18,False,False,False,True,False,,False,,
10157230,Gregory Beach Dispersed Area,CA,FS,Shasta-Trinity National Forest,40.884902,-122.370509,False,first-come,42,False,False,False,True,False,,True,,
10157273,Jones Valley Inlet Dispersed Area,CA,FS,Shasta-Trinity National Forest,40.728781,-122.230061,False,first-come,42,False,False,False,True,False,,True,,
10157316,Jones Valley Inlet West Dispersed Area,CA,FS,Shasta-Trinity National Forest,40.728772,-122.230092,False,first-come,42,False,False,False,True,False,,True,,
10157359,Lower Jones Valley,CA,FS,Shasta-Trinity National Forest,40.727560,-122.228082,False,first-come,22,False,False,False,True,False,,False,,
10157382,Preacher Meadow,CA,FS,Shasta-Trinity National Forest,40.963132,-122.730461,False,first-come,45,False,False,False,True,False,,False,,
10157438,Salt Creek Dispersed Area,CA,FS,Shasta-Trinity National Forest,40.843322,-122.354303,False,first-come,42,False,False,False,True,False,,True,,
10157481,Trinity River,CA,FS,Shasta-Trinity National Forest,41.108778,-122.704616,False,first-come,8,False,False,False,True,False,,False,,
10157490,Beehive Dispersed Area,CA,FS,Shasta-Trinity National Forest,40.848797,-122.403047,False,first-come,44,False,False,False,True,False,,True,,
10157533,Bridge Camp,CA,FS,Shasta-Trinity National Forest,40.872876,-122.915360,False,first-come,11,False,False,False,True,False,,False,,
10158169,Sandy Park,OK,USACE,Kaw Lake,36.693938,-96.921291,True,reservable,12,True,True,False,True,True,,False,https://www.recreation.gov/camping/campgrounds/10158169,
10158400,Applewhite Campground,CA,FS,San Bernardino National Forest,34.259872,-117.493328,True,reservable,44,False,False,False,True,True,15,False,https://www.recreation.gov/camping/campgrounds/10158400,
10158445,Bark Camp,VA,FS,George Washington & Jefferson National Forest,36.866667,-82.524167,False,first-come,34,False,False,False,False,False,,False,,
10158450,Blowing Springs,VA,FS,George Washington & Jefferson National Forest,38.068889,-79.883611,False,first-come,22,False,False,False,False,False,,False,,
10158455,Brandywine Campground,WV,FS,George Washington & Jefferson National Forest,38.595278,-79.199722,False,first-come,35,False,False,False,False,False,,False,,
10158460,Camp Roosevelt,VA,FS,George Washington & Jefferson National Forest,38.733056,-78.517222,False,first-come,0,False,False,False,False,False,,False,,
10158465,Cane Patch,VA,FS,George Washington & Jefferson National Forest,37.101944,-82.678889,False,first-come,35,False,False,False,False,False,,False,,
10158470,Cave Springs,VA,FS,George Washington & Jefferson National Forest,36.799444,-82.925556,False,first-come,37,False,False,False,False,False,,False,,
10158475,Elizabeth Furnace,VA,FS,George Washington & Jefferson National Forest,38.924722,-78.331111,True,reservable,36,False,False,False,True,True,35,False,https://www.recreation.gov/camping/campgrounds/10158475,
10158480,Hidden Valley Campground,VA,FS,George Washington & Jefferson National Forest,38.099167,-79.821944,False,first-come,31,False,False,False,False,False,,False,,
10158485,High Knob Campground,VA,FS,George Washington & Jefferson National Forest,36.889722,-82.621667,False,first-come,13,False,False,False,False,False,,False,,
10158490,Hone Quarry Campground,VA,FS,George Washington & Jefferson National Forest,38.462374,-79.134722,False,first-come,10,False,False,False,False,False,,False,,
10158495,Hussy Mountain Horse Camp,VA,FS,George Washington & Jefferson National Forest,36.771667,-81.143889,False,first-come,0,False,False,False,False,False,,False,,
10158500,Little Fort,VA,FS,George Washington & Jefferson National Forest,38.866944,-78.444444,False,first-come,0,False,False,False,False,False,,False,,
10158505,North Creek,VA,FS,George Washington & Jefferson National Forest,37.541389,-79.584722,False,first-come,12,False,False,False,False,False,,False,,
10158510,Todd Lake Campground,VA,FS,George Washington & Jefferson National Forest,38.365556,-79.211389,False,first-come,0,False,False,False,False,False,,False,,
10158515,Wolf Gap,WV,FS,George Washington & Jefferson National Forest,38.924544,-78.689088,False,first-come,0,False,False,False,False,False,,False,,
10158633,Barkshed Campground,AR,FS,Ozark-St. Francis National Forests,36.019306,-92.249028,False,first-come,0,False,False,False,False,False,,False,,
10158638,Big Biloxi Recreation Area,MS,FS,National Forests in Mississippi,30.569100,-89.129700,True,reservable,30,True,True,False,True,True,60,False,https://www.recreation.gov/camping/campgrounds/10158638,
10158643,Big Oak Cove Campground,TN,FS,Cherokee National Forest,35.264300,-84.086800,False,first-come,11,False,False,False,False,False,,False,,
10158648,Birch Branch Campground,TN,FS,Cherokee National Forest,35.285500,-84.131600,False,first-come,0,False,False,False,False,False,,False,,
10158653,Black Creek Lake,TX,FS,National Forests and Grasslands in Texas,33.342300,-97.593400,False,first-come,14,False,False,False,False,False,,False,,
10158658,Bois D' Arc,TX,FS,National Forests and Grasslands in Texas,33.745836,-95.990001,False,first-come,28,False,False,False,False,False,,False,,
10158668,Boykin Springs Camping,TX,FS,National Forests and Grasslands in Texas,31.059100,-94.277500,False,first-come,0,False,False,False,False,False,,False,,
10158673,Cane,LA,FS,Kisatchie National Forest,31.487001,-93.122001,False,first-come,0,False,False,False,False,False,,False,,
10158678,Caney Creek,TX,FS,National Forests and Grasslands in Texas,31.136700,-94.256500,False,first-come,0,False,False,False,False,False,,False,,
10158683,Clear Springs Recreation Area,MS,FS,National Forests in Mississippi,31.429167,-90.983333,False,first-come,28,True,True,False,True,True,99,False,,
10158688,Cloud Crossing Recreation Area,LA,FS,Kisatchie National Forest,32.084001,-92.907001,False,first-come,0,False,False,False,False,False,,False,,
10158693,Coffee Mill,TX,FS,National Forests and Grasslands in Texas,33.737200,-95.973800,False,first-come,13,False,False,False,False,False,,False,,
10158698,Corral OHV Camp,LA,FS,Kisatchie National Forest,31.520833,-92.936667,False,first-come,0,False,False,False,False,False,,False,,
10158703,Cypress Creek Landing,MS,FS,National Forests in Mississippi,30.968200,-89.004100,False,first-come,0,False,False,False,False,False,,False,,
10158708,Davis Branch Campground,TN,FS,Cherokee National Forest,35.278900,-84.096400,False,first-come,6,False,False,False,False,False,,False,,
10158713,Fullerton Recreation Area,LA,FS,Kisatchie National Forest,31.013100,-92.985900,False,first-come,0,False,False,False,False,False,,False,,
10158718,Gum Springs Recreation Area,LA,FS,Kisatchie National Forest,31.899001,-92.779001,False,first-come,0,False,False,False,False,False,,False,,
10158723,Gunner Pool Campground,AR,FS,Ozark-St. Francis National Forests,35.994369,-92.212253,False,first-come,0,False,False,False,False,False,,False,,
10158728,Holder Cove Campground,TN,FS,Cherokee National Forest,35.268200,-84.085100,False,first-come,7,False,False,False,False,False,,False,,
10158733,Holly Flats Campground,TN,FS,Cherokee National Forest,35.285700,-84.178200,False,first-come,15,False,False,False,False,False,,False,,
10158738,Horse Creek Recreation Area,TN,FS,Cherokee National Forest,36.108300,-82.656800,True,reservable,18,False,False,False,True,True,,False,https://www.recreation.gov/camping/campgrounds/10158738,
10158743,Horsehead Lake Recreation Area,AR,FS,Ozark-St. Francis National Forests,35.564450,-93.639642,False,first-come,0,False,False,False,False,False,,False,,
10158748,Jake Best Campground,TN,FS,Cherokee National Forest,35.445800,-84.109400,False,first-come,0,False,False,False,False,False,,False,,
10158753,Kincaid Lake Campground,LA,FS,Kisatchie National Forest,31.258373,-92.630024,True,reservable,41,True,True,False,True,True,57,False,https://www.recreation.gov/camping/campgrounds/10158753,
10158758,Kisatchie Bayou Recreation Area,LA,FS,Kisatchie National Forest,31.445001,-93.093001,False,first-come,0,False,False,False,False,False,,False,,
10158763,Long Pool Recreation Area,AR,FS,Ozark-St. Francis National Forests,35.548047,-93.160252,False,first-come,0,False,False,False,False,False,,False,,
10158768,Loran Camp,LA,FS,Kisatchie National Forest,31.098066,-92.565374,False,first-come,0,False,False,False,False,False,,False,,
10158773,Lost Corral Horse Camp,TN,FS,Cherokee National Forest,35.239200,-84.548400,False,first-come,0,False,False,False,False,False,,False,,
10158778,Lotus OHV Camp,LA,FS,Kisatchie National Forest,31.484338,-93.124925,False,first-come,0,False,False,False,False,False,,False,,
10158783,Marathon Lake,MS,FS,National Forests in Mississippi,32.199167,-89.359167,False,first-come,37,False,False,False,False,True,,False,,
10158788,Moccasin Gap,AR,FS,Ozark-St. Francis National Forests,35.573389,-93.068556,False,first-come,0,False,False,False,False,False,,False,,
10158793,North River Campground,TN,FS,Cherokee National Forest,35.318100,-84.125700,False,first-come,0,False,False,False,False,False,,False,,
10158798,Old Forge Campground,TN,FS,Cherokee National Forest,36.091100,-82.681900,False,first-come,10,False,False,False,False,False,,False,,
10158803,Ozone Campground,AR,FS,Ozark-St. Francis National Forests,35.671389,-93.450278,True,partly,0,False,False,False,False,False,,False,,
10158808,Pelican Lake Campground,UT,BLM,Ouray Valley,40.182353,-109.693989,False,first-come,13,False,False,False,True,True,,False,,
10158822,Red Hills Lake,TX,FS,National Forests and Grasslands in Texas,31.474100,-93.832700,False,first-come,0,False,False,False,False,False,,False,,
10158827,Redding Campground,AR,FS,Ozark-St. Francis National Forests,35.682828,-93.786511,False,first-come,0,False,False,False,False,False,,False,,
10158832,Richland Creek Campground,AR,FS,Ozark-St. Francis National Forests,35.796970,-92.934110,False,first-come,0,False,False,False,False,False,,False,,
10158837,Rough Ridge Campground,TN,FS,Cherokee National Forest,35.260900,-84.084200,False,first-come,5,False,False,False,False,False,,False,,
10158842,Round Mountain Campground,TN,FS,Cherokee National Forest,35.838600,-82.953800,False,first-come,14,False,False,False,False,False,,False,,
10158847,Shockaloe Trail Bc 1,MS,FS,National Forests in Mississippi,32.367222,-89.562500,False,first-come,0,False,False,False,False,False,,False,,
10158852,Shores Lake Recreation Area,AR,FS,Ozark-St. Francis National Forests,35.643411,-93.962187,False,first-come,28,False,False,False,False,False,,False,,
10158857,Sorghum Hollow,AR,FS,Ozark-St. Francis National Forests,35.260300,-93.471380,False,first-come,0,False,False,False,False,False,,False,,
10158862,Spivey Cove Campground,TN,FS,Cherokee National Forest,35.303900,-84.113100,False,first-come,16,False,False,False,False,False,,False,,
10158867,Spring Lake Recreation Area,AR,FS,Ozark-St. Francis National Forests,35.150370,-93.424550,False,first-come,0,False,False,False,False,False,,False,,
10158872,State Line Campground,TN,FS,Cherokee National Forest,35.261500,-84.080600,False,first-come,6,False,False,False,False,False,,False,,
10158877,Stuart Lake,LA,FS,Kisatchie National Forest,31.507900,-92.446097,False,first-come,0,False,False,False,False,False,,False,,
10158882,Stubblefield Lake,TX,FS,National Forests and Grasslands in Texas,30.559700,-95.637700,False,first-come,0,False,False,False,False,False,,False,,
10158887,Tadra Point,TX,FS,National Forests and Grasslands in Texas,33.371500,-97.586600,False,first-come,0,False,False,False,False,False,,False,,
10158892,Townsend,TX,FS,National Forests and Grasslands in Texas,31.352300,-94.313800,False,first-come,26,False,False,False,False,False,,False,,
10158897,Valentine Lake Recreation Area,LA,FS,Kisatchie National Forest,31.242777,-92.680225,False,first-come,19,False,False,False,False,False,,False,,
10158902,Valley View Group Use,TX,FS,National Forests and Grasslands in Texas,33.409900,-97.583500,False,first-come,15,False,False,False,False,False,,False,,
10158907,West Lake Davy Crockett,TX,FS,National Forests and Grasslands in Texas,33.736800,-95.928500,False,first-come,12,False,False,False,False,False,,False,,
10158912,Wolf Pen Campground,AR,FS,Ozark-St. Francis National Forests,35.675390,-93.630737,False,first-come,0,False,False,False,False,False,,False,,
10159159,Turkey Fork Recreation Area,MS,FS,National Forests in Mississippi,31.339159,-88.703293,True,partly,21,True,False,False,True,True,,False,https://www.recreation.gov/camping/campgrounds/10159159,
10159180,Grasshopper Campground,MT,FS,Beaverhead-Deerlodge National Forest,45.451020,-113.123830,True,partly,21,False,False,False,False,False,,False,https://www.recreation.gov/camping/campgrounds/10159180,
10159202,Price Creek Campground,MT,FS,Beaverhead-Deerlodge National Forest,45.479561,-113.082981,True,partly,22,False,False,False,False,False,,False,https://www.recreation.gov/camping/campgrounds/10159202,
10159225,Kit Carson,KS,USACE,Council Grove Lake,38.695266,-96.496172,True,reservable,11,True,True,False,True,True,,False,https://www.recreation.gov/camping/campgrounds/10159225,
10159237,Neosho Park,KS,USACE,Council Grove Lake,38.676583,-96.512340,True,reservable,8,True,True,False,True,True,50,False,https://www.recreation.gov/camping/campgrounds/10159237,
10159246,North Richey Cove,KS,USACE,Council Grove Lake,38.707211,-96.497767,True,reservable,8,False,False,False,True,True,,False,https://www.recreation.gov/camping/campgrounds/10159246,
10159725,Camping,AL,NPS,Horseshoe Bend National Military Park,32.860000,-85.930000,False,first-come,0,False,False,False,False,False,,False,,
10161359,Bridge Hollow Campground,UT,BLM,Browns Park Recreation Area,40.898759,-109.169494,False,first-come,11,False,False,False,True,True,,False,,
10163053,Sloway Campground,MT,FS,Lolo National Forest,47.233830,-115.026080,True,partly,29,False,False,False,True,True,,False,https://www.recreation.gov/camping/campgrounds/10163053,
10163100,Wahoo Bay,OK,USACE,Fort Gibson Lake,35.885750,-95.287180,True,reservable,20,False,False,False,True,True,26,False,https://www.recreation.gov/camping/campgrounds/10163100,
10165105,Alder Springs,OR,FS,Willamette National Forest,44.177880,-121.910320,False,first-come,0,False,False,False,True,True,,False,,
10165110,Almont,CO,FS,"Grand Mesa, Uncompahgre and Gunnison National Forest",38.655300,-106.855628,False,first-come,0,False,False,False,False,False,,False,,
10165115,Angel Of Shavano,CO,FS,Pike and San Isabel National Forests & Cimarron and Comanche National Grasslands,38.584475,-106.220432,False,first-come,0,False,False,False,False,False,,False,,
10165120,Beaver Lake,CO,FS,"Grand Mesa, Uncompahgre and Gunnison National Forest",38.250163,-107.542879,False,first-come,0,False,False,False,False,False,,False,,
10165125,Bedrock Campground,OR,FS,Willamette National Forest,43.973056,-122.545556,True,reservable,26,False,False,False,True,True,,False,https://www.recreation.gov/camping/campgrounds/10165125,
10165130,Belle Of Colorado,CO,FS,Pike and San Isabel National Forests & Cimarron and Comanche National Grasslands,39.267893,-106.351585,False,first-come,19,False,False,False,False,False,,False,,
10165135,Bertha Creek Campground,AK,FS,Chugach National Forest,60.751094,-149.255688,False,first-come,12,False,False,False,False,False,,True,,
10165140,Big Cimarron,CO,FS,"Grand Mesa, Uncompahgre and Gunnison National Forest",38.259156,-107.545542,False,first-come,0,False,False,False,False,False,,False,,
10165145,Big Creek,CO,FS,"Grand Mesa, Uncompahgre and Gunnison National Forest",39.077742,-107.882951,False,first-come,0,False,False,False,False,False,,False,,
10165150,Big Meadows Horse Camp,OR,FS,Willamette National Forest,44.492940,-121.982850,True,partly,13,False,False,False,True,True,99,False,https://www.recreation.gov/camping/campgrounds/10165150,
10165155,Big Pool,OR,FS,Willamette National Forest,44.492940,-121.982850,True,reservable,1,False,False,False,True,True,,False,https://www.recreation.gov/camping/campgrounds/10165155,
10165160,Black Bear Campground,AK,FS,Chugach National Forest,60.788454,-148.888759,False,first-come,12,False,False,False,False,False,,True,,
10165165,Blair Lake Campground,OR,FS,Willamette National Forest,43.836667,-122.243611,False,first-come,7,False,False,False,False,False,,False,,
10165170,Blue Pool,OR,FS,Willamette National Forest,43.709167,-122.297500,True,reservable,27,False,False,False,True,True,,False,https://www.recreation.gov/camping/campgrounds/10165170,
10165175,Bootleg,CO,FS,Pike and San Isabel National Forests & Cimarron and Comanche National Grasslands,38.715503,-106.196105,False,first-come,0,False,False,False,False,False,,False,,
10165180,Bridge,CO,FS,San Juan National Forest,37.465500,-107.197500,False,first-come,19,False,False,False,False,False,,False,,
10165185,Broken Bowl,OR,FS,Willamette National Forest,43.962222,-122.609444,True,reservable,20,False,False,False,True,True,,False,https://www.recreation.gov/camping/campgrounds/10165185,
10165190,Burro Bridge,CO,FS,San Juan National Forest,37.787010,-108.067710,False,first-come,14,False,False,False,False,False,,False,,
10165195,Campers Flat,OR,FS,Willamette National Forest,43.501111,-122.412222,True,reservable,1,False,False,False,True,True,,False,https://www.recreation.gov/camping/campgrounds/10165195,
10165200,Caribou Campground,ID,FS,Sawtooth National Forest,43.820400,-114.426100,False,first-come,0,False,False,False,False,False,,False,,
10165205,Casino Creek,ID,FS,Sawtooth National Forest,44.256390,-114.855278,False,first-come,0,False,False,False,False,False,,False,,
10165210,Cement Creek,CO,FS,"Grand Mesa, Uncompahgre and Gunnison National Forest",38.828863,-106.835436,False,first-come,13,False,False,False,False,False,,False,,
10165215,Childs Glacier Recreation Area And Campground,AK,FS,Chugach National Forest,60.664390,-144.758500,False,first-come,0,False,False,False,False,False,,False,,
10165220,Chinook Bay Campground,ID,FS,Sawtooth National Forest,44.164037,-114.904499,False,first-come,0,False,False,False,False,False,,False,,
10165225,Cimarrona,CO,FS,San Juan National Forest,37.538900,-107.210100,False,first-come,22,False,False,False,False,False,,False,,
10165230,Cold Spring,CO,FS,"Grand Mesa, Uncompahgre and Gunnison National Forest",38.767345,-106.642482,False,first-come,0,False,False,False,False,False,,False,,
10165235,Cordova Pass,CO,FS,Pike and San Isabel National Forests & Cimarron and Comanche National Grasslands,37.348457,-105.024831,False,first-come,0,False,False,False,False,False,,False,,
10165240,Cottonwood Lake - Psicc,CO,FS,Pike and San Isabel National Forests & Cimarron and Comanche National Grasslands,38.782798,-106.290197,False,first-come,0,False,False,False,False,False,,False,,
10165245,Cottonwood Lake,CO,FS,"Grand Mesa, Uncompahgre and Gunnison National Forest",39.074818,-107.963264,False,first-come,0,False,False,False,False,False,,False,,
10165250,Crag Crest,CO,FS,"Grand Mesa, Uncompahgre and Gunnison National Forest",39.048755,-107.937014,False,first-come,0,False,False,False,False,False,,False,,
10165255,Deer Creek Campground,CO,FS,Pike and San Isabel National Forests & Cimarron and Comanche National Grasslands,39.508235,-105.554005,False,first-come,13,False,False,False,False,False,,False,,
10165260,Deer Lakes,CO,FS,"Grand Mesa, Uncompahgre and Gunnison National Forest",38.019534,-107.188073,False,first-come,12,False,False,False,False,False,,False,,
10165265,Devils Head Campground,CO,FS,Pike and San Isabel National Forests & Cimarron and Comanche National Grasslands,39.271774,-105.105092,False,first-come,0,False,False,False,False,False,,False,,
10165270,Dexter,CO,FS,Pike and San Isabel National Forests & Cimarron and Comanche National Grasslands,39.091688,-106.323622,False,first-come,0,False,False,False,False,False,,False,,
10165275,Dolly Varden,OR,FS,Willamette National Forest,43.963889,-122.615556,True,reservable,9,False,False,False,False,True,,False,https://www.recreation.gov/camping/campgrounds/10165275,
10165280,Elbert Creek,CO,FS,Pike and San Isabel National Forests & Cimarron and Comanche National Grasslands,39.152119,-106.413364,False,first-come,17,False,False,False,False,False,,False,,
10165285,Elk Lake,OR,FS,Willamette National Forest,44.822114,-122.127441,False,first-come,0,False,False,False,False,False,,False,,
10165290,Erickson Springs,CO,FS,"Grand Mesa, Uncompahgre and Gunnison National Forest",38.956703,-107.266810,False,first-come,0,False,False,False,False,False,,False,,
10165295,Flat Rocks Campground,CO,FS,Pike and San Isabel National Forests & Cimarron and Comanche National Grasslands,39.327485,-105.092205,False,first-come,19,False,False,False,False,False,,False,,
10165300,Fourmile,CO,FS,Pike and San Isabel National Forests & Cimarron and Comanche National Grasslands,39.208593,-106.099761,False,first-come,0,False,False,False,False,False,,False,,
10165305,Gold Lake Campground,OR,FS,Willamette National Forest,43.630278,-122.064722,False,first-come,0,False,False,False,False,False,,False,,
10165310,Goose Creek Campground,CO,FS,Pike and San Isabel National Forests & Cimarron and Comanche National Grasslands,39.171224,-105.360165,False,first-come,0,False,False,False,False,False,,False,,
10165315,Gothic,CO,FS,"Grand Mesa, Uncompahgre and Gunnison National Forest",38.982165,-107.006339,False,first-come,0,False,False,False,False,False,,False,,
10165320,Grandjean Campground,ID,FS,Sawtooth National Forest,44.148600,-115.151100,False,first-come,0,False,False,False,False,False,,False,,
10165325,Green Mountain Campground,CO,FS,Pike and San Isabel National Forests & Cimarron and Comanche National Grasslands,39.327016,-105.355554,False,first-come,0,False,False,False,False,False,,False,,
10165330,Halfmoon East,CO,FS,Pike and San Isabel National Forests & Cimarron and Comanche National Grasslands,39.158821,-106.396856,False,first-come,5,False,False,False,False,False,,False,,
10165335,Halfmoon West,CO,FS,Pike and San Isabel National Forests & Cimarron and Comanche National Grasslands,39.157616,-106.397855,False,first-come,17,False,False,False,False,False,,False,,
10165340,Hall Valley,CO,FS,Pike and San Isabel National Forests & Cimarron and Comanche National Grasslands,39.482971,-105.805362,False,first-come,9,False,False,False,False,False,,False,,
10165345,Handcart,CO,FS,Pike and San Isabel National Forests & Cimarron and Comanche National Grasslands,39.482365,-105.799906,False,first-come,10,False,False,False,False,False,,False,,
10165350,Handsome Lake Boat Access Campground,PA,FS,Allegheny National Forest,41.922500,-78.930833,False,first-come,0,False,False,False,False,False,,False,,
10165355,Hayden Creek,CO,FS,Pike and San Isabel National Forests & Cimarron and Comanche National Grasslands,38.329669,-105.823633,False,first-come,0,False,False,False,False,False,,False,,
10165360,Holman Creek Campground,ID,FS,Sawtooth National Forest,44.249200,-114.530960,False,first-come,0,False,False,False,False,False,,False,,
10165365,Hooks Brook Boat Access Campground,PA,FS,Allegheny National Forest,41.962222,-78.943056,False,first-come,0,False,False,False,True,True,,False,,
10165370,Hopewell Boat Access Campground,PA,FS,Allegheny National Forest,41.912500,-78.932778,False,first-come,0,False,False,False,False,False,,False,,
10165375,Indigo Springs,OR,FS,Willamette National Forest,43.497778,-122.263333,False,first-come,3,False,False,False,False,False,,False,,
10165380,Iron City,CO,FS,Pike and San Isabel National Forests & Cimarron and Comanche National Grasslands,38.708438,-106.335630,False,first-come,15,False,False,False,False,False,,False,,
10165385,Iron Creek Campground,ID,FS,Sawtooth National Forest,44.198800,-115.008800,False,first-come,0,False,False,False,False,False,,False,,
10165390,Kenosha East,CO,FS,Pike and San Isabel National Forests & Cimarron and Comanche National Grasslands,39.414387,-105.754786,False,first-come,0,False,False,False,False,False,,False,,
10165395,Kiahanie,OR,FS,Willamette National Forest,43.885556,-122.254722,False,first-come,23,False,False,False,True,False,,False,,
10165400,Kroeger,CO,FS,San Juan National Forest,37.376200,-108.077100,False,first-come,10,False,False,False,False,False,,False,,
10165405,Lake Creek,CO,FS,Pike and San Isabel National Forests & Cimarron and Comanche National Grasslands,38.264137,-105.659690,False,first-come,0,False,False,False,True,False,,False,,
10165410,Little Bear,CO,FS,"Grand Mesa, Uncompahgre and Gunnison National Forest",39.034553,-107.997937,False,first-come,0,False,False,False,False,False,,False,,
10165415,Lost Lake - Willamette,OR,FS,Willamette National Forest,44.429889,-121.912778,True,reservable,19,False,False,False,True,True,50,False,https://www.recreation.gov/camping/campgrounds/10165415,
10165425,Lost Park,CO,FS,Pike and San Isabel National Forests & Cimarron and Comanche National Grasslands,39.284721,-105.507700,False,first-come,12,False,False,False,False,False,,False,,
10165430,Lower O'Brien Campground,ID,FS,Sawtooth National Forest,44.256500,-114.693300,False,first-come,0,False,False,False,False,False,,False,,
10165435,Lower Piedra,CO,FS,San Juan National Forest,37.242940,-107.342951,False,first-come,19,False,False,False,False,False,,False,,
10165440,Matchless,CO,FS,Pike and San Isabel National Forests & Cimarron and Comanche National Grasslands,39.258104,-106.359449,False,first-come,20,False,False,False,False,False,,False,,
10165445,Meridian Campground,CO,FS,Pike and San Isabel National Forests & Cimarron and Comanche National Grasslands,39.511054,-105.535061,False,first-come,18,False,False,False,False,False,,False,,
10165450,Michigan Creek,CO,FS,Pike and San Isabel National Forests & Cimarron and Comanche National Grasslands,39.411563,-105.884410,False,first-come,12,False,False,False,False,False,,False,,
10165455,Middle Mountain,CO,FS,San Juan National Forest,37.408910,-107.536010,False,first-come,24,False,False,False,False,False,,False,,
10165460,Miller Creek,CO,FS,San Juan National Forest,37.404600,-107.661200,False,first-come,12,False,False,False,False,False,,False,,
10165465,Minister Creek Campground And Trailhead,PA,FS,Allegheny National Forest,41.621389,-79.154444,False,first-come,0,False,False,False,True,True,,False,,
10165470,Mormon Bend Campground,ID,FS,Sawtooth National Forest,44.261600,-114.841100,False,first-come,0,False,False,False,False,False,,False,,
10165475,Morrison Boat Access Campground,PA,FS,Allegheny National Forest,41.821944,-78.927778,False,first-come,38,False,False,False,False,False,,False,,
10165480,Mosca,CO,FS,"Grand Mesa, Uncompahgre and Gunnison National Forest",38.859166,-106.710148,False,first-come,0,False,False,False,False,False,,False,,
10165485,Mount Heyburn Campground,ID,FS,Sawtooth National Forest,44.135400,-114.914500,False,first-come,19,False,False,False,False,False,,False,,
10165490,Mountain View Campground,ID,FS,Sawtooth National Forest,44.161685,-114.904765,False,first-come,0,False,False,False,False,False,,False,,
10165495,Murdock Campground,ID,FS,Sawtooth National Forest,43.803600,-114.419400,False,first-come,0,False,False,False,False,False,,False,,
10165500,North Bank,CO,FS,"Grand Mesa, Uncompahgre and Gunnison National Forest",38.727673,-106.765213,False,first-come,0,False,False,False,False,False,,False,,
10165505,North Fork Campground,CO,FS,Pike and San Isabel National Forests & Cimarron and Comanche National Grasslands,38.611808,-106.320261,False,first-come,0,False,False,False,False,False,,False,,
10165510,North Shore Campground,ID,FS,Sawtooth National Forest,43.918800,-114.865800,False,first-come,0,False,False,False,False,False,,False,,
10165515,Osprey,CO,FS,Pike and San Isabel National Forests & Cimarron and Comanche National Grasslands,39.348821,-105.176625,True,partly,13,False,False,False,True,True,,False,https://www.recreation.gov/camping/campgrounds/10165515,
10165520,Ouzel,CO,FS,Pike and San Isabel National Forests & Cimarron and Comanche National Grasslands,39.320598,-105.187773,True,partly,13,False,False,False,True,True,,False,https://www.recreation.gov/camping/campgrounds/10165520,
10165525,Parry Peak,CO,FS,Pike and San Isabel National Forests & Cimarron and Comanche National Grasslands,39.067119,-106.409499,False,first-come,25,False,False,False,False,False,,False,,
10165530,Pettit Lake Campground,ID,FS,Sawtooth National Forest,43.984452,-114.869270,False,first-come,0,False,False,False,False,False,,False,,
10165535,Piety Island,OR,FS,Willamette National Forest,44.721580,-122.159190,False,first-come,0,False,False,False,False,False,,False,,
10165540,Pine Grove Boat Access Campground,PA,FS,Allegheny National Forest,41.874167,-78.946667,False,first-come,0,False,False,False,True,True,,False,,
10165545,Pine River,CO,FS,San Juan National Forest,37.446874,-107.505863,False,first-come,0,False,False,False,False,False,,False,,
10165550,Pitkin,CO,FS,"Grand Mesa, Uncompahgre and Gunnison National Forest",38.611727,-106.503242,False,first-come,0,False,False,False,False,False,,False,,
10165555,Platte River,CO,FS,Pike and San Isabel National Forests & Cimarron and Comanche National Grasslands,39.297564,-105.208190,False,first-come,10,False,False,False,True,True,,False,,
10165561,Primrose Campground,AK,FS,Chugach National Forest,60.340740,-149.369900,False,first-come,8,False,False,False,False,False,,False,,
10165566,Puma,OR,FS,Willamette National Forest,43.976347,-122.517131,True,reservable,15,False,False,False,True,True,,False,https://www.recreation.gov/camping/campgrounds/10165566,
10165571,Quartz,CO,FS,"Grand Mesa, Uncompahgre and Gunnison National Forest",38.638716,-106.469276,False,first-come,0,False,False,False,False,False,,False,,
10165576,Rivers End,CO,FS,"Grand Mesa, Uncompahgre and Gunnison National Forest",38.858443,-106.565704,False,first-come,0,False,False,False,False,False,,False,,
10165581,Riverside Campground,ID,FS,Sawtooth National Forest,44.266900,-114.849100,False,first-come,0,False,False,False,False,False,,False,,
10165586,Sacandaga,OR,FS,Willamette National Forest,43.496389,-122.328333,True,partly,20,False,False,False,True,False,,False,https://www.recreation.gov/camping/campgrounds/10165586,
10165591,Salmon Creek Falls,OR,FS,Willamette National Forest,43.762778,-122.373056,False,first-come,0,False,False,False,False,False,,False,,
10165596,Salmon River Campground,ID,FS,Sawtooth National Forest,44.248600,-114.869100,False,first-come,0,False,False,False,False,False,,False,,
10165601,Sand Prairie Campground,OR,FS,Willamette National Forest,43.601389,-122.451389,True,reservable,25,False,False,False,True,True,,False,https://www.recreation.gov/camping/campgrounds/10165601,
10165606,Scott Lake,OR,FS,Willamette National Forest,44.212320,-121.888010,False,first-come,18,False,False,False,True,True,12,False,,
10165611,Secret,OR,FS,Willamette National Forest,43.514789,-122.441164,True,reservable,1,False,False,False,True,True,,False,https://www.recreation.gov/camping/campgrounds/10165611,
10165616,Selkirk,CO,FS,Pike and San Isabel National Forests & Cimarron and Comanche National Grasslands,39.372238,-105.951479,False,first-come,15,False,False,False,False,False,,False,,
10165621,Sevenmile,OR,FS,Willamette National Forest,44.382444,-122.211250,True,partly,8,False,False,False,True,True,70,False,https://www.recreation.gov/camping/campgrounds/10165621,
10165626,Shady Cove,OR,FS,Willamette National Forest,44.844930,-122.300440,False,first-come,0,False,False,False,False,False,,False,,
10165631,Skookum Creek Campground,OR,FS,Willamette National Forest,43.861544,-122.045788,False,first-come,0,False,False,False,False,False,,False,,
10165636,Smokey Bear Campground,ID,FS,Sawtooth National Forest,43.920200,-114.861100,False,first-come,0,False,False,False,False,False,,False,,
10165641,Snowblind,CO,FS,"Grand Mesa, Uncompahgre and Gunnison National Forest",38.521437,-106.415789,False,first-come,0,False,False,False,False,False,,False,,
10165646,Snowslide,CO,FS,San Juan National Forest,37.370917,-108.077778,False,first-come,13,False,False,False,False,False,,False,,
10165651,Soap Creek,CO,FS,"Grand Mesa, Uncompahgre and Gunnison National Forest",38.547877,-107.317813,False,first-come,0,False,False,False,False,False,,False,,
10165656,Sockeye Campground,ID,FS,Sawtooth National Forest,44.131100,-114.916600,False,first-come,0,False,False,False,False,False,,False,,
10165661,South Mineral,CO,FS,San Juan National Forest,37.805600,-107.775100,False,first-come,26,False,False,False,False,False,,False,,
10165666,Spring Creek,CO,FS,"Grand Mesa, Uncompahgre and Gunnison National Forest",38.748017,-106.767442,False,first-come,0,False,False,False,False,False,,False,,
10165671,Springdale,CO,FS,Pike and San Isabel National Forests & Cimarron and Comanche National Grasslands,38.996989,-105.024292,False,first-come,0,False,False,False,True,True,,False,,
10165676,Spruce Grove,CO,FS,"Grand Mesa, Uncompahgre and Gunnison National Forest",39.050053,-108.081020,False,first-come,0,False,False,False,False,False,,False,,
10165681,Sunshine,CO,FS,"Grand Mesa, Uncompahgre and Gunnison National Forest",37.889509,-107.888497,False,first-come,0,False,False,False,False,False,,False,,
10165686,Tabor,CO,FS,Pike and San Isabel National Forests & Cimarron and Comanche National Grasslands,39.275387,-106.357075,False,first-come,15,False,False,False,False,False,,False,,
10165691,Teal,CO,FS,San Juan National Forest,37.510010,-107.229410,False,first-come,17,False,False,False,False,False,,False,,
10165696,The Crags,CO,FS,Pike and San Isabel National Forests & Cimarron and Comanche National Grasslands,38.872025,-105.123644,False,first-come,0,False,False,False,True,True,,False,,
10165701,Transfer Park Campground,CO,FS,San Juan National Forest,37.462400,-107.680900,False,first-come,25,False,False,False,False,False,,False,,
10165706,Trail Bridge,OR,FS,Willamette National Forest,44.280550,-122.047030,True,partly,41,False,True,True,True,True,95,False,https://www.recreation.gov/camping/campgrounds/10165706,
10165711,Twin Eagle,CO,FS,Pike and San Isabel National Forests & Cimarron and Comanche National Grasslands,39.152548,-105.479646,False,first-come,0,False,False,False,False,False,,False,,
10165716,Twin Peaks,CO,FS,Pike and San Isabel National Forests & Cimarron and Comanche National Grasslands,39.067538,-106.421393,False,first-come,35,False,False,False,False,False,,False,,
10165721,Upper O'Brien Campground,ID,FS,Sawtooth National Forest,44.258500,-114.697500,False,first-come,0,False,False,False,False,False,,False,,
10165726,Ward Lake,CO,FS,"Grand Mesa, Uncompahgre and Gunnison National Forest",39.040110,-107.978385,False,first-come,0,False,False,False,False,False,,False,,
10165731,Weir And Johnson,CO,FS,"Grand Mesa, Uncompahgre and Gunnison National Forest",39.065482,-107.830857,False,first-come,11,False,False,False,False,False,,False,,
10165736,Weston Pass,CO,FS,Pike and San Isabel National Forests & Cimarron and Comanche National Grasslands,39.076341,-106.134533,False,first-come,14,False,False,False,False,False,,False,,
10165741,Whiskey Flat Campground,ID,FS,Sawtooth National Forest,44.254864,-114.552384,False,first-come,0,False,False,False,False,False,,False,,
10165746,Williams Creek,CO,FS,"Grand Mesa, Uncompahgre and Gunnison National Forest",37.921571,-107.332917,False,first-come,0,False,False,False,False,False,,False,,
10165751,Woods Lake,CO,FS,"Grand Mesa, Uncompahgre and Gunnison National Forest",37.886103,-108.054830,False,first-come,0,False,False,False,False,False,,False,,
10168044,Pyramid Ridge Campground,UT,BLM,Cedar City Field Office,37.612483,-113.100562,True,reservable,26,False,False,False,True,True,59,False,https://www.recreation.gov/camping/campgrounds/10168044,
10168473,Hinman Campground,CO,FS,Medicine Bow-Routt NFs & Thunder Basin NG,40.747178,-106.837550,True,partly,13,False,False,False,True,True,,False,https://www.recreation.gov/camping/campgrounds/10168473,
10168487,Dry Lake Campground,CO,FS,Medicine Bow-Routt NFs & Thunder Basin NG,40.535894,-106.782159,True,partly,22,False,False,False,True,True,92,False,https://www.recreation.gov/camping/campgrounds/10168487,
10168496,Meadows Campground,CO,FS,Medicine Bow-Routt NFs & Thunder Basin NG,40.375687,-106.722144,True,partly,31,False,False,False,True,True,,False,https://www.recreation.gov/camping/campgrounds/10168496,
10168529,Blueberry Patch Campground,NY,FS,Green Mountain & Finger Lakes National Forests,42.483056,-76.799722,True,reservable,1,False,False,False,False,False,,False,https://www.recreation.gov/camping/campgrounds/10168529,
10168531,Cabin City Campground,MT,FS,Lolo National Forest,47.374700,-115.263340,True,partly,25,False,False,False,True,True,35,False,https://www.recreation.gov/camping/campgrounds/10168531,
10169446,Trout Creek Campground,MT,FS,Lolo National Forest,47.116050,-114.870550,True,reservable,1,False,False,False,True,True,,False,https://www.recreation.gov/camping/campgrounds/10169446,
10169448,West Fork Madison Campground,MT,FS,Beaverhead-Deerlodge National Forest,44.883440,-111.579750,True,reservable,1,False,False,False,True,True,,False,https://www.recreation.gov/camping/campgrounds/10169448,
10169450,Charlton Recreation Area,AR,FS,Ouachita National Forest,34.516816,-93.381811,True,reservable,48,True,True,False,True,True,80,False,https://www.recreation.gov/camping/campgrounds/10169450,
10169583,Hopkins Prairie Campground,FL,FS,National Forests in Florida,29.269600,-81.686700,True,reservable,22,False,False,False,True,True,,False,https://www.recreation.gov/camping/campgrounds/10169583,
10169585,Winding Stair Campground,OK,FS,Ouachita National Forest,34.714461,-94.675092,False,first-come,25,False,False,False,True,True,,False,,
10169589,North Klondike Campground,UT,BLM,Moab Field Office (BLM),38.823367,-109.765781,True,reservable,27,False,False,False,True,True,50,False,https://www.recreation.gov/camping/campgrounds/10169589,
10169615,Hilltop Campground,MT,FS,Beaverhead-Deerlodge National Forest,44.799590,-111.563210,True,reservable,1,False,False,False,True,True,,False,https://www.recreation.gov/camping/campgrounds/10169615,
10169617,Riverview Campground,MT,FS,Beaverhead-Deerlodge National Forest,44.884200,-111.576800,True,reservable,1,False,False,False,True,True,24,False,https://www.recreation.gov/camping/campgrounds/10169617,
10171270,Pulver Mountain Group Site,CO,FS,Pike and San Isabel National Forests & Cimarron and Comanche National Grasslands,39.026272,-105.471560,True,reservable,1,False,False,False,True,True,,False,https://www.recreation.gov/camping/campgrounds/10171270,
10171272,Quigley Group Use,MT,FS,Helena-Lewis and Clark National Forest,46.560908,-112.305736,True,reservable,1,False,False,False,True,True,,False,https://www.recreation.gov/camping/campgrounds/10171272,
10171274,Apgar Campground,MT,NPS,Glacier National Park,48.525002,-113.983597,True,reservable,211,False,False,False,True,True,42,False,https://www.recreation.gov/camping/campgrounds/10171274,
10172129,Bulger's Hollow Recreation Area,IA,USACE,Mississippi River - Pools 11-22,41.935130,-90.184220,True,reservable,24,False,False,False,True,False,,False,https://www.recreation.gov/camping/campgrounds/10172129,
10172170,Rob Hill Group Campground,CA,Presidio,Presidio of San Francisco,37.797537,-122.475623,True,reservable,4,False,False,False,False,True,,False,https://www.recreation.gov/camping/campgrounds/10172170,
10172175,Cascade Campground,MT,FS,Lolo National Forest,47.305370,-114.824500,False,first-come,2,False,False,False,True,True,30,False,,
10174772,Perch Lake Campground,MI,FS,Ottawa National Forest,46.364066,-88.673526,True,reservable,20,False,False,False,True,True,,False,https://www.recreation.gov/camping/campgrounds/10174772,
10174884,Middle Delaware National Scenic & Recreational River Primitive Campsites,NJ,NPS,Delaware Water Gap National Recreation Area,41.127935,-74.947512,True,reservable,68,False,False,False,True,True,,False,https://www.recreation.gov/camping/campgrounds/10174884,
10174943,Sweetwater,CA,FS,Stanislaus National Forest,37.823970,-120.004950,True,reservable,13,False,False,False,True,True,,False,https://www.recreation.gov/camping/campgrounds/10174943,
10176084,Frank Gross Campground,GA,FS,Chattahoochee-Oconee National Forest,34.701446,-84.149406,True,reservable,8,False,False,False,True,True,,False,https://www.recreation.gov/camping/campgrounds/10176084,
10176093,Camp Discovery Group Camp,CA,FS,Mendocino National Forest,40.154813,-122.197296,True,reservable,1,False,False,False,False,True,,False,https://www.recreation.gov/camping/campgrounds/10176093,
10176103,Big Creek,ID,FS,Payette National Forest,45.127574,-115.323130,False,first-come,5,False,False,False,True,True,,False,,
10176108,Big Flat,ID,FS,Payette National Forest,44.501172,-116.259608,False,first-come,14,False,False,False,True,True,,False,,
10176113,Brownlee,ID,FS,Payette National Forest,44.738505,-116.820177,False,first-come,12,False,False,False,True,False,,False,,
10176118,Buckhorn Bar,ID,FS,Payette National Forest,44.937104,-115.738568,False,first-come,12,False,False,False,True,False,,False,,
10176123,Burgdorf,ID,FS,Payette National Forest,45.269388,-115.913985,False,first-come,5,False,False,False,True,False,,False,,
10176128,Cabin Creek,ID,FS,Payette National Forest,44.654298,-116.272970,False,first-come,20,False,False,False,True,True,,False,,
10176133,Camp Creek,ID,FS,Payette National Forest,44.890819,-115.707862,False,first-come,5,False,False,False,True,False,,False,,
10176138,Chinook,ID,FS,Payette National Forest,45.214049,-115.808702,False,first-come,10,False,False,False,True,True,,False,,
10176143,Four Mile,ID,FS,Payette National Forest,44.862990,-115.691541,False,first-come,5,False,False,False,True,False,,False,,
10176148,Hazard Lake,ID,FS,Payette National Forest,45.201163,-116.144289,False,first-come,14,False,False,False,True,False,,False,,
10176153,Huckleberry,ID,FS,Payette National Forest,45.082854,-116.617798,False,first-come,10,False,False,False,True,False,,False,,
10176158,Jeanette,ID,FS,Payette National Forest,45.278974,-115.915257,False,first-come,7,False,False,False,True,False,,False,,
10176163,Kennally Creek,ID,FS,Payette National Forest,44.781743,-115.875150,False,first-come,13,False,False,False,True,False,,False,,
10176168,Lafferty,ID,FS,Payette National Forest,44.939838,-116.653893,False,first-come,9,False,False,False,True,False,,False,,
10176173,Lake Fork,ID,FS,Payette National Forest,44.923157,-115.946280,False,first-come,11,False,False,False,True,True,,False,,
10176178,Last Chance,ID,FS,Payette National Forest,44.988435,-116.190021,False,first-come,25,False,False,False,True,True,,False,,
10176183,Ponderosa,ID,FS,Payette National Forest,45.062106,-115.758554,False,first-come,11,False,False,False,True,True,,False,,
10176188,Poverty Flat,ID,FS,Payette National Forest,44.824672,-115.702442,False,first-come,9,False,False,False,True,False,,False,,
10176193,Secesh Campground,ID,FS,Payette National Forest,45.063566,-115.761297,False,first-come,5,False,False,False,True,True,,False,,
10177495,Central Avenue Walk-In Sites,IN,NPS,Indiana Dunes National Park,41.701817,-86.947814,True,reservable,5,False,False,False,True,True,,False,https://www.recreation.gov/camping/campgrounds/10177495,https://www.recreation.gov/camping/campgrounds/10177495
10177496,Dunbar Group Site,IN,NPS,Indiana Dunes National Park,41.682500,-87.001700,True,reservable,1,False,False,False,True,True,20,False,https://www.recreation.gov/camping/campgrounds/10177496,https://www.recreation.gov/camping/campgrounds/10177496
10177497,French Creek,KS,USACE,Marion Reservoir,38.382314,-97.150793,True,reservable,20,True,False,False,True,True,55,False,https://www.recreation.gov/camping/campgrounds/10177497,
10177518,Marion Cove,KS,USACE,Marion Reservoir,38.380691,-97.075302,True,reservable,17,False,False,False,True,True,45,False,https://www.recreation.gov/camping/campgrounds/10177518,
10180062,Pines Stanislaus,CA,FS,Stanislaus National Forest,37.818951,-120.093929,True,reservable,12,False,False,False,True,True,,False,https://www.recreation.gov/camping/campgrounds/10180062,
10180083,Holter Dam Campground,MT,BLM,Chain of Lakes,46.995520,-112.011950,True,reservable,17,False,False,False,True,True,65,False,https://www.recreation.gov/camping/campgrounds/10180083,
10182463,Kirch Flat Group Campground,CA,FS,Sierra National Forest,36.879216,-119.149090,True,reservable,1,False,False,False,True,True,,False,https://www.recreation.gov/camping/campgrounds/10182463,
10182617,San Pedro Group Campground,TX,NPS,Amistad National Recreation Area,29.471520,-100.954798,True,reservable,1,False,False,False,True,True,,False,https://www.recreation.gov/camping/campgrounds/10182617,
10182619,Rock Quarry Group Campground,TX,NPS,Amistad National Recreation Area,29.535398,-101.075821,True,reservable,1,False,False,False,True,True,,False,https://www.recreation.gov/camping/campgrounds/10182619,
10182621,277 North Group Campground,TX,NPS,Amistad National Recreation Area,29.511294,-100.907325,True,reservable,1,False,False,False,True,True,,False,https://www.recreation.gov/camping/campgrounds/10182621,
10185298,"Putah Canyon Campground- Napa, Ca (Bor)",CA,BOR,Lake Berryessa,38.511730,-122.102760,True,reservable,161,False,False,False,True,True,,False,https://www.recreation.gov/camping/campgrounds/10185298,
10187111,Elm Bluff Campground,AL,USACE,Alabama River Lakes,32.164383,-87.115396,True,reservable,11,False,True,False,True,False,,False,https://www.recreation.gov/camping/campgrounds/10187111,
10190876,Longleaf Campground,SC,NPS,Congaree National Park,33.835800,-80.828003,True,reservable,16,False,False,False,False,False,,False,https://www.recreation.gov/camping/campgrounds/10190876,https://www.recreation.gov/camping/campgrounds/10190876
10190967,Santa Cruz Island Prisoners Harbor,CA,NPS,Channel Islands National Park,34.017344,-119.682114,True,reservable,7,False,False,False,False,False,,False,https://www.recreation.gov/camping/campgrounds/10190967,
10191011,Marion Creek Campground,AK,BLM,Dalton Highway,67.316792,-150.159049,False,first-come,27,False,False,False,True,True,,False,,
10191039,Bluff Hike In Camping,SC,NPS,Congaree National Park,33.832108,-80.815506,True,reservable,6,False,False,False,False,False,,False,https://www.recreation.gov/camping/campgrounds/10191039,
10191050,East Shore Campground Or,OR,BLM,Umpqua Field Office,43.589805,-123.835936,True,reservable,7,False,False,False,True,False,15,False,https://www.recreation.gov/camping/campgrounds/10191050,
10191054,Sixes River Campground Or,OR,BLM,Myrtlewood Field Office,42.805038,-124.312701,False,first-come,19,False,False,False,False,False,,False,,
10191060,Boundary,ID,FS,Sawtooth National Forest,43.721600,-114.324700,False,first-come,4,False,False,False,False,False,,False,,
10191065,Diamondfield Jack Campground,ID,FS,Sawtooth National Forest,42.171472,-114.275893,False,first-come,0,False,False,False,False,False,,False,,
10191070,East Seelye Bay,MN,FS,Chippewa National Forest,47.524724,-94.095559,True,reservable,14,False,False,False,False,False,,False,https://www.recreation.gov/camping/campgrounds/10191070,
10191075,Lake Cleveland Campground - West Side,ID,FS,Sawtooth National Forest,42.324900,-113.648300,False,first-come,0,False,False,False,False,False,,False,,
10191080,Mabel Lake,MN,FS,Chippewa National Forest,47.049830,-94.071902,True,partly,21,False,False,False,True,False,,False,https://www.recreation.gov/camping/campgrounds/10191080,
10191085,North Star,MN,FS,Chippewa National Forest,47.556934,-93.652341,True,reservable,39,False,False,False,True,True,100,False,https://www.recreation.gov/camping/campgrounds/10191085,
10191090,Pettit Campground,ID,FS,Sawtooth National Forest,42.182700,-114.281300,False,first-come,0,False,False,False,False,False,,False,,
10191095,Schipper Campground,ID,FS,Sawtooth National Forest,42.322699,-114.268068,False,first-come,0,False,False,False,False,False,,False,,
10191100,Steer Basin Campground,ID,FS,Sawtooth National Forest,42.279700,-114.259400,False,first-come,0,False,False,False,False,False,,False,,
10191105,Twin Lakes Campground (Sawtooth),ID,FS,Sawtooth National Forest,42.317857,-113.625292,False,first-come,0,False,False,False,False,False,,False,,
10191110,Upper Penstemon Campground,ID,FS,Sawtooth National Forest,42.194344,-114.285877,False,first-come,0,False,False,False,False,False,,False,,
10191115,Webster Lake,MN,FS,Chippewa National Forest,47.603435,-94.508474,True,partly,16,False,False,False,False,False,,False,https://www.recreation.gov/camping/campgrounds/10191115,
10192012,Bobcat Lake Camp,MI,FS,Ottawa National Forest,46.359240,-89.672941,False,first-come,0,False,False,False,False,False,,False,,
10192032,Crocker Campground,CA,FS,Plumas National Forest,39.891041,-120.421990,False,first-come,9,False,False,False,False,False,,False,,
10192037,Dark Canyon Campground,CA,FS,San Bernardino National Forest,33.803978,-116.732053,False,first-come,0,False,False,False,False,False,,False,,
10192042,Deanes Valley Family CG Plumas NF,CA,FS,Plumas National Forest,39.889637,-121.025063,True,partly,11,False,False,False,True,False,,False,https://www.recreation.gov/camping/campgrounds/10192042,
10192062,Henry Lake Camp,MI,FS,Ottawa National Forest,46.331637,-89.790043,False,first-come,0,False,False,False,False,False,,False,,
10192067,Horse Springs Campground,CA,FS,San Bernardino National Forest,34.352222,-117.068889,False,first-come,0,False,False,False,False,False,,False,,
10192077,Laufman Family Campground,CA,FS,Plumas National Forest,40.135600,-120.348300,True,reservable,9,False,False,False,False,False,,False,https://www.recreation.gov/camping/campgrounds/10192077,
10192092,Meadow View Family Campground,CA,FS,Plumas National Forest,40.035100,-120.212600,True,reservable,9,False,False,False,False,False,,False,https://www.recreation.gov/camping/campgrounds/10192092,
10192097,Moosehead Lake Camp,MI,FS,Ottawa National Forest,46.241627,-89.604359,False,first-come,0,False,False,False,False,False,,False,,
10192102,Meadow Camp,CA,FS,Plumas National Forest,39.931750,-121.042427,True,reservable,10,False,False,False,True,False,40,False,https://www.recreation.gov/camping/campgrounds/10192102,
10192122,Pinyon Flat Campground,CA,FS,San Bernardino National Forest,33.584877,-116.456766,False,first-come,0,False,False,False,False,False,,False,,
10192127,Pomeroy Lake Camp,MI,FS,Ottawa National Forest,46.281466,-89.573968,False,first-come,0,False,False,False,False,False,,False,,
10192132,Rock Creek Campground,CA,FS,Plumas National Forest,39.901097,-121.135475,True,partly,10,False,False,False,True,False,,False,https://www.recreation.gov/camping/campgrounds/10192132,
10192147,Silver Lake Campground,CA,FS,Plumas National Forest,39.959080,-121.135474,True,partly,13,False,False,False,True,False,,False,https://www.recreation.gov/camping/campgrounds/10192147,
10192152,Snake Lake Campground And Equestrian Camp,CA,FS,Plumas National Forest,39.973924,-121.015427,True,reservable,21,False,False,False,True,False,25,False,https://www.recreation.gov/camping/campgrounds/10192152,
10196202,Sig Creek,CO,FS,San Juan National Forest,37.6335,-107.8838,True,reservable,9,False,False,False,True,False,,False,https://www.recreation.gov/camping/campgrounds/10196202,
10197849,Landslide,CA,FS,Sequoia National Forest,36.763752,-118.882209,True,reservable,8,False,False,False,True,True,,False,https://www.recreation.gov/camping/campgrounds/10197849,
10199721,Rainbow Park Campground,UT,NPS,Dinosaur National Monument,40.495401,-109.174174,True,reservable,5,False,False,False,True,True,25,False,https://www.recreation.gov/camping/campgrounds/10199721,https://www.nps.gov/dino/planyourvisit/rainbowparkcampground.htm
10199726,West Point Campground,CA,FS,Eldorado National Forest,38.870948,-120.441785,True,reservable,23,False,False,False,True,True,,False,https://www.recreation.gov/camping/campgrounds/10199726,
10199750,Gates Of Lodore Campground,CO,NPS,Dinosaur National Monument,40.727190,-108.888010,True,reservable,21,False,False,False,True,True,,False,https://www.recreation.gov/camping/campgrounds/10199750,https://www.nps.gov/dino/planyourvisit/gatesoflodorecampground.htm
10199771,Deerlodge Park Campground,CO,NPS,Dinosaur National Monument,40.446391,-108.512640,False,first-come,8,False,False,False,True,True,,False,,https://www.nps.gov/dino/planyourvisit/deerlodgecampground.htm
10199782,Antelope Point RV Park,AZ,NPS,Glen Canyon National Recreation Area,36.956031,-111.431236,False,first-come,0,False,False,False,False,False,,False,,https://antelopepointlakepowell.com/explore-lake-powell/rv-park/
10203708,Tullahasse Loop,OK,USACE,Arkansas River - Chouteau Lock and Dam,35.889497,-95.446549,True,reservable,15,False,False,False,True,True,,False,https://www.recreation.gov/camping/campgrounds/10203708,
10203797,Appletree Campground,CA,FS,Angeles National Forest,34.386599,-117.713431,True,reservable,8,False,False,False,True,True,,False,https://www.recreation.gov/camping/campgrounds/10203797,
10203806,Peavine Campground,CA,FS,Angeles National Forest,34.389624,-117.718706,True,reservable,4,False,False,False,True,True,,False,https://www.recreation.gov/camping/campgrounds/10203806,
10203811,Dockery Lake Recreation Area,GA,FS,Chattahoochee-Oconee National Forest,34.6641,-83.9813,True,reservable,11,False,False,False,True,True,,False,https://www.recreation.gov/camping/campgrounds/10203811,
10206584,Williams Lake Campground,ID,BLM,Salmon Field Office (BLM),45.024183,-113.965303,True,reservable,18,False,False,False,False,False,,False,https://www.recreation.gov/camping/campgrounds/10206584,
10206603,Tower Rock Campground,ID,BLM,Salmon Field Office (BLM),45.312086,-113.906250,True,reservable,12,False,False,False,False,False,,False,https://www.recreation.gov/camping/campgrounds/10206603,
10206616,Mcfarland Campground,ID,BLM,Salmon Field Office (BLM),44.802423,-113.566668,True,reservable,18,False,False,False,False,False,,False,https://www.recreation.gov/camping/campgrounds/10206616,
10206635,Shoup Bridge Campground,ID,BLM,Salmon Field Office (BLM),45.098000,-113.893295,True,reservable,16,False,False,False,False,False,,False,https://www.recreation.gov/camping/campgrounds/10206635,
10206646,Morgan Bar Campground,ID,BLM,Salmon Field Office (BLM),45.253068,-113.907640,True,reservable,16,False,False,False,False,False,,False,https://www.recreation.gov/camping/campgrounds/10206646,
10207636,Look Rock Campground,TN,NPS,Great Smoky Mountains National Park,35.636905,-83.936143,True,reservable,69,True,True,False,True,True,48,False,https://www.recreation.gov/camping/campgrounds/10207636,https://www.nps.gov/grsm/planyourvisit/look-rock-campground.htm
10207706,Three Creek Group Site,WA,FS,Okanogan-Wenatchee National Forest,48.009860,-120.609970,True,reservable,1,False,False,False,True,False,28,False,https://www.recreation.gov/camping/campgrounds/10207706,
10207708,Lake Eaton Campground,FL,FS,National Forests in Florida,29.253923,-81.865579,True,reservable,14,False,False,False,True,True,,False,https://www.recreation.gov/camping/campgrounds/10207708,
10207723,Lake Dorr Campground,FL,FS,National Forests in Florida,29.012542,-81.639965,True,reservable,34,False,False,False,True,True,,False,https://www.recreation.gov/camping/campgrounds/10207723,
10207758,Lake Delancy West Campground,FL,FS,National Forests in Florida,29.426916,-81.788413,True,reservable,120,False,False,False,True,True,,False,https://www.recreation.gov/camping/campgrounds/10207758,
10207879,Fore Lake Campground,FL,FS,National Forests in Florida,29.270233,-81.918483,True,reservable,32,True,False,False,True,True,,False,https://www.recreation.gov/camping/campgrounds/10207879,
10207911,Big Bass Campground,FL,FS,National Forests in Florida,28.985154,-81.784206,True,reservable,19,False,False,False,True,True,,False,https://www.recreation.gov/camping/campgrounds/10207911,
10208831,Stone Creek Campground,OR,FS,Mt. Hood National Forest,45.107500,-121.785278,True,reservable,47,False,False,False,True,True,,False,https://www.recreation.gov/camping/campgrounds/10208831,
10210112,Ashurst Lake,AZ,FS,Coconino National Forest Recreation,35.019530,-111.408470,True,partly,25,False,False,False,True,True,,False,https://www.recreation.gov/camping/campgrounds/10210112,
10210132,Canyon Vista,AZ,FS,Coconino National Forest Recreation,35.123209,-111.598775,True,reservable,14,False,False,False,True,True,,False,https://www.recreation.gov/camping/campgrounds/10210132,
10211940,Apache,NM,FS,Lincoln National Forest,32.968010,-105.729010,True,reservable,29,False,False,False,False,False,30,False,https://www.recreation.gov/camping/campgrounds/10211940,
10211955,Capilla Peak,NM,FS,Cibola National Forest and Grasslands,34.699478,-106.402739,True,partly,12,False,False,False,True,False,,False,https://www.recreation.gov/camping/campgrounds/10211955,
10212015,Echo Amphitheater,NM,FS,Carson National Forest,36.359085,-106.523575,True,reservable,13,True,False,False,True,True,54,False,https://www.recreation.gov/camping/campgrounds/10212015,
10212150,Red Canyon,NM,FS,Cibola National Forest and Grasslands,34.617025,-106.402694,True,reservable,42,False,False,False,True,True,,False,https://www.recreation.gov/camping/campgrounds/10212150,
10212165,Saddle,NM,FS,Lincoln National Forest,32.971010,-105.726010,True,reservable,21,False,False,False,False,False,30,False,https://www.recreation.gov/camping/campgrounds/10212165,
10212175,Silver,NM,FS,Lincoln National Forest,32.975010,-105.727010,True,reservable,35,False,False,False,False,False,30,False,https://www.recreation.gov/camping/campgrounds/10212175,
10212180,Sleepy Grass,NM,FS,Lincoln National Forest,32.942010,-105.738010,True,reservable,25,False,False,False,True,True,82,False,https://www.recreation.gov/camping/campgrounds/10212180,
10214334,Wagner Lake,MI,FS,Huron-Manistee National Forests,44.553715,-84.147089,True,reservable,12,False,False,False,True,True,70,False,https://www.recreation.gov/camping/campgrounds/10214334,
10214347,Island Lake,MI,FS,Huron-Manistee National Forests,44.509999,-84.141670,True,reservable,17,False,False,False,True,True,70,False,https://www.recreation.gov/camping/campgrounds/10214347,
10214365,Gabions Campground,MI,FS,Huron-Manistee National Forests,44.621047,-83.847062,True,reservable,8,False,False,False,True,True,99,False,https://www.recreation.gov/camping/campgrounds/10214365,
10214374,Au Sable Loop Campground,MI,FS,Huron-Manistee National Forests,44.651110,-84.099440,True,reservable,5,False,False,False,True,True,99,False,https://www.recreation.gov/camping/campgrounds/10214374,
10214609,Mitchell Landing Campground,FL,NPS,Big Cypress National Preserve,25.755491,-80.929249,True,reservable,12,False,False,False,True,True,14,False,https://www.recreation.gov/camping/campgrounds/10214609,
10214622,Pink Jeep Campground,FL,NPS,Big Cypress National Preserve,25.970800,-81.081200,True,reservable,9,False,False,False,False,True,,False,https://www.recreation.gov/camping/campgrounds/10214622,
10214632,Bear Island Campground,FL,NPS,Big Cypress National Preserve,25.970796,-81.081206,True,reservable,40,False,False,False,True,True,,False,https://www.recreation.gov/camping/campgrounds/10214632,
10214673,Superbowl Campground,UT,BLM,Bears Ears National Monument,38.145806,-109.622019,True,partly,37,False,False,False,True,True,,False,https://www.recreation.gov/camping/campgrounds/10214673,
10214711,Sand Island Recreation Area,UT,BLM,Bears Ears National Monument,37.262559,-109.610336,True,partly,23,False,False,False,True,True,,False,https://www.recreation.gov/camping/campgrounds/10214711,
10214735,Creek Pasture Campground,UT,BLM,Bears Ears National Monument,38.166083,-109.631797,True,partly,32,False,False,False,True,True,,False,https://www.recreation.gov/camping/campgrounds/10214735,
10214768,Hamburger Rock Campground,UT,BLM,Bears Ears National Monument,38.191975,-109.669503,True,partly,10,False,False,False,True,True,,False,https://www.recreation.gov/camping/campgrounds/10214768,
10215854,C C C Tonto NF,AZ,FS,Tonto National Forest,33.970481,-111.865287,False,first-come,0,False,False,False,False,False,,False,,
10215884,Horseshoe,AZ,FS,Tonto National Forest,33.976938,-111.716735,False,first-come,0,False,False,False,False,False,,False,,
10215894,Lower Tonto Creek,AZ,FS,Tonto National Forest,34.332549,-111.097312,False,first-come,13,False,False,False,True,True,,False,,
10215904,Mesquite,AZ,FS,Tonto National Forest,33.965917,-111.718180,False,first-come,0,False,False,False,False,False,,False,,
10215909,Mingus Mountain Campground And Group Site,AZ,FS,Prescott National Forest,34.692560,-112.120523,True,reservable,32,False,False,False,True,True,99,False,https://www.recreation.gov/camping/campgrounds/10215909,
10215919,Riverside Campground,AZ,FS,Tonto National Forest,33.809875,-111.646490,False,first-come,0,False,False,False,False,False,,False,,
10215924,Gator Head Campground,FL,NPS,Big Cypress National Preserve,26.223800,-81.267800,True,reservable,9,False,False,False,False,False,,False,https://www.recreation.gov/camping/campgrounds/10215924,
10215934,Upper Tonto Creek,AZ,FS,Tonto National Forest,34.339314,-111.094215,True,reservable,13,False,False,False,True,True,,False,https://www.recreation.gov/camping/campgrounds/10215934,
10216489,Courthouse Rock Campground,UT,BLM,Moab Field Office (BLM),38.720383,-109.733661,True,partly,10,False,False,False,True,True,45,False,https://www.recreation.gov/camping/campgrounds/10216489,
10216501,Westwater Campground (Ranger Station),UT,BLM,Westwater Canyon River,39.087919,-109.101899,True,partly,11,False,False,False,True,True,17,False,https://www.recreation.gov/camping/campgrounds/10216501,
10218892,Lake Conasauga Campground,GA,FS,Chattahoochee-Oconee National Forest,34.860805,-84.649786,True,reservable,36,False,True,False,True,True,,False,https://www.recreation.gov/camping/campgrounds/10218892,
10218922,Kneff Lake Campground,MI,FS,Huron-Manistee National Forests,44.639240,-84.579398,True,reservable,27,False,False,False,False,True,80,False,https://www.recreation.gov/camping/campgrounds/10218922,
10218950,Meadows ORV Campground,MI,FS,Huron-Manistee National Forests,44.559264,-84.309164,True,reservable,13,False,False,False,True,True,99,False,https://www.recreation.gov/camping/campgrounds/10218950,
10220609,Wawona Horse Campsites,CA,NPS,Yosemite National Park,37.539277,-119.653589,True,reservable,2,False,False,False,True,True,35,False,https://www.recreation.gov/camping/campgrounds/10220609,
10220612,Meeks Bay Resort,CA,FS,Lake Tahoe Basin Management Unit,39.038191,-120.123387,True,reservable,99,True,True,False,False,True,20,False,https://www.recreation.gov/camping/campgrounds/10220612,
10221637,Davis Flat,CA,FS,Mendocino National Forest,39.362936,-122.653723,False,first-come,0,False,False,False,False,False,,False,,
10221642,Dixie Glade Campground,CA,FS,Mendocino National Forest,39.336276,-122.703479,False,first-come,10,False,False,False,False,False,,False,,
10221647,Fouts,CA,FS,Mendocino National Forest,39.359736,-122.652187,False,first-come,0,False,False,False,False,False,,False,,
10221652,Letts Lake Campground,CA,FS,Mendocino National Forest,39.302844,-122.707693,False,first-come,45,False,False,False,False,False,,False,,
10221657,Little Stony,CA,FS,Mendocino National Forest,39.286417,-122.576463,False,first-come,8,False,False,False,False,False,,False,,
10221662,Mill Creek,CA,FS,Mendocino National Forest,39.355780,-122.654079,False,first-come,6,False,False,False,False,False,,False,,
10221667,Mill Valley Campground,CA,FS,Mendocino National Forest,39.318340,-122.706169,False,first-come,15,False,False,False,False,False,,False,,
10221672,North Fork,CA,FS,Mendocino National Forest,39.379100,-122.648233,False,first-come,0,False,False,False,False,False,,False,,
10221677,South Fork Campground,CA,FS,Mendocino National Forest,39.361507,-122.652590,False,first-come,0,False,False,False,False,False,,False,,
10224512,Willow Beach Campground,AZ,NPS,Lake Mead National Recreation Area,35.873363,-114.652163,False,first-come,0,False,False,False,False,False,,False,,https://willowbeachharbor.com/willow-beach-campground-and-rv-park/
10224515,Katherine Landing Campground,AZ,NPS,Lake Mead National Recreation Area,35.223176,-114.556777,False,first-come,0,False,False,False,False,False,,False,,https://katherinelanding.com/amenities/#camping
10224517,Echo Bay RV Park,NV,NPS,Lake Mead National Recreation Area,36.310076,-114.431998,False,first-come,0,False,False,False,False,False,,False,,https://lakemeadmohaveadventures.com/echo-bay-rv-village/
10224520,Temple Bar RV Park,AZ,NPS,Lake Mead National Recreation Area,36.034137,-114.322793,False,first-come,0,False,False,False,False,False,,False,,https://templebarlakemead.com/rv-park-campground/
10224523,Cottonwood Cove RV Park,NV,NPS,Lake Mead National Recreation Area,35.490803,-114.688352,False,first-come,0,False,False,False,False,False,,False,,https://cottonwoodcoveresort.com/explore/lodging-rv-camp/
10224525,Katherine Landing RV Park,AZ,NPS,Lake Mead National Recreation Area,35.222344,-114.562007,False,first-come,0,False,False,False,False,False,,False,,https://katherinelanding.com/amenities/#rv-camping
10225615,Willow Beach RV Park,AZ,NPS,Lake Mead National Recreation Area,35.873363,-114.652163,False,first-come,0,False,False,False,False,False,,False,,https://willowbeachharbor.com/willow-beach-campground-and-rv-park/
10227374,Lost Johnny Campground,MT,FS,Flathead National Forest,48.306822,-113.969631,True,reservable,5,False,False,False,True,True,,False,https://www.recreation.gov/camping/campgrounds/10227374,
10227380,Seeley Lake Lolo Campground,MT,FS,Lolo National Forest,47.191550,-113.519510,True,reservable,30,False,False,False,True,True,64,False,https://www.recreation.gov/camping/campgrounds/10227380,
10227416,Rabbit Valley,CO,BLM,McInnis Canyons National Conservation Area,39.186730,-109.018983,True,reservable,77,False,False,False,True,True,60,False,https://www.recreation.gov/camping/campgrounds/10227416,
10231392,Bakers Hole,MT,FS,Custer Gallatin National Forest,44.665520,-111.099810,True,partly,73,True,False,False,True,True,45,False,https://www.recreation.gov/camping/campgrounds/10231392,
10232106,Collins Cove Horse Campground,VA,FS,George Washington & Jefferson National Forest,36.833332,-81.042780,False,first-come,11,False,False,False,True,True,,False,,
10234870,Long Branch Campground,MS,USACE,Enid Lake,34.126564,-89.844471,True,reservable,13,False,False,False,True,True,,False,https://www.recreation.gov/camping/campgrounds/10234870,
10234885,Plum Point Campground,MS,USACE,Enid Lake,34.160244,-89.854531,True,reservable,8,False,False,False,True,True,,False,https://www.recreation.gov/camping/campgrounds/10234885,
10234906,Riffle Run Campground,WV,USACE,Burnsville Lake,38.841225,-80.611331,True,reservable,60,True,True,False,True,True,118,False,https://www.recreation.gov/camping/campgrounds/10234906,
10234967,Paiute Campground,UT,FS,Fishlake National Forest,38.617479,-111.653015,True,reservable,48,False,False,False,True,True,35,False,https://www.recreation.gov/camping/campgrounds/10234967,
10235833,Bear Creek Campground - Mt,MT,FS,Beaverhead-Deerlodge National Forest,45.110030,-110.599650,True,reservable,1,False,False,False,True,True,,False,https://www.recreation.gov/camping/campgrounds/10235833,
10235835,Guyandotte Campground,WV,USACE,R.D. Bailey Lake,37.586477,-81.720025,True,reservable,92,True,True,False,True,True,,False,https://www.recreation.gov/camping/campgrounds/10235835,
10235928,Lake Conasauga Overflow Campground,GA,FS,Chattahoochee-Oconee National Forest,34.855820,-84.657990,True,reservable,6,False,False,False,True,True,,False,https://www.recreation.gov/camping/campgrounds/10235928,
10236797,Eagle Point Campground,MS,USACE,Grenada Lake,33.801507,-89.763754,True,reservable,8,False,False,False,True,True,,False,https://www.recreation.gov/camping/campgrounds/10236797,
10236806,Juanita Lake Campground,CA,FS,Klamath National Forest,41.817400,-122.124200,True,reservable,23,False,False,False,False,False,,False,https://www.recreation.gov/camping/campgrounds/10236806,
10238102,Pine Lake Campground,WI,FS,Chequamegon-Nicolet NF,45.686800,-88.990000,True,reservable,13,False,False,False,True,True,45,False,https://www.recreation.gov/camping/campgrounds/10238102,
10238116,Lac Vieux Desert Campground,WI,FS,Chequamegon-Nicolet NF,46.136400,-89.152700,True,reservable,32,False,False,False,True,True,40,False,https://www.recreation.gov/camping/campgrounds/10238116,
10238157,Stevens Lake Campground,WI,FS,Chequamegon-Nicolet NF,45.924700,-88.712700,True,reservable,7,False,False,False,True,True,,False,https://www.recreation.gov/camping/campgrounds/10238157,
10238165,Pax River Hog Point Campgrounds,MD,NAVY,Naval Airstation (NAS) Patuxent River,38.306996,-76.394861,True,reservable,4,False,False,False,True,True,,False,https://www.recreation.gov/camping/campgrounds/10238165,
10238170,Pax River Paradise Grove Campgrounds,MD,NAVY,Naval Airstation (NAS) Patuxent River,38.306411,-76.396246,True,reservable,12,False,False,False,True,True,,False,https://www.recreation.gov/camping/campgrounds/10238170,
10239233,Sleepy Bend Campground,MS,USACE,Sardis Lake,34.401097,-89.789875,True,reservable,50,False,False,False,False,False,,False,https://www.recreation.gov/camping/campgrounds/10239233,
10239284,Beach Point Campground,MS,USACE,Sardis Lake,34.401097,-89.789875,True,reservable,14,False,False,False,False,False,,False,https://www.recreation.gov/camping/campgrounds/10239284,
10241500,Cleveland Reservoir Campground,UT,FS,Manti-La Sal National Forest,39.579910,-111.242972,False,first-come,2,False,False,False,False,False,,False,,
10241503,River Bend Campground,UT,FS,Manti-La Sal National Forest,39.434940,-111.132156,False,first-come,1,False,False,False,False,False,,False,,
10241505,Fish Creek Campground,UT,FS,Manti-La Sal National Forest,39.774720,-111.201949,False,first-come,7,False,False,False,True,True,30,False,,
10241507,Little Rock Campground,UT,FS,Manti-La Sal National Forest,39.544254,-111.163992,False,first-come,1,False,False,False,False,False,,False,,
10241509,Lower Little Bear Campground,UT,FS,Manti-La Sal National Forest,39.443436,-111.136376,False,first-come,2,False,False,False,False,False,,False,,
10241512,Ferron Reservoir Campground Ferron North,UT,FS,Manti-La Sal National Forest,39.143500,-111.455200,False,first-come,1,False,False,False,False,False,,False,,
10243223,Jack Creek Campground,WY,FS,Medicine Bow-Routt NFs & Thunder Basin NG,41.308540,-105.629614,True,reservable,16,False,False,False,True,True,,False,https://www.recreation.gov/camping/campgrounds/10243223,
10243240,Lincoln Park Campground,WY,FS,Medicine Bow-Routt NFs & Thunder Basin NG,41.3735,-106.5137,True,partly,12,False,False,False,True,True,,False,https://www.recreation.gov/camping/campgrounds/10243240,
10243253,Lost Creek Campground,WY,FS,Medicine Bow-Routt NFs & Thunder Basin NG,41.1417,-107.0767,True,partly,13,False,False,False,False,False,,False,https://www.recreation.gov/camping/campgrounds/10243253,
10243267,Bottle Creek Campground,WY,FS,Medicine Bow-Routt NFs & Thunder Basin NG,41.308540,-105.629614,True,reservable,12,False,False,False,True,True,,False,https://www.recreation.gov/camping/campgrounds/10243267,
10243280,Bow River Campground,WY,FS,Medicine Bow-Routt NFs & Thunder Basin NG,41.308540,-105.629614,True,reservable,13,False,False,False,True,True,,False,https://www.recreation.gov/camping/campgrounds/10243280,
10243294,French Creek Campground,WY,FS,Medicine Bow-Routt NFs & Thunder Basin NG,41.226338,-106.480428,True,partly,11,False,False,False,True,True,,False,https://www.recreation.gov/camping/campgrounds/10243294,
10244097,"Deep Creek Campground, Medicine Bow-Routt",WY,FS,Medicine Bow-Routt NFs & Thunder Basin NG,41.459,-106.2726,True,reservable,47,False,False,False,True,True,,False,https://www.recreation.gov/camping/campgrounds/10244097,
10244145,Sugarloaf Campground,WY,FS,Medicine Bow-Routt NFs & Thunder Basin NG,41.353998,-106.293838,True,partly,17,False,False,False,True,False,,False,https://www.recreation.gov/camping/campgrounds/10244145,
10244162,Six Mile Campground,WY,FS,Medicine Bow-Routt NFs & Thunder Basin NG,41.0444,-106.399,True,partly,9,False,False,False,True,True,,False,https://www.recreation.gov/camping/campgrounds/10244162,
10244184,Boxelder Forks Campground,SD,FS,Black Hills National Forest,44.197833,-103.535268,True,reservable,14,False,False,False,True,True,60,False,https://www.recreation.gov/camping/campgrounds/10244184,
10246293,Carberry Group Campground,OR,FS,Rogue River-Siskiyou National Forest,42.024903,-123.165249,True,reservable,1,False,False,False,True,True,,False,https://www.recreation.gov/camping/campgrounds/10246293,
10249153,Beaver Dam Group Campground,OR,FS,Rogue River-Siskiyou National Forest,42.303962,-122.366977,True,reservable,1,False,False,False,True,False,,False,https://www.recreation.gov/camping/campgrounds/10249153,
10249158,Marzinski Horse Campground,MI,FS,Huron-Manistee National Forests,44.225618,-86.161485,True,reservable,19,False,False,False,True,False,,False,https://www.recreation.gov/camping/campgrounds/10249158,
10249178,Jacks River Fields Campground,GA,FS,Chattahoochee-Oconee National Forest,34.863417,-84.520124,False,first-come,8,False,False,False,True,True,,False,,
10249187,North Fork Catherine Creek Group Campground,OR,FS,Wallowa Whitman National Forest,45.148539,-117.619280,True,reservable,1,False,False,False,True,True,,False,https://www.recreation.gov/camping/campgrounds/10249187,
10250469,Alpine Meadows Campground,WA,FS,Okanogan-Wenatchee National Forest,48.046500,-120.834000,False,first-come,8,False,False,False,False,False,,False,,
10250474,Atkinson Flats,WA,FS,Okanogan-Wenatchee National Forest,48.0025,-120.819,False,first-come,7,False,False,False,False,False,,False,,
10250484,Blackpine Cr Horsecamp,WA,FS,Okanogan-Wenatchee National Forest,48.093700,-120.313000,False,first-come,10,False,False,False,False,False,,False,,
10250489,Cable Mountain Campground,MT,FS,Beaverhead-Deerlodge National Forest,46.2219,-113.2468,False,first-come,11,False,False,False,False,False,,False,,
10250494,Cat Creek Campground,WA,FS,Gifford Pinchot National Forest,45.923100,-121.909800,False,first-come,5,False,False,False,False,False,,False,,
10250499,Cherry Creek Campground,MT,FS,Custer Gallatin National Forest,45.677990,-111.036890,False,first-come,0,False,False,False,False,False,,False,,
10250504,Chiwawa Horse Camp,WA,FS,Okanogan-Wenatchee National Forest,47.9725,-120.792,False,first-come,0,False,False,False,False,False,,False,,
10250509,Forked Pine Campground,AZ,FS,Coconino National Forest Recreation,35.023160,-111.398410,True,partly,24,False,False,False,True,True,32,False,https://www.recreation.gov/camping/campgrounds/10250509,
10250514,Cody Horsecamp,WA,FS,Gifford Pinchot National Forest,46.3634,-121.5692,False,first-come,16,False,False,False,False,False,,False,,
10250519,Copper Creek Campground,MT,FS,Beaverhead-Deerlodge National Forest,46.0661,-113.5435,False,first-come,8,False,False,False,False,False,,False,,
10250524,East Fork Campground,MT,FS,Beaverhead-Deerlodge National Forest,45.500000,-112.800000,False,first-come,8,False,False,False,False,False,,False,,
10250529,Finner Creek,WA,FS,Okanogan-Wenatchee National Forest,48.093700,-120.313000,False,first-come,0,False,False,False,False,False,,False,,
10250534,Flint Creek Campground,MT,FS,Beaverhead-Deerlodge National Forest,46.2338,-113.3022,False,first-come,10,False,False,False,False,False,,False,,
10250539,Glacier View,WA,FS,Okanogan-Wenatchee National Forest,48.093700,-120.313000,False,first-come,16,False,False,False,False,False,,False,,
10250544,Goose Creek,WA,FS,Okanogan-Wenatchee National Forest,48.093700,-120.313000,False,first-come,0,False,False,False,False,False,,False,,
10250549,Goose Lake Campground,WA,FS,Gifford Pinchot National Forest,45.9395,-121.7564,False,first-come,0,False,False,False,False,False,,False,,
10250554,Horseshoe Lake Campground,WA,FS,Gifford Pinchot National Forest,46.3087,-121.5666,False,first-come,11,False,False,False,False,False,,False,,
10250559,Icewater Creek Campground,WA,FS,Okanogan-Wenatchee National Forest,48.093700,-120.313000,False,first-come,15,False,False,False,False,False,,False,,
10250564,Ida Creek,WA,FS,Okanogan-Wenatchee National Forest,48.093700,-120.313000,False,first-come,0,False,False,False,False,False,,False,,
10250569,Johnny Creek,WA,FS,Okanogan-Wenatchee National Forest,47.5991,-120.8169,False,first-come,65,False,False,False,False,False,,False,,
10250574,Keenes Horsecamp,WA,FS,Gifford Pinchot National Forest,46.309,-121.5463,False,first-come,13,False,False,False,False,False,,False,,
10250579,Killen Creek Campground,WA,FS,Gifford Pinchot National Forest,46.2934,-121.5483,False,first-come,0,False,False,False,False,False,,False,,
10250584,Lake Owen,WY,FS,Medicine Bow-Routt NFs & Thunder Basin NG,41.1458,-106.1007,True,reservable,39,False,False,False,True,False,,False,https://www.recreation.gov/camping/campgrounds/10250584,
10250589,Pine Campground,WY,FS,Medicine Bow-Routt NFs & Thunder Basin NG,41.308540,-105.629614,True,reservable,10,False,False,False,True,False,,False,https://www.recreation.gov/camping/campgrounds/10250589,
10250594,Willow Campground,WY,FS,Medicine Bow-Routt NFs & Thunder Basin NG,41.308540,-105.629614,True,partly,20,False,False,False,True,False,,False,https://www.recreation.gov/camping/campgrounds/10250594,
10250599,Nash Fork,WY,FS,Medicine Bow-Routt NFs & Thunder Basin NG,41.3588,-106.2357,True,partly,28,False,False,False,True,False,,False,https://www.recreation.gov/camping/campgrounds/10250599,
10250609,Olallie Lake Campground,WA,FS,Gifford Pinchot National Forest,46.2908,-121.6222,False,first-come,0,False,False,False,False,False,,False,,
10250614,Owhi Campground,WA,FS,Okanogan-Wenatchee National Forest,48.093700,-120.313000,False,first-come,0,False,False,False,False,False,,False,,
10250619,Pelton Creek,WY,FS,Medicine Bow-Routt NFs & Thunder Basin NG,41.0736,-106.3035,True,reservable,18,False,False,False,True,False,,False,https://www.recreation.gov/camping/campgrounds/10155980,
10250624,Phelps Creek Campground,WA,FS,Okanogan-Wenatchee National Forest,48.093700,-120.313000,False,first-come,0,False,False,False,False,False,,False,,
10250629,Racetrack Campground,MT,FS,Beaverhead-Deerlodge National Forest,45.500000,-112.800000,False,first-come,13,False,False,False,False,False,,False,,
10250634,Red Mountain Campground,WA,FS,Okanogan-Wenatchee National Forest,47.365881,-121.102032,False,first-come,10,False,False,False,False,False,,False,,
10250639,Riverbend Campground,WA,FS,Okanogan-Wenatchee National Forest,48.093700,-120.313000,False,first-come,0,False,False,False,False,False,,False,,
10250644,Rob Roy Campground,WY,FS,Medicine Bow-Routt NFs & Thunder Basin NG,41.2155,-106.2526,True,reservable,69,False,False,False,True,False,,False,https://www.recreation.gov/camping/campgrounds/10155980,
10250649,Rock Creek Campground,WA,FS,Okanogan-Wenatchee National Forest,47.970100,-120.791000,False,first-come,0,False,False,False,False,False,,False,,
10250654,Rock Island,WA,FS,Okanogan-Wenatchee National Forest,48.093700,-120.313000,False,first-come,0,False,False,False,False,False,,False,,
10250659,Lower Hermosa,CO,FS,San Juan National Forest,37.4544,-107.857,False,first-come,19,False,False,False,False,False,,False,,
10250664,Schaefer Creek,WA,FS,Okanogan-Wenatchee National Forest,48.093700,-120.313000,False,first-come,0,False,False,False,False,False,,False,,
10250669,Auxiliary Dam,CA,FS,Sequoia National Forest,35.6432,-118.4629,False,first-come,0,False,False,False,False,False,,False,,
10250674,South Fork Rec,CA,FS,Sequoia National Forest,35.658567,-118.436891,False,first-come,0,False,False,False,False,False,,False,,
10250679,Soda Springs Campground,WA,FS,Gifford Pinchot National Forest,45.923100,-121.909800,False,first-come,7,False,False,False,False,False,,False,,
10250684,Spillway Campground,MT,FS,Beaverhead-Deerlodge National Forest,46.127,-113.3832,False,first-come,12,False,False,False,False,False,,False,,
10250689,Spring Creek Camp Area,MT,FS,Custer Gallatin National Forest,45.677990,-111.036890,False,first-come,0,False,False,False,False,False,,False,,
10250694,Stony Creek Campground,MT,FS,Beaverhead-Deerlodge National Forest,46.3486,-113.6074,False,first-come,10,False,False,False,False,False,,False,,
10250699,Swauk Campground,WA,FS,Okanogan-Wenatchee National Forest,48.093700,-120.313000,False,first-come,19,False,False,False,False,False,,False,,
10274252,Esterbrook Campground,WY,FS,Medicine Bow-Routt NFs & Thunder Basin NG,42.422200,-105.321600,True,reservable,12,False,False,False,True,True,51,False,https://www.recreation.gov/camping/campgrounds/10274252,
10276314,Arctic Circle Campground,AK,BLM,Dalton Highway,66.558000,-150.793200,False,first-come,19,False,False,False,False,False,,False,,
10276956,Cinnamon Bay Beach And Campground,VI,NPS,Virgin Islands National Park,18.352310,-64.754081,False,first-come,0,False,False,False,False,False,,False,,https://www.nps.gov/viis/planyourvisit/camping.htm
10280983,Larry Forbis Overnight Group Site,AZ,FS,Tonto National Forest,33.550958,-111.572686,True,reservable,3,False,False,False,False,False,,False,https://www.recreation.gov/camping/campgrounds/10280983,
10282557,Price Canyon Recreation Area,UT,BLM,Price Canyon Recreation Area,39.787646,-110.929083,True,reservable,14,False,False,False,False,False,,False,https://www.recreation.gov/camping/campgrounds/10282557,
10282572,Swasey's Beach Campground,UT,BLM,Desolation Canyon,39.115912,-110.112083,True,reservable,12,False,False,False,False,True,,False,https://www.recreation.gov/camping/campgrounds/10282572,
10283344,New Joe's Campground,UT,BLM,Price Field Office,39.598620,-110.819630,True,reservable,13,False,False,False,False,True,,False,https://www.recreation.gov/camping/campgrounds/10283344,
10283358,Temple Mountain Townsite Campground,UT,BLM,San Rafael Swell Recreation Area,38.667438,-110.686238,True,reservable,10,False,False,False,False,True,,False,https://www.recreation.gov/camping/campgrounds/10283358,
10283369,Buckhorn Draw,UT,BLM,San Rafael Swell Recreation Area,39.166104,-110.744746,True,reservable,33,False,False,False,True,True,,False,https://www.recreation.gov/camping/campgrounds/10283369,
10283403,Cottonwood Canyon Campground,UT,BLM,Price Field Office,39.598620,-110.819630,True,reservable,10,False,False,False,False,False,,False,https://www.recreation.gov/camping/campgrounds/10283403,
10283414,South Temple Wash,UT,BLM,San Rafael Swell Recreation Area,38.656807,-110.661184,True,reservable,12,False,False,False,False,False,,False,https://www.recreation.gov/camping/campgrounds/10283414,
10285377,Lake Alva Campground,MT,FS,Lolo National Forest,47.325000,-113.582000,True,partly,42,False,False,False,True,True,64,False,https://www.recreation.gov/camping/campgrounds/10285377,
10286341,Claylick Boat-In Campground,KY,FS,Daniel Boone National Forest,38.059030,-83.471534,True,reservable,2,False,False,False,True,True,,False,https://www.recreation.gov/camping/campgrounds/10286341,
10286344,East Dunes Campground,OR,FS,Siuslaw National Forest,45.287121,-123.955960,True,partly,61,False,False,False,True,True,40,False,https://www.recreation.gov/camping/campgrounds/10286344,
10288228,Cedar Pass Campground,SD,NPS,Badlands National Park,43.745000,-101.948360,True,reservable,100,True,False,False,True,False,65,False,https://www.recreation.gov/camping/campgrounds/10288228,
10288329,Grand Island National Recreation Area,MI,FS,Hiawatha National Forest,46.444850,-86.664628,True,reservable,18,False,False,False,True,True,,False,https://www.recreation.gov/camping/campgrounds/10288329,
10289155,Big Sandy Campground,WY,FS,Bridger-Teton National Forest,42.687767,-109.270787,True,reservable,9,False,False,False,False,False,,False,https://www.recreation.gov/camping/campgrounds/10289155,
10289160,Boulder Lake Campground,WY,FS,Bridger-Teton National Forest,42.856726,-109.617295,True,reservable,16,False,False,False,False,False,,False,https://www.recreation.gov/camping/campgrounds/10289160,
10289165,New Fork Lake Campground,WY,FS,Bridger-Teton National Forest,43.081104,-109.967952,True,reservable,16,False,False,False,False,False,,False,https://www.recreation.gov/camping/campgrounds/10289165,
10289170,Trails End Campground,WY,FS,Bridger-Teton National Forest,43.004780,-109.752156,True,reservable,9,False,False,False,False,False,,False,https://www.recreation.gov/camping/campgrounds/10289170,
10289175,Whiskey Grove Campground,WY,FS,Bridger-Teton National Forest,43.253887,-110.018556,True,reservable,10,False,False,False,False,False,,False,https://www.recreation.gov/camping/campgrounds/10289175,
10289180,Willow Lake Campground,WY,FS,Bridger-Teton National Forest,42.991378,-109.899787,True,reservable,11,False,False,False,False,False,,False,https://www.recreation.gov/camping/campgrounds/10289180,
10290681,Crystal Springs,CA,FS,Humboldt-Toiyabe National Forest Headquarters,38.764200,-119.845300,True,reservable,17,False,False,False,True,True,,False,https://www.recreation.gov/camping/campgrounds/10290681,
10290699,Bootleg,CA,FS,Humboldt-Toiyabe National Forest Headquarters,38.417700,-119.453500,True,reservable,63,False,False,False,False,False,,False,https://www.recreation.gov/camping/campgrounds/10290699,
10291355,Buckeye,CA,FS,Humboldt-Toiyabe National Forest Headquarters,38.238900,-119.325400,True,reservable,68,False,False,False,False,False,,False,https://www.recreation.gov/camping/campgrounds/10291355,
10291424,Obsidian,CA,FS,Humboldt-Toiyabe National Forest Headquarters,38.299900,-119.449200,True,reservable,11,False,False,False,True,True,,False,https://www.recreation.gov/camping/campgrounds/10291424,
10291436,Sonora Bridge,CA,FS,Humboldt-Toiyabe National Forest Headquarters,38.367400,-119.481800,True,reservable,23,False,False,False,True,False,,False,https://www.recreation.gov/camping/campgrounds/10291436,
10291460,Leavitt Meadows,CA,FS,Humboldt-Toiyabe National Forest Headquarters,38.337800,-119.554200,True,reservable,16,False,False,False,True,False,,False,https://www.recreation.gov/camping/campgrounds/10291460,
10291477,Markleeville,CA,FS,Humboldt-Toiyabe National Forest Headquarters,38.697700,-119.776400,True,reservable,9,False,False,False,False,False,,False,https://www.recreation.gov/camping/campgrounds/10291477,
10292145,Chris Flat,CA,FS,Humboldt-Toiyabe National Forest Headquarters,38.394300,-119.456200,True,reservable,15,False,False,False,True,False,,False,https://www.recreation.gov/camping/campgrounds/10292145,
10293122,Sunburst,NC,FS,National Forests in North Carolina,35.373693,-82.941524,True,reservable,10,False,False,False,True,True,,False,https://www.recreation.gov/camping/campgrounds/10293122,
10294618,Englebright Lake Boat-In Campground,CA,USACE,Harry L. Englebright Lake,39.239380,-121.262479,True,reservable,51,False,False,False,True,True,,False,https://www.recreation.gov/camping/campgrounds/10294618,
10294670,Cottonwood Group Site,ND,NPS,Theodore Roosevelt National Park,46.952633,-103.529666,True,reservable,1,False,False,False,True,False,45,False,https://www.recreation.gov/camping/campgrounds/10294670,
10296828,Hidden Lake Campground,AK,FWS,Kenai National Wildlife Refuge,60.458330,-150.194500,True,partly,25,False,False,False,True,True,,False,https://www.recreation.gov/camping/campgrounds/10296828,
10296877,Horse Creek Campground,OR,FS,Siuslaw National Forest,44.107081,-124.092186,True,reservable,12,False,False,False,True,True,60,False,https://www.recreation.gov/camping/campgrounds/10296877,
10296890,Pocket Campground,GA,FS,Chattahoochee-Oconee National Forest,34.583573,-85.085440,True,reservable,26,False,False,False,True,True,,False,https://www.recreation.gov/camping/campgrounds/10296890,
10296917,Buzzard Roost Campground,IN,FS,Hoosier National Forest,38.120102,-86.465578,True,reservable,5,False,False,False,True,True,,True,https://www.recreation.gov/camping/campgrounds/10296917,
10296923,Blackwell Campground,IN,FS,Hoosier National Forest,39.017443,-86.389836,True,reservable,28,False,False,False,True,True,,True,https://www.recreation.gov/camping/campgrounds/10296923,
10296952,Hickory Ridge Campground,IN,FS,Hoosier National Forest,38.976483,-86.293462,True,reservable,10,False,False,False,True,True,,True,https://www.recreation.gov/camping/campgrounds/10296952,
10296963,Saddle Lake Campground,IN,FS,Hoosier National Forest,38.060803,-86.655391,True,reservable,13,False,False,False,True,True,,False,https://www.recreation.gov/camping/campgrounds/10296963,
10296977,German Ridge Campground,IN,FS,Hoosier National Forest,37.955047,-86.581267,True,reservable,20,False,False,False,True,True,,False,https://www.recreation.gov/camping/campgrounds/10296977,
10296998,Youngs Creek Campground,IN,FS,Hoosier National Forest,38.503629,-86.465917,True,reservable,14,False,False,False,True,True,,True,https://www.recreation.gov/camping/campgrounds/10296998,
10297013,Shirley Creek Campground,IN,FS,Hoosier National Forest,38.649605,-86.598392,True,reservable,17,False,False,False,False,False,,True,https://www.recreation.gov/camping/campgrounds/10297013,
10297713,Wakeley Lake Campground,MI,FS,Huron-Manistee National Forests,44.633085,-84.509175,True,reservable,6,False,False,False,False,True,,False,https://www.recreation.gov/camping/campgrounds/10297713,
10297720,Mack Lake ORV Campground,MI,FS,Huron-Manistee National Forests,44.578778,-84.064904,True,reservable,42,False,False,False,False,True,90,False,https://www.recreation.gov/camping/campgrounds/10297720,
10299310,Friend Park Campground,WY,FS,Medicine Bow-Routt NFs & Thunder Basin NG,42.256141,-105.484808,True,reservable,11,False,False,False,True,True,30,False,https://www.recreation.gov/camping/campgrounds/10299310,
10299322,East Creek Campground,NV,FS,Humboldt-Toiyabe National Forest Headquarters,39.496700,-114.654800,True,reservable,12,False,False,False,False,False,,False,https://www.recreation.gov/camping/campgrounds/10299322,
10299335,Campbell Creek Campground,WY,FS,Medicine Bow-Routt NFs & Thunder Basin NG,42.455386,-105.836051,True,reservable,6,False,False,False,True,True,41,False,https://www.recreation.gov/camping/campgrounds/10299335,
10299342,Curtis Gulch Campground,WY,FS,Medicine Bow-Routt NFs & Thunder Basin NG,42.407439,-105.622993,True,reservable,6,False,False,False,True,True,55,False,https://www.recreation.gov/camping/campgrounds/10299342,
10299353,Chickamauga Battlefield Group Campground,GA,NPS,Chickamauga & Chattanooga National Military Park,34.928280,-85.264140,True,reservable,9,False,True,False,False,True,,False,https://www.recreation.gov/camping/campgrounds/10299353,
10300159,Hancock Campground,NH,FS,White Mountain National Forest,44.063690,-71.594207,True,reservable,56,False,False,False,True,True,,False,https://www.recreation.gov/camping/campgrounds/10300159,
10300216,Zephyr Cove RV & Campground,NV,FS,Lake Tahoe Basin Management Unit,39.005593,-119.945821,True,reservable,150,True,True,True,True,True,50,False,https://www.recreation.gov/camping/campgrounds/10300216,
10300372,Spencer Glacier Whistle Stop Group Campground,AK,FS,Chugach National Forest,60.698803,-149.042872,True,reservable,2,False,False,False,True,False,,False,https://www.recreation.gov/camping/campgrounds/10300372,
10300375,Big Reservoir Campground,CA,FS,Tahoe National Forest,39.143696,-120.755314,True,reservable,19,True,False,False,False,True,,False,https://www.recreation.gov/camping/campgrounds/10300375,
10300477,Deer Park Campground,WA,NPS,Olympic National Park,47.948761,-123.260073,False,first-come,14,False,False,False,False,False,,False,,https://www.nps.gov/olym/planyourvisit/deer-park-area-brochure.htm
10303022,Blaine Park,OK,USACE,Canton Lake,36.080781,-98.598018,True,reservable,13,False,False,False,True,True,40,False,https://www.recreation.gov/camping/campgrounds/10303022,
10303036,Deerhead Campground,NM,FS,Lincoln National Forest,32.944034,-105.744005,True,reservable,19,False,False,False,True,True,25,False,https://www.recreation.gov/camping/campgrounds/10303036,
10303056,Pines Campground,NM,FS,Lincoln National Forest,32.967499,-105.737373,True,reservable,24,False,False,False,True,True,35,False,https://www.recreation.gov/camping/campgrounds/10303056,
10303081,Cottonwood Patch Campground,GA,FS,Chattahoochee-Oconee National Forest,34.980596,-84.638828,True,reservable,8,False,False,False,True,True,,False,https://www.recreation.gov/camping/campgrounds/10303081,
10303139,White Pine Backcountry Campground Permits,MI,NPS,Sleeping Bear Dunes National Lakeshore,44.737940,-86.085660,True,reservable,7,False,False,False,False,False,,False,https://www.recreation.gov/camping/campgrounds/10303139,
10303151,Death Valley Backcountry Roadside Camping,CA,NPS,Death Valley National Park,36.461744,-116.866609,True,reservable,49,False,False,False,True,True,22,False,https://www.recreation.gov/camping/campgrounds/10303151,
10304520,Alum Ford Campground,KY,NPS,Big South Fork National River & Recreation Area,36.765165,-84.547224,True,reservable,6,False,False,False,True,True,,False,https://www.recreation.gov/camping/campgrounds/10304520,https://www.nps.gov/biso/planyourvisit/alumfordcampground.htm
10304527,Little Pines Campground,AR,FS,Ouachita National Forest,34.870776,-94.268981,True,reservable,9,True,True,False,True,True,65,False,https://www.recreation.gov/camping/campgrounds/10304527,
10305329,Line Creek Stock Campground,ID,FS,Idaho Panhandle National Forests,47.043416,-115.349962,True,reservable,7,False,False,False,True,False,,False,https://www.recreation.gov/camping/campgrounds/10305329,
10305337,Shadowy St. Joe Campground,ID,FS,Idaho Panhandle National Forests,47.325668,-116.393254,True,reservable,15,False,False,False,True,False,,False,https://www.recreation.gov/camping/campgrounds/10305337,
10305353,Badgers Den At Camp Richardson Resort,CA,FS,Lake Tahoe Basin Management Unit,38.934443,-120.040814,True,reservable,84,False,False,False,False,True,,False,https://www.recreation.gov/camping/campgrounds/10305353,
10305438,Eagles Nest At Camp Richardson Resort,CA,FS,Lake Tahoe Basin Management Unit,38.934443,-120.040814,True,reservable,31,False,False,False,False,True,,False,https://www.recreation.gov/camping/campgrounds/10305438,
10305470,RV Village Campground At Camp Richardson Resort,CA,FS,Lake Tahoe Basin Management Unit,38.934443,-120.040814,True,reservable,98,True,True,False,False,True,25,False,https://www.recreation.gov/camping/campgrounds/10305470,
10306495,Renegade Long Term,UT,FS,Uinta-Wasatch-Cache National Forest,40.122733,-111.153781,True,reservable,17,False,False,False,True,True,59,False,https://www.recreation.gov/camping/campgrounds/10306495,
10306513,Soldier Creek Long Term,UT,FS,Uinta-Wasatch-Cache National Forest,40.152222,-111.055278,True,reservable,19,False,False,False,True,True,50,False,https://www.recreation.gov/camping/campgrounds/10306513,
10306533,Stateline Campground Long Term,UT,FS,Uinta-Wasatch-Cache National Forest,40.992314,-110.389639,True,reservable,3,False,False,False,True,True,40,False,https://www.recreation.gov/camping/campgrounds/10306533,
10306537,Strawberry Bay Long Term,UT,FS,Uinta-Wasatch-Cache National Forest,40.177222,-111.173333,True,reservable,45,False,False,False,True,True,60,False,https://www.recreation.gov/camping/campgrounds/10306537,
10308690,Dirty Devil Primitive Camping Area,UT,NPS,Glen Canyon National Recreation Area,37.901909,-110.399136,False,first-come,0,False,False,False,False,False,,False,,https://www.pay.gov/public/form/start/1578620920
10309319,Tallulah River Campground,GA,FS,Chattahoochee-Oconee National Forest,34.927500,-83.544722,True,partly,17,False,False,False,True,True,65,False,https://www.recreation.gov/camping/campgrounds/10309319,
10309337,Andrew's Cove Campground,GA,FS,Chattahoochee-Oconee National Forest,34.778228,-83.737510,True,partly,10,False,False,False,True,True,24,False,https://www.recreation.gov/camping/campgrounds/10309337,
10309348,Low Gap Campground,GA,FS,Chattahoochee-Oconee National Forest,34.927176,-83.543205,True,partly,13,False,False,False,True,True,25,False,https://www.recreation.gov/camping/campgrounds/10309348,
10309362,Upper Chattahoochee River Campground,GA,FS,Chattahoochee-Oconee National Forest,34.786940,-83.782870,True,partly,19,False,False,False,True,True,,False,https://www.recreation.gov/camping/campgrounds/10309362,
10309470,Appalachia Bay Recreation Area,OK,USACE,Keystone Lake,36.187489,-96.290281,True,reservable,24,True,True,False,True,True,53,False,https://www.recreation.gov/camping/campgrounds/10309470,
10309501,Sandy Bottoms Recreation Area Campground,GA,FS,Chattahoochee-Oconee National Forest,34.786750,-84.238880,True,reservable,13,False,False,False,True,True,50,False,https://www.recreation.gov/camping/campgrounds/10309501,
10309516,Sarah's Creek Campground,GA,FS,Chattahoochee-Oconee National Forest,34.928333,-83.264167,True,reservable,22,False,False,False,True,True,30,False,https://www.recreation.gov/camping/campgrounds/10309516,
10309540,Tate Branch Campground,GA,FS,Chattahoochee-Oconee National Forest,34.955300,-83.552100,True,reservable,19,False,False,False,True,True,55,False,https://www.recreation.gov/camping/campgrounds/10309540,
10309559,West Fork Campground,GA,FS,Chattahoochee-Oconee National Forest,34.948186,-83.203811,True,partly,5,False,False,False,True,True,20,False,https://www.recreation.gov/camping/campgrounds/10309559,
10309566,Gold Lake 4 X 4 Campground,CA,FS,Plumas National Forest,39.668980,-120.662390,True,reservable,14,False,False,False,True,True,,False,https://www.recreation.gov/camping/campgrounds/10309566,
10311268,Honeysuckle Campground,ID,FS,Idaho Panhandle National Forests,47.739200,-116.474600,True,reservable,1,False,False,False,True,True,,False,https://www.recreation.gov/camping/campgrounds/10311268,
10311270,Koomer Ridge Campground,KY,FS,Daniel Boone National Forest,37.784032,-83.632634,True,partly,54,False,False,False,True,True,,False,https://www.recreation.gov/camping/campgrounds/10311270,
10311325,Redondo Campground,NM,FS,Santa Fe National Forest,35.861390,-106.626725,True,reservable,62,False,False,False,True,True,45,False,https://www.recreation.gov/camping/campgrounds/10311325,
10311388,Vista Linda Campground,NM,FS,Santa Fe National Forest,35.715519,-106.721545,True,reservable,13,False,False,False,True,True,40,False,https://www.recreation.gov/camping/campgrounds/10311388,
10311402,Idlewild Campground,CO,FS,Arapaho & Roosevelt National Forests Pawnee NG,39.905507,-105.780378,True,partly,25,False,False,False,True,False,30,False,https://www.recreation.gov/camping/campgrounds/10311402,
10311428,Midland Group Campground,CO,FS,Arapaho & Roosevelt National Forests Pawnee NG,39.864268,-105.749999,True,reservable,1,False,False,False,True,False,,False,https://www.recreation.gov/camping/campgrounds/10311428,
10311430,St. Louis Creek,CO,FS,Arapaho & Roosevelt National Forests Pawnee NG,39.928606,-105.858471,True,partly,18,False,False,False,True,False,55,False,https://www.recreation.gov/camping/campgrounds/10311430,
10311487,Clover Springs Campground,UT,BLM,Salt Lake Field Office,40.347171,-112.550251,True,reservable,11,False,False,False,False,False,,False,https://www.recreation.gov/camping/campgrounds/10311487,
10314602,Ballard,WA,FS,Okanogan-Wenatchee National Forest,48.6605,-120.5423,False,first-come,0,False,False,False,False,False,,False,,
10314607,Beverly,WA,FS,Okanogan-Wenatchee National Forest,47.3772,-120.881,False,first-come,14,False,False,False,False,False,,False,,
10314612,Blackpine Lake,WA,FS,Okanogan-Wenatchee National Forest,48.3137,-120.273,False,first-come,0,False,False,False,False,False,,False,,
10314617,Buck Lake,WA,FS,Okanogan-Wenatchee National Forest,48.093700,-120.313000,False,first-come,0,False,False,False,False,False,,False,,
10314622,Camp 4,WA,FS,Okanogan-Wenatchee National Forest,48.7152,-120.1253,False,first-come,0,False,False,False,False,False,,False,,
10314627,Chewuch,WA,FS,Okanogan-Wenatchee National Forest,48.6739,-120.1369,False,first-come,0,False,False,False,False,False,,False,,
10314632,Crater Creek,WA,FS,Okanogan-Wenatchee National Forest,48.093700,-120.313000,False,first-come,0,False,False,False,False,False,,False,,
10314637,Crow Creek,WA,FS,Okanogan-Wenatchee National Forest,48.093700,-120.313000,False,first-come,0,False,False,False,False,False,,False,,
10314642,De Roux,WA,FS,Okanogan-Wenatchee National Forest,48.093700,-120.313000,False,first-come,0,False,False,False,False,False,,False,,
10314647,Deep Creek Campground,WA,FS,Okanogan-Wenatchee National Forest,48.093700,-120.313000,False,first-come,0,False,False,False,False,False,,False,,
10314652,Early Winters,WA,FS,Okanogan-Wenatchee National Forest,48.5976,-120.4462,False,first-come,0,False,False,False,False,False,,False,,
10314657,Falls Creek,WA,FS,Okanogan-Wenatchee National Forest,48.6352,-120.1556,False,first-come,0,False,False,False,False,False,,False,,
10314662,Flat,WA,FS,Okanogan-Wenatchee National Forest,48.093700,-120.313000,False,first-come,0,False,False,False,False,False,,False,,
10314667,Foggy Dew,WA,FS,Okanogan-Wenatchee National Forest,48.2057,-120.196,False,first-come,0,False,False,False,False,False,,False,,
10314672,Halfway Flat Dispersed Campground,WA,FS,Okanogan-Wenatchee National Forest,48.093700,-120.313000,False,first-come,0,False,False,False,False,False,,False,,
10314677,Harts Pass,WA,FS,Okanogan-Wenatchee National Forest,48.7204,-120.6696,False,first-come,0,False,False,False,False,False,,False,,
10314682,Honeymoon,WA,FS,Okanogan-Wenatchee National Forest,48.6964,-120.2642,False,first-come,0,False,False,False,False,False,,False,,
10314692,Ken Wilcox,WA,FS,Okanogan-Wenatchee National Forest,48.093700,-120.313000,False,first-come,0,False,False,False,False,False,,False,,
10314697,Klipchuck,WA,FS,Okanogan-Wenatchee National Forest,48.093700,-120.313000,False,first-come,0,False,False,False,False,False,,False,,
10314702,Lone Fir,WA,FS,Okanogan-Wenatchee National Forest,48.5813,-120.624,False,first-come,0,False,False,False,False,False,,False,,
10314707,Long Meadow,WA,FS,Okanogan-Wenatchee National Forest,48.093700,-120.313000,False,first-come,0,False,False,False,False,False,,False,,
10314712,Longmire,WA,FS,Okanogan-Wenatchee National Forest,48.093700,-120.313000,False,first-come,0,False,False,False,False,False,,False,,
10314717,Loup Loup,WA,FS,Okanogan-Wenatchee National Forest,48.093700,-120.313000,False,first-come,0,False,False,False,False,False,,False,,
10314722,Meadows,WA,FS,Okanogan-Wenatchee National Forest,48.7092,-120.6741,False,first-come,0,False,False,False,False,False,,False,,
10314727,Mystery,WA,FS,Okanogan-Wenatchee National Forest,48.402,-120.4717,False,first-come,0,False,False,False,False,False,,False,,
10314732,Nice,WA,FS,Okanogan-Wenatchee National Forest,48.093700,-120.313000,False,first-come,0,False,False,False,False,False,,False,,
10314737,North Summit Horse Camp,WA,FS,Okanogan-Wenatchee National Forest,48.093700,-120.313000,False,first-come,0,False,False,False,False,False,,False,,
10314742,Peninsula,WA,FS,Okanogan-Wenatchee National Forest,48.093700,-120.313000,False,first-come,0,False,False,False,False,False,,False,,
10314747,Ponderosa,WA,FS,Okanogan-Wenatchee National Forest,48.093700,-120.313000,False,first-come,0,False,False,False,False,False,,False,,
10314752,Poplar Flat,WA,FS,Okanogan-Wenatchee National Forest,48.093700,-120.313000,False,first-come,0,False,False,False,False,False,,False,,
10314757,Riders Camp,WA,FS,Okanogan-Wenatchee National Forest,48.093700,-120.313000,False,first-come,0,False,False,False,False,False,,False,,
10314762,River Bend,WA,FS,Okanogan-Wenatchee National Forest,48.093700,-120.313000,False,first-come,0,False,False,False,False,False,,False,,
10314767,Ruffed Grouse,WA,FS,Okanogan-Wenatchee National Forest,48.093700,-120.313000,False,first-come,0,False,False,False,False,False,,False,,
10314772,South Creek,WA,FS,Okanogan-Wenatchee National Forest,48.4385,-120.5298,False,first-come,0,False,False,False,False,False,,False,,
10314777,South Fork Bay,WA,FS,Okanogan-Wenatchee National Forest,48.093700,-120.313000,False,first-come,0,False,False,False,False,False,,False,,
10314782,Twisp River Horse Camp,WA,FS,Okanogan-Wenatchee National Forest,48.4356,-120.5297,False,first-come,0,False,False,False,False,False,,False,,
10314787,War Creek,WA,FS,Okanogan-Wenatchee National Forest,48.3676,-120.3983,False,first-come,0,False,False,False,False,False,,False,,
10315018,Ahdina Campground,CA,FS,Shasta-Trinity National Forest,41.1099,-122.0972,False,first-come,16,False,False,False,False,False,,False,,
10315038,Cattle Camp,CA,FS,Shasta-Trinity National Forest,41.2594,-121.9397,False,first-come,27,False,False,False,False,False,,False,,
10315058,Mcbride Springs Campground,CA,FS,Shasta-Trinity National Forest,41.3526,-122.282,False,first-come,12,False,False,False,False,False,,False,,
10315073,Sims Flat Campground,CA,FS,Shasta-Trinity National Forest,41.0618,-122.3594,False,first-come,19,False,False,False,False,False,,False,,
10315092,Red Cloud Nebraska NF,NE,FS,Nebraska National Forests and Grasslands,42.695833,-103.003611,False,first-come,13,False,False,False,False,False,,False,,
10315097,Roberts Tract Nebraska NF,NE,FS,Nebraska National Forests and Grasslands,42.678611,-103.151111,False,first-come,3,False,False,False,False,False,,False,,
10315102,Soldier Creek Nebraska NF,NE,FS,Nebraska National Forests and Grasslands,42.698889,-103.576389,False,first-come,0,False,False,False,False,False,,False,,
10315107,Toadstool Nebraska NF,NE,FS,Nebraska National Forests and Grasslands,42.858056,-103.583889,True,reservable,16,False,False,False,False,False,,False,https://www.recreation.gov/camping/campgrounds/10315107,
10317349,Lock 1,AL,USACE,Black Warrior and Tombigbee Lakes,31.573611,-88.032222,True,reservable,1,False,False,False,False,False,,False,https://www.recreation.gov/camping/campgrounds/10317349,
10317377,Mill Creek,OK,USACE,Eufaula Lake,35.257538,-95.699861,True,reservable,16,False,True,False,True,True,50,False,https://www.recreation.gov/camping/campgrounds/10317377,
10317398,Target Meadows Campground,OR,FS,Umatilla National Forest,45.804714,-118.075711,True,partly,17,False,False,False,False,False,,False,https://www.recreation.gov/camping/campgrounds/10317398,
10317416,Woodland Campground,OR,FS,Umatilla National Forest,45.729965,-118.009976,True,partly,6,False,False,False,False,False,,False,https://www.recreation.gov/camping/campgrounds/10317416,
10317423,Woodward Campground,OR,FS,Umatilla National Forest,45.779662,-118.098289,True,partly,15,False,False,False,False,False,,False,https://www.recreation.gov/camping/campgrounds/10317423,
10317439,John Day River Basin Developed Campgrounds,OR,BLM,John Day Wild and Scenic River,44.793952,-120.000967,True,partly,21,False,False,False,True,False,,False,https://www.recreation.gov/camping/campgrounds/10317439,
10317461,Rocky Mountain National Park Longs Peak Campground,CO,NPS,Rocky Mountain National Park,40.275300,-105.558350,False,first-come,27,False,False,False,False,False,,False,,
10318296,North Core Banks - Beach Camping,NC,NPS,Cape Lookout National Seashore,34.899017,-76.257348,False,first-come,0,False,False,False,False,False,,False,,
10322578,Grassy Hollow,CA,FS,Angeles National Forest,34.148074,-118.033762,True,reservable,10,False,False,False,True,True,20,False,https://www.recreation.gov/camping/campgrounds/10322578,
10322643,Galbraith Lake Campground,AK,BLM,Dalton Highway,68.453174,-149.483664,False,first-come,12,False,False,False,False,True,,False,,
10322686,Lake Sinclair Campground,GA,FS,Chattahoochee-Oconee National Forest,33.2064,-83.3987,True,reservable,44,False,True,False,False,False,,False,https://www.recreation.gov/camping/campgrounds/10322686,
10322742,Oconee River Campground,GA,FS,Chattahoochee-Oconee National Forest,33.7214,-83.2909,True,reservable,5,False,False,False,True,False,,False,https://www.recreation.gov/camping/campgrounds/10322742,
10323767,American Canyon Campground,CA,FS,Los Padres National Forest,35.276816,-120.307531,True,reservable,12,False,False,False,True,True,18,False,https://www.recreation.gov/camping/campgrounds/10323767,
10323780,Johns River Road Backcountry Camping,NC,NPS,Blue Ridge Parkway,36.150270,-81.733180,True,reservable,2,False,False,False,True,True,,False,https://www.recreation.gov/camping/campgrounds/10323780,
10323783,Sawmill Creek Campground And Day Use,AK,FS,Tongass National Forest,56.410000,-132.750000,True,partly,2,False,False,False,True,True,16,False,https://www.recreation.gov/camping/campgrounds/10323783,
10323805,Rock Castle Gorge Backcountry Camping,VA,NPS,Blue Ridge Parkway,36.806412,-80.336415,True,reservable,8,False,False,False,True,True,,False,https://www.recreation.gov/camping/campgrounds/10323805,
10323814,Basin Cove Backcountry Camping,NC,NPS,Blue Ridge Parkway,36.389780,-81.162120,True,reservable,8,False,False,False,True,True,,False,https://www.recreation.gov/camping/campgrounds/10323814,
10325231,Red Springs Campground,UT,FS,Ashley National Forest,40.864599,-110.684523,True,reservable,1,False,True,False,True,True,60,False,https://www.recreation.gov/camping/campgrounds/10325231,
10325233,Cripple Creek Campground,AK,BLM,White Mountains National Recreation Area,65.276180,-146.647849,True,partly,18,False,False,False,False,False,,False,https://www.recreation.gov/camping/campgrounds/10325233,
10325252,Mount Prindle Campground,AK,BLM,White Mountains National Recreation Area,65.367045,-146.594945,True,partly,13,False,False,False,False,False,,False,https://www.recreation.gov/camping/campgrounds/10325252,
10325266,Ophir Creek Campground,AK,BLM,White Mountains National Recreation Area,65.368749,-147.084190,True,partly,20,False,False,False,False,False,,False,https://www.recreation.gov/camping/campgrounds/10325266,
10327286,Deep Lake Campground,CO,FS,White River National Forest,39.7721,-107.2955,True,reservable,29,False,False,False,True,True,,False,https://www.recreation.gov/camping/campgrounds/10327286,
10327316,Wildcat Recreation Area Campground,CA,USACE,Eastman Lake,37.207221,-119.966450,True,reservable,19,False,False,False,True,True,50,False,https://www.recreation.gov/camping/campgrounds/10327316,
10327336,Wildcat Equestrian Area,CA,USACE,Eastman Lake,37.208191,-119.962846,True,reservable,1,False,True,False,True,True,,False,https://www.recreation.gov/camping/campgrounds/10327336,
10328150,El Capitan Campground,AK,FS,Tongass National Forest,56.162489,-133.321005,True,reservable,3,False,False,False,False,False,,False,https://www.recreation.gov/camping/campgrounds/10328150,
10332661,Black Canyon Group And Equestrian Campground,CA,NPS,Mojave National Preserve,35.048590,-115.382984,True,reservable,2,False,False,False,True,True,40,False,https://www.recreation.gov/camping/campgrounds/10332661,https://www.nps.gov/moja/planyourvisit/black-canyon-group-and-equestrian-campground.htm
10332664,Hole-In-The-Wall Campground,CA,NPS,Mojave National Preserve,35.045476,-115.391395,True,reservable,38,False,False,False,True,True,30,False,https://www.recreation.gov/camping/campgrounds/10332664,https://www.nps.gov/moja/planyourvisit/hole-in-the-wall-campground.htm
10332703,Mid Hills Campground,CA,NPS,Mojave National Preserve,35.123425,-115.433098,True,reservable,26,False,False,False,True,True,20,False,https://www.recreation.gov/camping/campgrounds/10332703,https://www.nps.gov/moja/planyourvisit/mid-hills-campground.htm
10334099,Yankee Meadow Campground,UT,FS,Dixie National Forest,37.761,-112.759,True,reservable,30,False,False,False,True,True,60,False,https://www.recreation.gov/camping/campgrounds/10334099,
10334752,Indian Well Campground,CA,NPS,Lava Beds National Monument,41.717471,-121.504145,True,partly,45,False,False,False,True,True,,False,https://www.recreation.gov/camping/campgrounds/10334752,https://www.nps.gov/labe/planyourvisit/campgrounds.htm
10336891,160 Horse Camp,KS,USACE,Big Hill Lake,37.270174,-95.471674,True,reservable,52,False,False,False,True,False,,False,https://www.recreation.gov/camping/campgrounds/10336891,
10336949,Cherryvale Horse Camp,KS,USACE,Big Hill Lake,37.270174,-95.471674,True,reservable,52,False,False,False,True,True,,False,https://www.recreation.gov/camping/campgrounds/10336949,
10337002,Mazama Village Campground,OR,NPS,Crater Lake National Park,42.940659,-122.133841,True,reservable,216,False,True,True,True,True,50,False,https://www.recreation.gov/camping/campgrounds/10337002,
10339029,Southwest Campground - Winter/Spring,CA,NPS,Lassen Volcanic National Park,40.436746,-121.533132,False,first-come,0,False,False,False,False,False,,False,,https://www.nps.gov/lavo/planyourvisit/southwest-walk-in-campground.htm
10339740,Fort Pickens Group Campground,FL,NPS,Gulf Islands National Seashore,30.322816,-87.278112,False,first-come,0,False,False,False,False,False,,False,,https://www.recreation.gov/camping/campsites/91444
10339742,Davis Bayou Group Campground,MS,NPS,Gulf Islands National Seashore,30.396738,-88.793621,False,first-come,0,False,False,False,False,False,,False,,https://www.recreation.gov/camping/campsites/102929
10341372,Birch Grove,WI,FS,Chequamegon-Nicolet NF,46.6848,-91.0605,True,reservable,16,False,False,False,True,True,45,False,https://www.recreation.gov/camping/campgrounds/10341372,
10341389,Turtle Rock Campground,CO,BLM,Royal Gorge,38.768650,-105.336030,True,partly,24,False,False,False,True,True,35,False,https://www.recreation.gov/camping/campgrounds/10341389,
10341416,Erbie Campground,AR,NPS,Buffalo National River,36.041165,-92.907616,True,reservable,33,False,False,False,True,True,42,False,https://www.recreation.gov/camping/campgrounds/10341416,https://www.nps.gov/buff/planyourvisit/camping.htm
10341422,Deer Valley Campground,CA,FS,Mendocino National Forest,39.723420,-122.772903,False,first-come,7,False,False,False,True,True,,False,,
10341430,Horseshoe Lake Campground,WI,FS,Chequamegon-Nicolet NF,46.246300,-90.866700,True,reservable,10,False,False,False,True,True,45,False,https://www.recreation.gov/camping/campgrounds/10341430,
10341441,Howard Lake Campground,CA,FS,Mendocino National Forest,39.8785,-122.9919,False,first-come,4,False,False,False,False,False,,False,,
10341443,Howard Meadows Campground,CA,FS,Mendocino National Forest,39.878490,-122.991874,False,first-come,0,False,False,False,False,False,,False,,
10341445,Little Doe Campground,CA,FS,Mendocino National Forest,39.8947,-122.9861,False,first-come,1,False,False,False,False,False,,False,,
10341447,Moose Creek Group Use Area,MT,FS,Helena-Lewis and Clark National Forest,46.803054,-111.817514,True,reservable,1,False,False,False,True,True,,False,https://www.recreation.gov/camping/campgrounds/10341447,
10341449,Penny Pines Campground,CA,FS,Mendocino National Forest,39.723420,-122.772903,False,first-come,10,False,False,False,True,True,,False,,
10341460,Perch Lake Campground,WI,FS,Chequamegon-Nicolet NF,46.404400,-91.269700,True,reservable,16,False,False,False,True,True,35,False,https://www.recreation.gov/camping/campgrounds/10341460,
10341479,Wanoka Campground,WI,FS,Chequamegon-Nicolet NF,46.246300,-90.866700,True,reservable,18,False,False,False,True,True,45,False,https://www.recreation.gov/camping/campgrounds/10341479,
10341505,Bah1,WI,,,46.543200,-91.283500,True,reservable,20,False,False,False,False,False,,False,https://www.recreation.gov/camping/campgrounds/10341505,
10341526,Bah2,WI,,,46.543200,-91.283500,True,reservable,20,False,False,False,False,False,,False,https://www.recreation.gov/camping/campgrounds/10341526,
10344727,Lmuma Creek,WA,BLM,Yakima River Canyon,46.854610,-120.479565,True,reservable,7,False,False,False,True,True,20,False,https://www.recreation.gov/camping/campgrounds/10344727,
10344735,Roza,WA,BLM,Yakima River Canyon,46.854610,-120.479565,True,reservable,6,True,False,False,True,True,20,False,https://www.recreation.gov/camping/campgrounds/10344735,
10344742,Umtanum,WA,BLM,Yakima River Canyon,46.854610,-120.479565,True,reservable,6,False,False,False,True,True,20,False,https://www.recreation.gov/camping/campgrounds/10344742,
10344749,New Spicer Meadows,CA,FS,Stanislaus National Forest,38.281300,-120.087800,True,reservable,57,False,False,False,True,True,72,False,https://www.recreation.gov/camping/campgrounds/10344749,
10344809,Water Canyon Campground,NM,FS,Cibola National Forest and Grasslands,34.025466,-107.132365,True,partly,15,False,False,False,True,False,,False,https://www.recreation.gov/camping/campgrounds/10344809,
10344825,Day Run Campground,WV,FS,Monongahela National Forest,38.215221,-80.080691,True,reservable,12,False,False,False,True,True,,False,https://www.recreation.gov/camping/campgrounds/10344825,
10344838,Summit Lake Campground,WV,FS,Monongahela National Forest,38.2487,-80.4448,True,reservable,34,False,False,False,True,True,,False,https://www.recreation.gov/camping/campgrounds/10344838,
10344874,Jacks Fork / Middle Current Backcountry Campsites,MO,NPS,Ozark National Scenic Riverways,37.139689,-91.257098,True,reservable,52,False,False,False,True,True,50,False,https://www.recreation.gov/camping/campgrounds/10344874,
10344920,Lower Current District Backcountry Campsites,MO,NPS,Ozark National Scenic Riverways,37.139689,-91.257098,True,reservable,28,False,False,False,True,True,40,False,https://www.recreation.gov/camping/campgrounds/10344920,
10344948,Upper Current District Backcountry Campsites,MO,NPS,Ozark National Scenic Riverways,37.139689,-91.257098,True,reservable,27,False,False,False,True,True,45,False,https://www.recreation.gov/camping/campgrounds/10344948,
10344975,Vedauwoo Tent Campground,WY,FS,Medicine Bow-Routt NFs & Thunder Basin NG,41.160062,-105.372697,True,partly,20,False,False,False,True,False,,False,https://www.recreation.gov/camping/campgrounds/10344975,
10346402,Blackmore Campground,MT,FS,Custer Gallatin National Forest,45.677990,-111.036890,True,reservable,11,False,False,False,True,True,45,False,https://www.recreation.gov/camping/campgrounds/10346402,
10346420,Tuolumne Horse Campsites,CA,NPS,Yosemite National Park,37.848833,-119.557187,True,reservable,4,False,False,False,True,True,27,False,https://www.recreation.gov/camping/campgrounds/10346420,
10351635,Atherton Creek Campground,WY,FS,Bridger-Teton National Forest,43.6385,-110.5221,True,reservable,16,True,False,False,True,True,,False,https://www.recreation.gov/camping/campgrounds/10351635,
10351652,Golden Gate Campground,ID,FS,Boise National Forest,44.9355,-115.4851,True,reservable,9,False,False,False,False,False,,False,https://www.recreation.gov/camping/campgrounds/10351652,
10351662,Ice Hole Campground,ID,FS,Boise National Forest,44.8894,-115.4988,True,reservable,10,False,False,False,False,False,,False,https://www.recreation.gov/camping/campgrounds/10351662,
10351673,Penn Basin,ID,FS,Boise National Forest,44.6246,-115.5253,True,reservable,6,False,False,False,False,False,,False,https://www.recreation.gov/camping/campgrounds/10351673,
10351680,Yellow Pine Campground,ID,FS,Boise National Forest,44.9537,-115.495,True,reservable,14,False,False,False,False,False,,False,https://www.recreation.gov/camping/campgrounds/10351680,
10351695,Cultus Creek CG Gifford Pinchot NF,WA,FS,Gifford Pinchot National Forest,46.048270,-121.754540,False,first-come,0,False,False,False,False,False,,False,,
10351700,Cranberry Campground,WV,FS,Monongahela National Forest,38.325180,-80.441710,True,reservable,28,False,False,False,True,True,,False,https://www.recreation.gov/camping/campgrounds/10351700,
10351729,Pocahontas Campground,WV,FS,Monongahela National Forest,38.102949,-79.967280,True,reservable,8,False,False,False,True,True,,False,https://www.recreation.gov/camping/campgrounds/10351729,
10351738,Tea Creek Campground,WV,FS,Monongahela National Forest,38.343270,-80.231860,True,reservable,28,False,False,False,True,True,,False,https://www.recreation.gov/camping/campgrounds/10351738,
10351767,Big Rock,WV,FS,Monongahela National Forest,38.296059,-80.523888,True,reservable,5,False,False,False,True,True,,False,https://www.recreation.gov/camping/campgrounds/10351767,
10351773,Cranberry River Campsites,WV,FS,Monongahela National Forest,38.2955,-80.5161,True,reservable,14,False,False,False,True,True,,False,https://www.recreation.gov/camping/campgrounds/10351773,
10351788,Williams River Campsites,WV,FS,Monongahela National Forest,38.553999,-79.896347,True,reservable,29,False,False,False,True,True,,False,https://www.recreation.gov/camping/campgrounds/10351788,
10351818,Fourth Of July Campground,NM,FS,Cibola National Forest and Grasslands,34.791955,-106.381616,True,partly,19,False,False,False,True,True,,False,https://www.recreation.gov/camping/campgrounds/10351818,
10351837,Woodridge Park,KS,USACE,Clinton Lake,38.923330,-95.330000,True,reservable,66,False,False,False,True,True,,False,https://www.recreation.gov/camping/campgrounds/10351837,
10351905,Bishop Knob,WV,FS,Monongahela National Forest,38.3378,-80.4897,True,reservable,54,False,False,False,True,True,,False,https://www.recreation.gov/camping/campgrounds/10351905,
10351962,Dewey Lake Campground Shoreline Sites,KY,USACE,Dewey Lake,37.736670,-82.730000,True,reservable,12,False,False,False,False,True,,False,https://www.recreation.gov/camping/campgrounds/10351962,
10351973,Douglas City Campground,CA,BLM,Trinity,40.657719,-122.952867,True,reservable,24,False,False,False,True,True,84,False,https://www.recreation.gov/camping/campgrounds/10351973,
10351998,East Marvine,CO,FS,White River National Forest,39.363900,-107.230000,True,reservable,10,False,False,False,True,True,70,False,https://www.recreation.gov/camping/campgrounds/10351998,
10352009,East Table Campground,WY,FS,Bridger-Teton National Forest,43.2128,-110.8077,True,reservable,12,False,False,False,True,False,,False,https://www.recreation.gov/camping/campgrounds/10352009,
10352022,Ocean Pond Campground,FL,FS,National Forests in Florida,30.239374,-82.436016,True,reservable,70,True,True,False,True,True,60,False,https://www.recreation.gov/camping/campgrounds/10352022,
10352092,Forlorn Lakes CG Gifford Pinchot NF,WA,FS,Gifford Pinchot National Forest,45.9589,-121.757,False,first-come,25,False,False,False,False,False,,False,,
10352127,Government Mineral Springs Campground,WA,FS,Gifford Pinchot National Forest,45.8821,-121.9957,False,first-come,0,False,False,False,False,False,,False,,
10352132,Granite Creek Campground,WY,FS,Bridger-Teton National Forest,43.3596,-110.4466,True,reservable,30,False,False,False,True,True,28,False,https://www.recreation.gov/camping/campgrounds/10352132,
10352163,Horse Thief,CO,FS,White River National Forest,39.363900,-107.230000,True,partly,7,False,False,False,True,True,55,False,https://www.recreation.gov/camping/campgrounds/10352163,
10352169,Little Reservoir Campround,UT,FS,Fishlake National Forest,38.261390,-112.489831,True,reservable,8,False,False,False,True,True,35,False,https://www.recreation.gov/camping/campgrounds/10352169,
10352178,Mt. Adams Hc Gifford Pinchot NF,WA,FS,Gifford Pinchot National Forest,46.0544,-121.5386,False,first-come,0,False,False,False,False,False,,False,,
10352183,Ohl Olsen Group Campground,CA,BLM,Chappie/Shasta Off-Highway Vehicle Recreation Area,40.712990,-122.437224,True,reservable,2,False,False,False,True,True,60,False,https://www.recreation.gov/camping/campgrounds/10352183,
10352186,Trout Lake Creek CG Gifford Pinchot NF,WA,FS,Gifford Pinchot National Forest,46.0561,-121.6127,False,first-come,0,False,False,False,False,False,,False,,
10352191,Tillicum Campground,WA,FS,Gifford Pinchot National Forest,46.1235,-121.7791,False,first-come,5,False,False,False,False,False,,False,,
10352196,Turpin Meadow Campground,WY,FS,Bridger-Teton National Forest,43.8571,-110.2687,True,reservable,10,False,False,False,True,True,,False,https://www.recreation.gov/camping/campgrounds/10352196,
10352207,Yeoman Campground,CO,FS,White River National Forest,39.5021,-106.6766,True,reservable,23,False,False,False,True,True,30,False,https://www.recreation.gov/camping/campgrounds/10352207,
10354639,Baker Creek Campground,NV,NPS,Great Basin National Park,38.946174,-114.257978,True,reservable,37,False,False,False,True,True,50,False,https://www.recreation.gov/camping/campgrounds/10354639,https://www.nps.gov/grba/planyourvisit/campgrounds.htm
10354676,Bobcat Meadow Campground,CA,FS,Cleveland National Forest,32.712500,-116.556389,True,reservable,18,False,False,False,True,True,,False,https://www.recreation.gov/camping/campgrounds/10354676,
10354695,Corral Canyon Campground,CA,FS,Cleveland National Forest,32.711389,-116.572500,True,reservable,19,False,False,False,True,True,,False,https://www.recreation.gov/camping/campgrounds/10354695,
10354715,Meadowview Campground,CA,FS,Stanislaus National Forest,38.186460,-120.003835,True,partly,100,False,False,False,True,True,49,False,https://www.recreation.gov/camping/campgrounds/10354715,
10355629,Brown Creek Campground,WA,FS,Olympic National Forest,47.413300,-123.318790,False,first-come,20,False,False,False,True,False,,False,,
10355652,Green Bay Campground,ID,FS,Idaho Panhandle National Forests,47.878938,-116.367214,True,reservable,17,False,False,False,True,True,,False,https://www.recreation.gov/camping/campgrounds/10355652,
10355676,Collins Campground,WA,FS,Olympic National Forest,47.683089,-123.021478,False,first-come,16,False,False,False,True,False,,False,,
10355693,Dungeness Forks Campground,WA,FS,Olympic National Forest,47.974581,-123.110916,False,first-come,10,False,False,False,True,False,,False,,
10355712,Falls View Campground,WA,FS,Olympic National Forest,47.789554,-122.925513,False,first-come,24,False,False,False,True,False,,False,,
10355761,Lewis River Hc Gifford Pinchot NF,WA,FS,Gifford Pinchot National Forest,46.185530,-121.850070,False,first-come,0,False,False,False,False,False,,False,,
10355766,Lebar Horse Camp,WA,FS,Olympic National Forest,47.427,-123.3254,False,first-come,13,False,False,False,True,False,,False,,
10355780,Littleton Horse Camp,WA,FS,Olympic National Forest,48.0765,-124.0154,False,first-come,10,False,False,False,True,False,,False,,
10355837,Cave Creek Campground,OR,NPS,Oregon Caves National Monument & Preserve,42.103191,-123.401859,True,reservable,17,False,False,False,True,True,20,False,https://www.recreation.gov/camping/campgrounds/10355837,https://www.nps.gov/orca/planyourvisit/campgrounds.htm
10355857,Umatilla Forks Campground,OR,FS,Umatilla National Forest,45.7239,-118.1875,False,first-come,8,False,False,False,False,False,,False,,
10357051,Snow Creek Campground,MO,USACE,Wappapello Lake,36.972186,-90.357753,True,reservable,9,False,False,False,True,True,,False,https://www.recreation.gov/camping/campgrounds/10357051,
10357087,Union West,CA,FS,Stanislaus National Forest,38.426576,-119.998497,True,reservable,17,False,False,False,True,True,,False,https://www.recreation.gov/camping/campgrounds/10357087,
10357105,Waka Lu Hep Yo,CA,FS,Stanislaus National Forest,38.322117,-120.218441,True,reservable,5,False,False,False,True,True,30,False,https://www.recreation.gov/camping/campgrounds/10357105,
10357111,Sandy Flat,CA,FS,Stanislaus National Forest,38.425666,-120.013124,True,reservable,12,False,False,False,True,True,24,False,https://www.recreation.gov/camping/campgrounds/10357111,
10358003,Moneka North Campground,OK,USACE,Waurika Lake,34.235000,-98.055000,True,reservable,38,False,False,False,False,False,,False,https://www.recreation.gov/camping/campgrounds/10358003,
10358042,Wichita Ridge Campground,OK,USACE,Waurika Lake,34.235000,-98.055000,True,reservable,28,True,True,False,True,False,,False,https://www.recreation.gov/camping/campgrounds/10358042,
10361084,Aspen Campground,WY,FS,Medicine Bow-Routt NFs & Thunder Basin NG,41.308540,-105.629614,True,reservable,7,False,False,False,True,True,,False,https://www.recreation.gov/camping/campgrounds/10361084,
10361131,China Flat,CA,FS,Eldorado National Forest,38.755033,-120.267988,True,reservable,24,False,False,False,True,True,,False,https://www.recreation.gov/camping/campgrounds/10361131,
10361157,Kirkwood Lake,CA,FS,Eldorado National Forest,38.795360,-120.253460,True,reservable,13,False,False,False,True,True,,False,https://www.recreation.gov/camping/campgrounds/10361157,
10361171,Mokelumne,CA,FS,Eldorado National Forest,38.478592,-120.271143,True,reservable,16,False,False,False,True,True,,False,https://www.recreation.gov/camping/campgrounds/10361171,
10361188,Pardoes Point,CA,FS,Eldorado National Forest,38.535995,-120.238214,True,reservable,10,False,False,False,True,True,,False,https://www.recreation.gov/camping/campgrounds/10361188,
10361199,Sand Flat,CA,FS,Eldorado National Forest,38.763837,-120.324530,True,reservable,30,False,False,False,True,True,,False,https://www.recreation.gov/camping/campgrounds/10361199,
10361230,Silver Fork,CA,FS,Eldorado National Forest,38.698610,-120.207670,True,reservable,36,False,False,False,True,True,,False,https://www.recreation.gov/camping/campgrounds/10361230,
10361267,Woods Lake,CA,FS,Eldorado National Forest,38.686748,-120.009249,True,reservable,26,False,False,False,True,True,,False,https://www.recreation.gov/camping/campgrounds/10361267,
10361305,Hidden Lakes Campground,WY,FS,Medicine Bow-Routt NFs & Thunder Basin NG,41.308540,-105.629614,True,reservable,9,False,False,False,True,True,,False,https://www.recreation.gov/camping/campgrounds/10361305,
10361324,Pines Campground,WY,FS,Medicine Bow-Routt NFs & Thunder Basin NG,41.308540,-105.629614,True,reservable,11,False,False,False,True,True,,False,https://www.recreation.gov/camping/campgrounds/10361324,
10362409,Hatch Point Campground,UT,BLM,Canyon Rims,38.379700,-109.613892,True,partly,10,False,False,False,True,True,45,False,https://www.recreation.gov/camping/campgrounds/10362409,
10362432,Kings Bottom Group Site,UT,BLM,Moab Field Office (BLM),38.560942,-109.549686,True,partly,1,False,False,False,True,True,,False,https://www.recreation.gov/camping/campgrounds/10362432,
10362454,South Fork,CO,FS,White River National Forest,39.867,-107.5341,True,reservable,18,False,False,False,True,True,,False,https://www.recreation.gov/camping/campgrounds/10362454,
10362475,Sugar Pine Point,CA,FS,Eldorado National Forest,38.547154,-120.240428,True,reservable,9,False,False,False,False,False,,False,https://www.recreation.gov/camping/campgrounds/10362475,
10362485,Windwhistle Campground,UT,BLM,Canyon Rims,38.176275,-109.462012,True,partly,15,False,False,False,True,True,40,False,https://www.recreation.gov/camping/campgrounds/10362485,
10363513,Arrow Forest Camp,OR,FS,Wallowa Whitman National Forest,45.2666,-117.3855,True,reservable,3,False,False,False,True,False,,False,https://www.recreation.gov/camping/campgrounds/10363513,
10363517,Boundary Campground,OR,FS,Wallowa Whitman National Forest,45.473,-117.5578,True,reservable,8,False,False,False,False,False,,False,https://www.recreation.gov/camping/campgrounds/10363517,
10363526,Canyon Forest Camp,OR,FS,Wallowa Whitman National Forest,45.3514,-117.4147,True,reservable,3,False,False,False,False,False,,False,https://www.recreation.gov/camping/campgrounds/10363526,
10363530,Cottonwood Campground,WA,FS,Okanogan-Wenatchee National Forest,46.907222,-121.026111,True,partly,25,False,False,False,True,True,40,False,https://www.recreation.gov/camping/campgrounds/10363530,
10363556,Coyote Campground,OR,FS,Wallowa Whitman National Forest,45.841779,-117.112640,True,reservable,9,False,False,False,False,False,,False,https://www.recreation.gov/camping/campgrounds/10363556,
10363566,Fox Creek,WA,FS,Okanogan-Wenatchee National Forest,48.093700,-120.313000,True,reservable,16,False,False,False,False,False,,False,https://www.recreation.gov/camping/campgrounds/10363566,
10363583,Hurricane Creek Campground,OR,FS,Wallowa Whitman National Forest,45.3357,-117.2963,True,reservable,12,False,False,False,False,False,,False,https://www.recreation.gov/camping/campgrounds/10363583,
10363596,Irondyke Forest Camp,OR,FS,Wallowa Whitman National Forest,45.2975,-117.3965,True,reservable,5,False,False,False,False,False,,False,https://www.recreation.gov/camping/campgrounds/10363596,
10363602,Manastash Campground,WA,FS,Okanogan-Wenatchee National Forest,48.093700,-120.313000,True,reservable,15,False,False,False,False,False,,False,https://www.recreation.gov/camping/campgrounds/10363602,
10363618,Rising Sun Campground,MT,NPS,Glacier National Park,48.684147,-113.800931,True,reservable,83,False,False,False,True,True,21,False,https://www.recreation.gov/camping/campgrounds/10363618,
10363702,Satsop Campground,WA,FS,Olympic National Forest,47.367901,-123.565913,True,reservable,19,True,True,True,True,True,30,False,https://www.recreation.gov/camping/campgrounds/10363702,
10363722,Shady Campground,OR,FS,Wallowa Whitman National Forest,45.257367,-117.382778,True,reservable,14,False,False,False,False,False,,False,https://www.recreation.gov/camping/campgrounds/10363722,
10363737,South Fork Tieton,WA,FS,Okanogan-Wenatchee National Forest,48.093700,-120.313000,True,reservable,4,False,False,False,False,False,,False,https://www.recreation.gov/camping/campgrounds/10363737,
10363742,Tieton Pond Campground,WA,FS,Okanogan-Wenatchee National Forest,48.093700,-120.313000,True,reservable,10,False,False,False,False,False,,False,https://www.recreation.gov/camping/campgrounds/10363742,
10363753,Turkey Flat Forest Camp,OR,FS,Wallowa Whitman National Forest,45.2764,-117.39,True,reservable,3,False,False,False,False,False,,False,https://www.recreation.gov/camping/campgrounds/10363753,
10363757,Two Pan Campground,OR,FS,Wallowa Whitman National Forest,45.2502,-117.3765,False,first-come,0,False,False,False,False,False,,False,,
10363762,Pine Flats Campground,WA,FS,Okanogan-Wenatchee National Forest,48.093700,-120.313000,False,first-come,0,False,False,False,False,False,,False,,
10363770,Silver Falls Campground,WA,FS,Okanogan-Wenatchee National Forest,48.093700,-120.313000,False,first-come,0,False,False,False,False,False,,False,,
10363802,Walla Walla Forest Camp,OR,FS,Wallowa Whitman National Forest,45.3168,-117.4024,True,reservable,4,False,False,False,False,False,,False,https://www.recreation.gov/camping/campgrounds/10363802,
10363807,Williamson Campground,OR,FS,Wallowa Whitman National Forest,45.3422,-117.4116,True,reservable,9,False,False,False,False,False,,False,https://www.recreation.gov/camping/campgrounds/10363807,
10364846,Beth Lake Campground,WA,FS,Colville National Forest,48.505397,-118.590750,True,reservable,15,False,False,False,False,False,,False,https://www.recreation.gov/camping/campgrounds/10364846,
10364862,Blackhorse Campground,OR,FS,Wallowa Whitman National Forest,45.1578,-116.8743,True,reservable,14,False,False,False,False,False,,False,https://www.recreation.gov/camping/campgrounds/10364862,
10364877,Coverdale Campground,OR,FS,Wallowa Whitman National Forest,45.1082,-116.9239,True,reservable,7,False,False,False,False,False,,False,https://www.recreation.gov/camping/campgrounds/10364877,
10364885,Dougherty Campground,OR,FS,Wallowa Whitman National Forest,45.8533,-117.0342,True,reservable,12,False,False,False,False,False,,False,https://www.recreation.gov/camping/campgrounds/10364885,
10364898,Hidden Campground,OR,FS,Wallowa Whitman National Forest,45.1132,-116.9787,True,reservable,10,False,False,False,False,False,,False,https://www.recreation.gov/camping/campgrounds/10364898,
10364909,Indian Crossing Campground,OR,FS,Wallowa Whitman National Forest,45.1114,-117.0149,True,reservable,10,False,False,False,False,False,,False,https://www.recreation.gov/camping/campgrounds/10364909,
10364920,Kerr Campground,WA,FS,Colville National Forest,48.366792,-119.472862,True,reservable,12,False,False,False,False,False,,False,https://www.recreation.gov/camping/campgrounds/10364920,
10364933,Lake Fork Campground,OR,FS,Wallowa Whitman National Forest,45.0093,-116.9147,True,reservable,10,False,False,False,False,False,,False,https://www.recreation.gov/camping/campgrounds/10364933,
10364944,Lick Creek Campground,OR,FS,Wallowa Whitman National Forest,45.1576,-117.0343,True,reservable,9,False,False,False,False,False,,False,https://www.recreation.gov/camping/campgrounds/10364944,
10364954,Lost Lake Campground,WA,FS,Colville National Forest,48.511861,-119.317090,True,reservable,24,False,False,False,False,False,,False,https://www.recreation.gov/camping/campgrounds/10364954,
10364978,Ollokot Campground,OR,FS,Wallowa Whitman National Forest,45.1514,-116.8768,True,reservable,13,False,False,False,False,False,,False,https://www.recreation.gov/camping/campgrounds/10364978,
10364992,Oriole Campground,WA,FS,Colville National Forest,48.595484,-119.777271,True,reservable,10,False,False,False,False,False,,False,https://www.recreation.gov/camping/campgrounds/10364992,
10365003,Saddle Creek Campground,OR,FS,Wallowa Whitman National Forest,45.401089,-116.724252,True,reservable,7,False,False,False,False,False,,False,https://www.recreation.gov/camping/campgrounds/10365003,
10365011,Salmon Meadows Campground,WA,FS,Colville National Forest,48.394558,-119.504662,True,reservable,14,False,False,False,False,False,,False,https://www.recreation.gov/camping/campgrounds/10365011,
10365026,Sugarloaf Campground,WA,FS,Colville National Forest,48.356829,-119.418545,True,reservable,4,False,False,False,False,False,,False,https://www.recreation.gov/camping/campgrounds/10365026,
10365031,Twin Lakes Campground,OR,FS,Wallowa Whitman National Forest,45.0782,-117.0547,True,reservable,5,False,False,False,False,False,,False,https://www.recreation.gov/camping/campgrounds/10365031,
10367551,Bird Track Springs Campground,OR,FS,Wallowa Whitman National Forest,45.2999,-118.3072,True,reservable,22,False,False,False,False,False,,False,https://www.recreation.gov/camping/campgrounds/10367551,
10367574,Boulder Park Campground,OR,FS,Wallowa Whitman National Forest,45.0656,-117.4102,True,reservable,7,False,False,False,False,False,,False,https://www.recreation.gov/camping/campgrounds/10367574,
10367582,Buck Creek Campground,OR,FS,Wallowa Whitman National Forest,45.1482,-117.5723,True,reservable,4,False,False,False,False,False,,False,https://www.recreation.gov/camping/campgrounds/10367582,
10367613,Eagle Forks Campground,OR,FS,Wallowa Whitman National Forest,44.8911,-117.2606,False,first-come,7,False,False,False,False,False,,False,,
10367637,Fish Lake Campground,OR,FS,Wallowa Whitman National Forest,45.0499,-117.0924,False,first-come,6,False,False,False,False,False,,False,,
10367669,Mcbride Campground,OR,FS,Wallowa Whitman National Forest,44.9351,-117.2222,False,first-come,10,False,False,False,False,False,,False,,
10367708,Moss Springs Campground,OR,FS,Wallowa Whitman National Forest,45.275278,-117.679978,True,reservable,8,False,False,False,False,False,,False,https://www.recreation.gov/camping/campgrounds/10367708,
10367717,Oregon Campground (Wallowa-Whitman),OR,FS,Wallowa Whitman National Forest,44.5462,-118.3411,False,first-come,8,False,False,False,False,False,,False,,
10367726,South Fork Campground (Wallowa-Whitman),OR,FS,Wallowa Whitman National Forest,44.4041,-118.3054,False,first-come,14,False,False,False,False,False,,False,,
10367741,Spool Cart Campground,OR,FS,Wallowa Whitman National Forest,45.2025,-118.3949,True,reservable,13,False,False,False,False,False,,False,https://www.recreation.gov/camping/campgrounds/10367741,
10367755,Spring Creek Campground,OR,FS,Wallowa Whitman National Forest,45.3567,-118.3116,True,reservable,4,False,False,False,False,False,,False,https://www.recreation.gov/camping/campgrounds/10367755,
10367760,Tamarack Campground,OR,FS,Wallowa Whitman National Forest,45.0202,-117.4536,False,first-come,12,False,False,False,False,False,,False,,
10367773,Two Color Campground,OR,FS,Wallowa Whitman National Forest,44.773160,-117.829930,True,reservable,9,False,False,False,False,False,,False,https://www.recreation.gov/camping/campgrounds/10367773,
10367783,West Eagle Meadow Camping,OR,FS,Wallowa Whitman National Forest,45.0781,-117.4757,True,reservable,17,False,False,False,False,False,,False,https://www.recreation.gov/camping/campgrounds/10367783,
10367801,Wetmore Campground,OR,FS,Wallowa Whitman National Forest,44.5238,-118.304,False,first-come,11,False,False,False,False,False,,False,,
10367813,Yellow Pine Campground (Wallowa-Whitman),OR,FS,Wallowa Whitman National Forest,44.529891,-118.317279,False,first-come,21,False,False,False,False,False,,False,,
10369320,Black Hills Off-Season Campgrounds,SD,FS,Black Hills National Forest,44.059000,-103.741000,True,reservable,17,False,False,False,True,True,75,False,https://www.recreation.gov/camping/campgrounds/10369320,
10369364,Hankinson Hills Campground,ND,FS,Dakota Prairie National Grasslands,46.826861,-100.737626,True,reservable,16,False,False,False,True,True,60,False,https://www.recreation.gov/camping/campgrounds/10369364,
10369381,Jorgen's Hollow Campground,ND,FS,Dakota Prairie National Grasslands,46.524014,-97.202536,True,reservable,14,False,False,False,True,True,50,False,https://www.recreation.gov/camping/campgrounds/10369381,
10370456,Chilao Campground - Manzanita Loop,CA,FS,Angeles National Forest,34.148074,-118.033762,True,reservable,42,False,False,False,True,True,42,False,https://www.recreation.gov/camping/campgrounds/10370456,
10370498,Southwest Campground,CA,NPS,Lassen Volcanic National Park,40.493546,-121.407599,False,first-come,36,False,False,False,True,True,,False,,
10372413,Big Creek Campground,OR,FS,Malheur National Forest,44.187109,-118.616079,True,reservable,15,False,False,False,True,True,,False,https://www.recreation.gov/camping/campgrounds/10372413,
10372429,Buck Spring Campground,OR,FS,Malheur National Forest,43.7891,-119.71,True,reservable,7,False,False,False,False,False,,False,https://www.recreation.gov/camping/campgrounds/10372429,
10372437,Dam View Camping Area,ID,USACE,Dworshak Reservoir,46.510000,-116.296070,True,reservable,6,False,False,False,True,True,25,False,https://www.recreation.gov/camping/campgrounds/10372437,
10372444,Deerhorn Campground,OR,FS,Malheur National Forest,44.6226,-118.5812,True,reservable,5,False,False,False,True,True,,False,https://www.recreation.gov/camping/campgrounds/10372444,
10372450,Delintment Lake Campground,OR,FS,Malheur National Forest,43.889424,-119.629559,True,reservable,29,False,False,False,True,True,,False,https://www.recreation.gov/camping/campgrounds/10372450,
10372480,Dixie Campground,OR,FS,Malheur National Forest,44.5348,-118.5879,True,reservable,9,False,False,False,True,True,,False,https://www.recreation.gov/camping/campgrounds/10372480,
10372490,Falls Campground,OR,FS,Malheur National Forest,43.8458,-119.408,True,reservable,6,False,False,False,True,True,,False,https://www.recreation.gov/camping/campgrounds/10372490,
10372497,Idlewild Campground,OR,FS,Malheur National Forest,43.802,-118.9874,True,reservable,26,False,False,False,True,True,,False,https://www.recreation.gov/camping/campgrounds/10372497,
10372520,Joaquin Miller Horse Camp,OR,FS,Malheur National Forest,43.8259,-118.9717,True,reservable,12,False,False,False,False,False,,False,https://www.recreation.gov/camping/campgrounds/10372520,
10372533,Lower Camp Creek Campground,OR,FS,Malheur National Forest,44.6725,-118.7996,True,reservable,6,False,False,False,True,False,,False,https://www.recreation.gov/camping/campgrounds/10372533,
10372540,Magone Lake Campground,OR,FS,Malheur National Forest,44.549397,-118.912825,True,partly,21,False,False,False,True,False,50,False,https://www.recreation.gov/camping/campgrounds/10372540,
10372562,Middle Fork Campground,OR,FS,Malheur National Forest,44.630064,-118.605606,True,reservable,10,False,False,False,True,False,,False,https://www.recreation.gov/camping/campgrounds/10372562,
10372592,Murray Campground,OR,FS,Malheur National Forest,44.2111,-118.6386,True,reservable,6,False,False,False,True,False,,False,https://www.recreation.gov/camping/campgrounds/10372592,
10372598,Parish Cabin Campground,OR,FS,Malheur National Forest,44.1773,-118.7649,True,reservable,17,False,False,False,True,True,,False,https://www.recreation.gov/camping/campgrounds/10372598,
10372616,Rock Springs Campground,OR,FS,Malheur National Forest,43.999,-118.8396,True,reservable,12,False,False,False,False,False,,False,https://www.recreation.gov/camping/campgrounds/10372616,
10372629,Slide Horse Camp,OR,FS,Malheur National Forest,44.3452,-118.6551,True,reservable,3,True,False,False,True,True,,False,https://www.recreation.gov/camping/campgrounds/10372629,
10372633,South Skookum Lake,WA,FS,Colville National Forest,48.393816,-117.185725,True,reservable,25,False,False,False,True,True,54,False,https://www.recreation.gov/camping/campgrounds/10372633,
10372659,Starr Campground,OR,FS,Malheur National Forest,44.2604,-119.0149,True,reservable,11,True,False,False,True,True,,False,https://www.recreation.gov/camping/campgrounds/10372659,
10372671,Strawberry Campground,OR,FS,Malheur National Forest,44.3199,-118.6753,True,reservable,10,False,False,False,True,True,,False,https://www.recreation.gov/camping/campgrounds/10372671,
10372682,Tip Top Campground,OR,FS,Malheur National Forest,43.8969,-119.643,True,reservable,3,False,False,False,False,False,,False,https://www.recreation.gov/camping/campgrounds/10372682,
10372686,Trout Farm Campground,OR,FS,Malheur National Forest,44.3051,-118.5514,True,reservable,6,False,False,False,True,False,45,False,https://www.recreation.gov/camping/campgrounds/10372686,
10372693,Wickiup Campground,OR,FS,Malheur National Forest,44.217,-118.8526,True,reservable,6,False,False,False,True,False,50,False,https://www.recreation.gov/camping/campgrounds/10372693,
10373422,Crawfish Lake,WA,FS,Colville National Forest,48.4849,-119.2151,True,reservable,19,False,False,False,False,False,,False,https://www.recreation.gov/camping/campgrounds/10373422,
10373442,Lovers Leap,CA,FS,Eldorado National Forest,38.799416,-120.141112,True,reservable,21,False,False,False,False,False,,False,https://www.recreation.gov/camping/campgrounds/10373442,
10374933,West Winds Campground,OR,FS,Siuslaw National Forest,45.2869,-123.9578,True,reservable,18,False,False,False,True,True,40,False,https://www.recreation.gov/camping/campgrounds/10374933,
10376722,Kelly's Crossing Campground,MS,USACE,Arkabutla Lake,34.758009,-90.125476,True,reservable,5,False,False,False,True,True,,False,https://www.recreation.gov/camping/campgrounds/10376722,
10377487,Ash Flat Campground,OR,FS,Umpqua National Forest,43.045400,-122.732160,False,first-come,5,False,False,False,True,True,35,False,,
10377492,Boulder Creek Campground,OR,FS,Umpqua National Forest,43.0534,-122.7768,False,first-come,8,False,False,False,True,True,50,False,,
10377502,Clearwater Falls Campground,OR,FS,Umpqua National Forest,43.2478,-122.2338,True,reservable,10,False,False,False,True,True,25,False,https://www.recreation.gov/camping/campgrounds/10377502,
10377515,Devil's Flat Campground,OR,FS,Umpqua National Forest,42.8168,-123.0263,False,first-come,4,False,False,False,True,True,22,False,,
10377519,Dumont Creek Campground,OR,FS,Umpqua National Forest,43.036,-122.8118,False,first-come,4,False,False,False,True,True,,False,,
10377523,Hemlock Lake Campground,OR,FS,Umpqua National Forest,43.1902,-122.7044,False,first-come,15,False,False,False,True,True,35,False,,
10377538,Hemlock Meadows Campground,OR,FS,Umpqua National Forest,43.1896,-122.6957,True,reservable,5,False,False,False,True,True,35,False,https://www.recreation.gov/camping/campgrounds/10377538,
10377543,Island Campground,OR,FS,Umpqua National Forest,43.3413,-122.7242,False,first-come,8,False,False,False,True,True,24,False,,
10377551,Lake In The Woods Campground,OR,FS,Umpqua National Forest,43.2166,-122.7213,False,first-come,12,False,False,False,True,True,35,False,,
10377563,South Umpqua Falls Campground,OR,FS,Umpqua National Forest,43.0558,-122.6884,False,first-come,21,False,False,False,True,True,65,False,,
10377584,Steamboat Falls Campground,OR,FS,Umpqua National Forest,43.3754,-122.6525,False,first-come,10,False,False,False,True,True,20,False,,
10377594,Three C Rock Campground,OR,FS,Umpqua National Forest,42.964721,-122.888348,False,first-come,6,False,False,False,True,True,55,False,,
10377600,Threehorn Campground,OR,FS,Umpqua National Forest,42.803717,-122.866300,False,first-come,6,False,False,False,True,True,22,False,,
10377606,Umpqua Off-Season Campgrounds,OR,FS,Umpqua National Forest,43.273600,-122.594400,False,first-come,5,False,False,False,True,True,24,False,,
10377611,White Creek Campground,OR,FS,Umpqua National Forest,43.2276,-122.8619,False,first-come,5,False,False,False,True,True,,False,,
10377616,Whitehorse Falls Campground,OR,FS,Umpqua National Forest,43.2463,-122.3042,True,reservable,6,False,False,False,True,True,25,False,https://www.recreation.gov/camping/campgrounds/10377616,
10378371,Ten Mile Campground,WA,FS,Colville National Forest,48.5181,-118.7369,True,reservable,5,False,False,False,False,False,,False,https://www.recreation.gov/camping/campgrounds/10378371,
10378377,Deer Creek Forest Camp,WA,FS,Colville National Forest,48.8647,-118.395,True,reservable,7,False,False,False,False,False,,False,https://www.recreation.gov/camping/campgrounds/10378377,
10378385,Ferry Lake,WA,FS,Colville National Forest,48.5228,-118.8097,True,reservable,9,False,False,False,False,False,,False,https://www.recreation.gov/camping/campgrounds/10378385,
10378395,Long Lake,WA,FS,Colville National Forest,48.5008,-118.8097,True,reservable,12,False,False,False,False,False,,False,https://www.recreation.gov/camping/campgrounds/10378395,
10378408,Swan Lake,WA,FS,Colville National Forest,48.5128,-118.8336,True,partly,26,False,False,False,False,False,,False,https://www.recreation.gov/camping/campgrounds/10378408,
10378435,Rush Campground,AR,NPS,Buffalo National River,36.122741,-92.550445,True,reservable,12,False,False,False,True,True,,False,https://www.recreation.gov/camping/campgrounds/10378435,https://www.nps.gov/buff/planyourvisit/camping.htm
10378448,Carver Campground,AR,NPS,Buffalo National River,36.041165,-92.907616,True,reservable,8,False,False,False,True,True,,False,https://www.recreation.gov/camping/campgrounds/10378448,https://www.nps.gov/buff/planyourvisit/camping.htm
10378940,Keller Ferry Campground (Concessionaire-Operated),WA,NPS,Lake Roosevelt National Recreation Area,47.928880,-118.693369,False,first-come,0,False,False,False,False,False,,False,,https://lakerooseveltadventures.com/campground/
10378951,Keller Ferry Group Sites (Concessionaire-Operated),WA,NPS,Lake Roosevelt National Recreation Area,47.922353,-118.701396,False,first-come,0,False,False,False,False,False,,False,,https://lakerooseveltadventures.com/campground/
10379040,Camp Na-Bor-Lee (Non-Profit Operated),WA,NPS,Lake Roosevelt National Recreation Area,48.039411,-118.354525,False,first-come,0,False,False,False,False,False,,False,,https://campnaborlee.com/
10379365,Aspen Grove Campground,MT,FS,Helena-Lewis and Clark National Forest,46.803054,-111.817514,True,reservable,26,False,False,False,True,False,60,False,https://www.recreation.gov/camping/campgrounds/10379365,
10380234,Cochrane Campground,MS,USACE,Tennessee-Tombigbee Waterway,33.520033,-88.492060,True,reservable,60,True,True,False,True,True,,False,https://www.recreation.gov/camping/campgrounds/10380234,
10380295,Sumter Campground,MS,USACE,Tennessee-Tombigbee Waterway,33.520033,-88.492060,True,reservable,6,False,False,False,False,False,,False,https://www.recreation.gov/camping/campgrounds/10380295,
10381020,Big Meadow,WA,FS,Colville National Forest,48.537975,-117.904956,True,reservable,16,False,False,False,False,False,,False,https://www.recreation.gov/camping/campgrounds/10381020,
10381037,Canyon Creek,WA,FS,Colville National Forest,48.5775,-118.2397,True,reservable,12,False,False,False,False,False,,False,https://www.recreation.gov/camping/campgrounds/10381037,
10381056,Lake Ellen East,WA,FS,Colville National Forest,48.5022,-118.2461,True,reservable,11,False,False,False,False,False,,False,https://www.recreation.gov/camping/campgrounds/10381056,
10381068,Lake Ellen West,WA,FS,Colville National Forest,48.4964,-118.2633,True,reservable,5,False,False,False,False,False,,False,https://www.recreation.gov/camping/campgrounds/10381068,
10381074,Little Twin Lakes,WA,FS,Colville National Forest,48.537975,-117.904956,True,reservable,11,False,False,False,False,False,,False,https://www.recreation.gov/camping/campgrounds/10381074,
10381092,Trout Lake,WA,FS,Colville National Forest,48.6244,-118.2405,True,reservable,5,False,False,False,False,False,,False,https://www.recreation.gov/camping/campgrounds/10381092,
10381860,Bearlodge Campground,SD,FS,Black Hills National Forest,44.059000,-103.741000,True,reservable,8,False,False,False,True,True,50,False,https://www.recreation.gov/camping/campgrounds/10381860,
10381869,Beaver Creek Campground,SD,FS,Black Hills National Forest,44.0753,-104.0507,True,reservable,8,False,False,False,True,True,50,False,https://www.recreation.gov/camping/campgrounds/10381869,
10381878,Black Fox Campground,SD,FS,Black Hills National Forest,44.144805,-103.845603,True,reservable,9,False,False,False,True,True,,False,https://www.recreation.gov/camping/campgrounds/10381878,
10381888,Castle Peak Campground,SD,FS,Black Hills National Forest,44.059000,-103.741000,True,reservable,9,False,False,False,True,True,,False,https://www.recreation.gov/camping/campgrounds/10381888,
10381898,Coyote Hollow,UT,FS,Dixie National Forest,37.617000,-112.691000,True,reservable,4,False,False,False,True,False,60,False,https://www.recreation.gov/camping/campgrounds/10381898,
10381903,Custer Trail Campground,SD,FS,Black Hills National Forest,44.059000,-103.741000,True,reservable,13,False,False,False,True,True,40,False,https://www.recreation.gov/camping/campgrounds/10381903,
10381917,Ditch Creek Campground,SD,FS,Black Hills National Forest,43.9607,-103.8413,True,reservable,13,False,False,False,True,True,80,False,https://www.recreation.gov/camping/campgrounds/10381917,
10381950,Redbank Spring Campground,SD,FS,Black Hills National Forest,43.9904,-103.981,True,reservable,4,False,False,False,True,True,164,False,https://www.recreation.gov/camping/campgrounds/10381950,
10381955,Rod & Gun Campground,SD,FS,Black Hills National Forest,44.3385,-103.963,True,reservable,7,False,False,False,True,True,44,False,https://www.recreation.gov/camping/campgrounds/10381955,
10381963,Strawberry Recreation Site,SD,FS,Black Hills National Forest,44.059000,-103.741000,True,reservable,4,False,False,False,True,True,25,False,https://www.recreation.gov/camping/campgrounds/10381963,
10381968,Steamboat Recreation Area,SD,FS,Black Hills National Forest,44.059000,-103.741000,True,reservable,10,False,False,False,True,True,,False,https://www.recreation.gov/camping/campgrounds/10381968,
10381979,Timon Campground,SD,FS,Black Hills National Forest,44.3284,-103.9882,True,reservable,7,False,False,False,True,True,60,False,https://www.recreation.gov/camping/campgrounds/10381979,
10382266,Junction City Campground,CA,BLM,Trinity,40.657719,-122.952867,True,reservable,21,False,False,False,True,True,,False,https://www.recreation.gov/camping/campgrounds/10382266,
10382288,Shasta Campground,CA,BLM,Chappie/Shasta Off-Highway Vehicle Recreation Area,40.712990,-122.437224,True,reservable,27,False,False,False,True,True,,False,https://www.recreation.gov/camping/campgrounds/10382288,
10382316,Reading Island Group Campground,CA,BLM,Sacramento River Bend Area,40.272784,-122.196902,True,reservable,1,False,False,False,True,True,,False,https://www.recreation.gov/camping/campgrounds/10382316,
10382318,Steel Bridge Campground,CA,BLM,Trinity,40.657719,-122.952867,True,reservable,13,False,False,False,True,True,,False,https://www.recreation.gov/camping/campgrounds/10382318,
10382332,Shady Lake Campground,AR,FS,Ouachita National Forest,34.3628,-94.0278,True,partly,55,True,True,True,True,True,32,False,https://www.recreation.gov/camping/campgrounds/10382332,
10382389,Cottonwood Campground,OR,FS,Fremont-Winema National Forest,42.2842,-120.6384,True,reservable,19,False,False,False,True,True,,True,https://www.recreation.gov/camping/campgrounds/10382389,
10382409,Dog Lake Campground,OR,FS,Fremont-Winema National Forest,42.0845,-120.7077,True,reservable,18,False,False,False,True,True,,True,https://www.recreation.gov/camping/campgrounds/10382409,
10382428,East Bay Campground,OR,FS,Fremont-Winema National Forest,42.9442,-121.0638,True,reservable,19,False,False,False,False,False,,True,https://www.recreation.gov/camping/campgrounds/10382428,
10382456,Chilkoot Trail Camping Permits,AK,NPS,Klondike Gold Rush National Historical Park,59.455442,-135.314773,True,partly,55,False,False,False,True,False,,False,https://www.recreation.gov/camping/campgrounds/10382456,
10382517,Lofton Reservoir Campground,OR,FS,Fremont-Winema National Forest,42.2621,-120.8181,True,reservable,25,False,False,False,True,True,,True,https://www.recreation.gov/camping/campgrounds/10382517,
10382543,Marsters Spring Campground,OR,FS,Fremont-Winema National Forest,42.624169,-120.605368,True,reservable,11,False,False,False,False,False,,True,https://www.recreation.gov/camping/campgrounds/10382543,
10382565,Silver Creek Marsh,OR,FS,Fremont-Winema National Forest,43.0065,-121.135,True,reservable,16,False,False,False,False,False,,True,https://www.recreation.gov/camping/campgrounds/10382565,
10382582,Thompson Reservoir,OR,FS,Fremont-Winema National Forest,42.9614,-121.0928,True,reservable,20,False,False,False,False,False,,False,https://www.recreation.gov/camping/campgrounds/10382582,
10386520,Black Lake Campground,ID,FS,Wallowa Whitman National Forest,45.1898,-116.5613,True,reservable,4,False,False,False,False,False,,False,https://www.recreation.gov/camping/campgrounds/10386520,
10386525,Camp Greentop,MD,NPS,Catoctin Mountain Park,39.650685,-77.464177,True,reservable,1,False,False,False,False,True,,False,https://www.recreation.gov/camping/campgrounds/10386525,https://www.nps.gov/cato/planyourvisit/camp-greentop.htm
10386527,Alexander Creek Campground,MT,USACE,Libby Dam and Lake Koocanusa,48.422363,-115.315279,True,reservable,2,False,False,False,True,True,,False,https://www.recreation.gov/camping/campgrounds/10386527,
10386530,Blackwell Flats Campground,MT,USACE,Libby Dam and Lake Koocanusa,48.422363,-115.315279,True,reservable,7,False,False,False,True,True,,False,https://www.recreation.gov/camping/campgrounds/10386530,
10386538,Dunn Creek Campground,MT,USACE,Libby Dam and Lake Koocanusa,48.422363,-115.315279,True,reservable,13,False,False,False,True,True,,False,https://www.recreation.gov/camping/campgrounds/10386538,
10386556,Meeker Park Overflow Campground,CO,FS,Arapaho & Roosevelt National Forests Pawnee NG,40.242602,-105.533903,False,first-come,29,False,False,False,False,False,,False,,
10386586,Rainbow Lakes Campground,CO,FS,Arapaho & Roosevelt National Forests Pawnee NG,40.009107,-105.568922,False,first-come,18,False,False,False,False,False,,False,,
10386605,Grayback Campground,OR,FS,Rogue River-Siskiyou National Forest,42.1485,-123.4654,True,reservable,40,False,False,False,True,False,,False,https://www.recreation.gov/camping/campgrounds/10386605,
10386646,Little Falls Campground,OR,FS,Rogue River-Siskiyou National Forest,42.2403,-123.6755,True,reservable,4,False,False,False,True,False,,False,https://www.recreation.gov/camping/campgrounds/10386646,
10386651,River Bench Campground,OR,FS,Rogue River-Siskiyou National Forest,42.295079,-123.740103,True,reservable,9,False,False,False,True,False,,False,https://www.recreation.gov/camping/campgrounds/10386651,
10386660,Sam Brown Campground,OR,FS,Rogue River-Siskiyou National Forest,42.4431,-123.6889,True,reservable,26,False,False,False,False,False,,False,https://www.recreation.gov/camping/campgrounds/10386660,
10386681,Sam Brown Horse Campground,OR,FS,Rogue River-Siskiyou National Forest,42.4438,-123.6851,True,reservable,8,False,False,False,False,False,,False,https://www.recreation.gov/camping/campgrounds/10386681,
10386688,Sixmile Campground,OR,FS,Rogue River-Siskiyou National Forest,42.311178,-123.714518,True,reservable,5,False,False,False,True,False,,False,https://www.recreation.gov/camping/campgrounds/10386688,
10386694,Spalding Pond Campground,OR,FS,Rogue River-Siskiyou National Forest,42.311178,-123.714518,True,reservable,5,False,False,False,True,False,,False,https://www.recreation.gov/camping/campgrounds/10386694,
10386700,Store Gulch Campground,OR,FS,Rogue River-Siskiyou National Forest,42.311178,-123.714518,True,reservable,6,False,False,False,True,False,,False,https://www.recreation.gov/camping/campgrounds/10386700,
10386706,Clear Lake Campground,CO,FS,Arapaho & Roosevelt National Forests Pawnee NG,39.6506,-105.7079,False,first-come,8,False,False,False,False,False,,False,,
10386715,Cedar Grove Stock Campsite,CA,NPS,Sequoia & Kings Canyon National Parks,36.712773,-118.587429,True,reservable,1,False,False,False,True,True,55,False,https://www.recreation.gov/camping/campgrounds/10386715,
10386717,Garden Key Campground,FL,NPS,Dry Tortugas National Park,24.627011,-82.873406,True,partly,11,False,False,False,False,False,,False,https://www.recreation.gov/camping/campgrounds/10386717,
10386729,Horse Flats Campground,CA,FS,Angeles National Forest,34.3428,-118.01,True,reservable,27,False,False,False,True,True,,False,https://www.recreation.gov/camping/campgrounds/10386729,
10386756,Juniper Campground,ND,NPS,Theodore Roosevelt National Park,47.177773,-103.430008,True,reservable,48,False,False,False,True,False,57,False,https://www.recreation.gov/camping/campgrounds/10386756,
10386807,Chilao Campground - Little Pines Loop,CA,FS,Angeles National Forest,34.320421,-118.012339,True,reservable,44,False,False,False,True,True,41,False,https://www.recreation.gov/camping/campgrounds/10386807,
10386851,Monte Cristo Campground,CA,FS,Angeles National Forest,34.3413,-118.1095,True,partly,20,False,False,False,True,True,,False,https://www.recreation.gov/camping/campgrounds/10386851,
10386871,Pittsburg Campground,ID,FS,Wallowa Whitman National Forest,45.6355,-116.4776,True,reservable,28,False,False,False,False,False,,False,https://www.recreation.gov/camping/campgrounds/10386871,
10386900,Seven Devils Campground,ID,FS,Wallowa Whitman National Forest,45.3472,-116.5178,True,reservable,9,False,False,False,False,False,,False,https://www.recreation.gov/camping/campgrounds/10386900,
10386913,Windy Saddle Horse Camp,ID,FS,Wallowa Whitman National Forest,45.3504,-116.5098,True,reservable,4,False,False,False,False,False,,False,https://www.recreation.gov/camping/campgrounds/10386913,
10388440,Hanna Campground,SD,FS,Black Hills National Forest,44.275,-103.8507,True,reservable,14,False,False,False,True,True,60,False,https://www.recreation.gov/camping/campgrounds/10388440,
10388467,S-Tree Campground,KY,FS,Daniel Boone National Forest,37.3868,-84.0717,True,reservable,20,False,False,False,True,True,,False,https://www.recreation.gov/camping/campgrounds/10388467,
10389176,Greendale Campground,VT,FS,Green Mountain & Finger Lakes National Forests,43.3506,-72.8208,True,reservable,11,False,False,False,False,False,,False,https://www.recreation.gov/camping/campgrounds/10389176,
10389244,Snowberry Bowl Campground,WA,FS,Okanogan-Wenatchee National Forest,47.959421,-120.289673,True,reservable,9,False,False,False,True,True,,False,https://www.recreation.gov/camping/campgrounds/10389244,
10390880,Bridalveil Creek Horse Campsites,CA,NPS,Yosemite National Park,37.848833,-119.557187,True,reservable,3,False,True,False,True,True,30,False,https://www.recreation.gov/camping/campgrounds/10390880,
10391706,Kyles Landing Campground,AR,NPS,Buffalo National River,36.055680,-93.280677,True,reservable,34,False,False,False,False,True,,False,https://www.recreation.gov/camping/campgrounds/10391706,https://www.nps.gov/buff/planyourvisit/camping.htm
10391783,Hickory Landing,FL,FS,National Forests in Florida,30.473733,-84.286034,True,reservable,11,False,False,False,False,True,,False,https://www.recreation.gov/camping/campgrounds/10391783,
10391795,Mack Landing,FL,FS,National Forests in Florida,30.473733,-84.286034,True,reservable,16,False,False,False,False,True,,False,https://www.recreation.gov/camping/campgrounds/10391795,
10391812,Whitehead Landing,FL,FS,National Forests in Florida,30.473733,-84.286034,True,reservable,11,False,False,False,False,True,,False,https://www.recreation.gov/camping/campgrounds/10391812,
10391855,Wood Lake,FL,FS,National Forests in Florida,30.473733,-84.286034,True,reservable,7,False,False,False,False,True,,False,https://www.recreation.gov/camping/campgrounds/10391855,
10393347,Daphne Grove Campground,OR,FS,Rogue River-Siskiyou National Forest,42.7367,-124.0546,True,reservable,14,False,False,False,False,False,,False,https://www.recreation.gov/camping/campgrounds/10393347,
10393362,Foster Bar Campground,OR,FS,Rogue River-Siskiyou National Forest,42.634574,-124.056152,True,reservable,8,False,False,False,False,False,,False,https://www.recreation.gov/camping/campgrounds/10393362,
10393371,Island Campground,OR,FS,Rogue River-Siskiyou National Forest,42.7235,-124.042,True,reservable,5,False,False,False,False,False,,False,https://www.recreation.gov/camping/campgrounds/10393371,
10393377,Lobster Creek Campground,OR,FS,Rogue River-Siskiyou National Forest,42.5015,-124.296,True,reservable,7,False,False,False,False,False,,False,https://www.recreation.gov/camping/campgrounds/10393377,
10393385,Miller Bar,OR,FS,Rogue River-Siskiyou National Forest,42.1385,-124.1749,True,reservable,1,False,False,False,False,False,,False,https://www.recreation.gov/camping/campgrounds/10393385,
10393387,Nook Bar,OR,FS,Rogue River-Siskiyou National Forest,42.146,-124.155,True,reservable,1,False,False,False,False,False,,False,https://www.recreation.gov/camping/campgrounds/10393387,
10393389,Quosatana Campground,OR,FS,Rogue River-Siskiyou National Forest,42.4961,-124.2296,True,reservable,43,False,False,False,False,False,,False,https://www.recreation.gov/camping/campgrounds/10393389,
10393433,Redwood Bar,OR,FS,Rogue River-Siskiyou National Forest,42.311178,-123.714518,True,reservable,1,False,False,False,False,False,,False,https://www.recreation.gov/camping/campgrounds/10393433,
10393435,Rock Creek Campground,OR,FS,Rogue River-Siskiyou National Forest,42.7076,-124.059,True,reservable,7,False,False,False,False,False,,False,https://www.recreation.gov/camping/campgrounds/10393435,
10393443,South Fork,OR,FS,Rogue River-Siskiyou National Forest,42.1873,-124.1317,True,reservable,1,False,False,False,False,False,,False,https://www.recreation.gov/camping/campgrounds/10393443,
10393446,San Joaquin River Gorge Camping,CA,BLM,Bakersfield Field Office,35.444390,-119.075495,False,first-come,8,False,False,False,True,False,,False,,
10394651,Bolan Lake Campground,OR,FS,Rogue River-Siskiyou National Forest,42.0235,-123.4582,True,reservable,15,False,False,False,False,False,,False,https://www.recreation.gov/camping/campgrounds/10394651,
10399470,Sycamore Flat Campground,CA,FS,Angeles National Forest,34.413760,-117.825130,True,partly,12,False,False,False,True,True,18,False,https://www.recreation.gov/camping/campgrounds/10399470,
10401335,Mccoy Flats Campground,UT,BLM,Vernal Field Office,40.453420,-109.519230,True,reservable,24,False,False,False,True,True,45,False,https://www.recreation.gov/camping/campgrounds/10401335,
10404032,Hales Campground,FL,USACE,Lake Seminole,30.704492,-84.863755,True,reservable,24,True,True,False,True,True,62,False,https://www.recreation.gov/camping/campgrounds/10404032,
10404057,Lost Meadow,WA,FS,Okanogan-Wenatchee National Forest,48.093700,-120.313000,True,reservable,1,False,False,False,False,False,,False,https://www.recreation.gov/camping/campgrounds/10404057,
10404059,River Junction Campground,FL,USACE,Lake Seminole,30.704492,-84.863755,True,reservable,11,True,True,False,True,True,40,False,https://www.recreation.gov/camping/campgrounds/10404059,
10405276,Cathedral,CO,FS,Rio Grande National Forest,37.822,-106.6049,False,first-come,22,False,False,False,False,False,,False,,
10405299,Comstock,CO,FS,Rio Grande National Forest,37.4455,-106.3627,False,first-come,6,False,False,False,False,False,,False,,
10405307,Crescent Lake,WA,FS,Colville National Forest,48.537975,-117.904956,True,reservable,3,False,False,False,False,False,,False,https://www.recreation.gov/camping/campgrounds/10405307,
10405311,Davis Lake,WA,FS,Colville National Forest,48.7392,-118.2278,True,reservable,5,False,False,False,False,False,,False,https://www.recreation.gov/camping/campgrounds/10405311,
10405318,Ivy Creek,CO,FS,Rio Grande National Forest,37.6818,-106.9994,True,reservable,4,False,False,False,False,False,,False,https://www.recreation.gov/camping/campgrounds/10405318,
10405323,Pierre Lake,WA,FS,Colville National Forest,48.9044,-118.1394,True,reservable,15,False,False,False,False,False,,False,https://www.recreation.gov/camping/campgrounds/10405323,
10405339,Rio Grande,CO,FS,Rio Grande National Forest,37.7626,-107.0114,True,reservable,7,False,False,False,False,False,,False,https://www.recreation.gov/camping/campgrounds/10405339,
10405347,Rock Creek,CO,FS,Rio Grande National Forest,37.469,-106.3323,True,reservable,11,False,False,False,False,False,,False,https://www.recreation.gov/camping/campgrounds/10405347,
10405359,Sherman Overlook,WA,FS,Colville National Forest,48.605,-118.4628,True,reservable,9,False,False,False,False,False,,False,https://www.recreation.gov/camping/campgrounds/10405359,
10406480,Stevens Pass Mountain Resort RV Lot,WA,FS,Mt. Baker-Snoqualmie National Forest,48.200422,-121.168213,True,reservable,60,True,False,False,True,True,40,False,https://www.recreation.gov/camping/campgrounds/10406480,
118440,Aspen Grove Campground,CA,FS,Lassen National Forest,40.555019,-120.774414,True,partly,28,False,False,False,True,True,50,False,https://www.recreation.gov/camping/campgrounds/118440,
118994,Gentry Group Campground,AZ,FS,Apache-Sitgreaves National Forest,34.301083,-110.313222,True,reservable,1,False,False,False,False,True,,False,https://www.recreation.gov/camping/campgrounds/118994,
119040,Boley Field Group Campground,VA,FS,George Washington & Jefferson National Forest,37.249030,-80.527900,True,reservable,1,False,False,False,True,True,,False,https://www.recreation.gov/camping/campgrounds/119040,
119090,Farewell Bend Campground,OR,FS,Rogue River-Siskiyou National Forest,42.915833,-122.435833,True,partly,63,False,False,False,True,True,40,False,https://www.recreation.gov/camping/campgrounds/119090,
119140,Union Creek Campground,OR,FS,Rogue River-Siskiyou National Forest,42.906667,-122.448611,True,partly,79,True,True,True,True,True,40,False,https://www.recreation.gov/camping/campgrounds/119140,
119190,Fish Lake Campground,OR,FS,Rogue River-Siskiyou National Forest,42.394167,-122.317222,True,partly,22,False,False,False,True,True,60,False,https://www.recreation.gov/camping/campgrounds/119190,
119240,Doe Point Campground,OR,FS,Rogue River-Siskiyou National Forest,42.392778,-122.323889,True,partly,32,False,False,False,True,True,72,False,https://www.recreation.gov/camping/campgrounds/119240,
119290,Willaby Campground,WA,FS,Olympic National Forest,47.461328,-123.860542,True,reservable,21,False,False,False,True,True,30,False,https://www.recreation.gov/camping/campgrounds/119290,
120840,Caldwell Fields Group Campground,VA,FS,George Washington & Jefferson National Forest,37.337056,-80.326417,True,reservable,2,False,False,False,True,True,,False,https://www.recreation.gov/camping/campgrounds/120840,
120990,Halfway Group Campground,CA,FS,Sequoia National Forest,35.802940,-118.451937,True,reservable,5,False,False,False,True,True,20,False,https://www.recreation.gov/camping/campgrounds/120990,
121040,Thunderbird Group Campground,CA,FS,Sequoia National Forest,35.815216,-118.456926,True,reservable,3,False,False,False,True,True,20,False,https://www.recreation.gov/camping/campgrounds/121040,
121390,Nason Creek Campground,WA,FS,Okanogan-Wenatchee National Forest,47.799600,-120.716000,True,reservable,73,False,False,False,True,True,35,False,https://www.recreation.gov/camping/campgrounds/121390,
121440,Eightmile Campground,WA,FS,Okanogan-Wenatchee National Forest,47.550833,-120.766111,True,reservable,26,False,False,False,True,True,47,False,https://www.recreation.gov/camping/campgrounds/121440,
122240,Little Oak Campground,TN,FS,Cherokee National Forest,36.519539,-82.060817,True,reservable,66,False,False,False,True,True,,False,https://www.recreation.gov/camping/campgrounds/122240,
122390,Cardens Bluff Campground,TN,FS,Cherokee National Forest,36.309722,-82.115278,True,reservable,43,False,False,False,True,True,30,False,https://www.recreation.gov/camping/campgrounds/122390,
122490,Ice Cap Campground,OR,FS,Willamette National Forest,44.340278,-121.999167,True,partly,22,False,False,False,True,True,55,False,https://www.recreation.gov/camping/campgrounds/122490,
122491,Cougar Crossing Campground,OR,FS,Willamette National Forest,44.057778,-122.219808,True,partly,11,False,False,False,True,True,40,False,https://www.recreation.gov/camping/campgrounds/122491,
122540,Lookout Campground And Boat Launch - Willamette,OR,FS,Willamette National Forest,44.204769,-122.258600,True,partly,21,False,False,False,True,True,30,False,https://www.recreation.gov/camping/campgrounds/122540,
122890,Eagle Creek Campground,OR,FS,Columbia River Gorge National Scenic Area,45.642222,-121.925278,True,reservable,17,False,False,False,True,True,34,False,https://www.recreation.gov/camping/campgrounds/122890,
122940,Wyeth Campground,OR,FS,Columbia River Gorge National Scenic Area,45.690305,-121.772188,True,reservable,16,False,False,False,True,True,30,False,https://www.recreation.gov/camping/campgrounds/122940,
122990,Katy Branch,TN,FS,Cherokee National Forest,36.175383,-82.527367,True,reservable,1,False,False,False,False,False,,False,https://www.recreation.gov/camping/campgrounds/122990,
122991,Houston Valley,TN,FS,Cherokee National Forest,35.963333,-82.944444,True,reservable,1,False,False,False,True,False,18,False,https://www.recreation.gov/camping/campgrounds/122991,
123340,Circle Park Campground,WY,FS,Bighorn National Forest,44.282778,-106.990556,True,reservable,10,False,False,False,True,True,50,False,https://www.recreation.gov/camping/campgrounds/123340,
123390,Hidden Horse Equestrian Campground,CA,FS,Klamath National Forest,41.219661,-122.910314,True,reservable,6,False,True,False,False,True,,False,https://www.recreation.gov/camping/campgrounds/123390,
123440,Limestone Campground,CA,FS,Sequoia National Forest,35.962831,-118.477293,True,reservable,19,False,False,False,True,True,40,False,https://www.recreation.gov/camping/campgrounds/123440,
126690,Frazier Horse Campground,AZ,FS,Tonto National Forest,33.666764,-111.129861,True,reservable,8,False,False,False,False,False,40,False,https://www.recreation.gov/camping/campgrounds/126690,
14493,King's Bottom Campground,UT,BLM,,38.556491,-109.585018,False,first-come,0,False,False,False,False,False,,False,,
14507,The Ledge Campground,UT,BLM,,38.480648,-109.602914,True,partly,0,False,False,False,False,False,,False,https://www.recreation.gov/camping/campgrounds/14507,
14534,Eagle Campground,AK,BLM,,64.791930,-141.235870,False,first-come,0,False,False,False,False,False,,False,,
14536,Five Mile Campground,AK,BLM,,65.918472,-149.828019,False,first-come,0,False,False,False,False,False,,True,,
14545,Tangle Lakes Campground,AK,BLM,Delta Wild and Scenic River,63.051840,-146.007355,False,first-come,0,False,False,False,False,False,,False,,
14549,Paxson Lake Campground,AK,BLM,,62.883464,-145.524822,False,first-come,2,False,False,False,False,False,,False,,
14550,Sourdough Creek Campground,AK,BLM,,62.526796,-145.518774,False,first-come,0,False,False,False,False,False,,True,,
14640,Cottonwood Creek Campground,WY,BLM,,44.869439,-108.072033,False,first-come,0,False,False,False,False,False,,False,,
14702,Atlantic City Campground,WY,BLM,,42.519317,-108.714412,False,first-come,0,False,False,False,False,False,,False,,
14703,Bennett Creek Campground,WY,BLM,,41.270296,-106.589449,False,first-come,0,False,False,False,False,False,,False,,
14704,Corral Creek Campground,WY,BLM,,41.261087,-106.573294,False,first-come,0,False,False,False,False,False,,False,,
14705,Encampment River Campground,WY,BLM,,41.182508,-106.794683,False,first-come,0,False,False,False,False,False,,False,,
14707,Bobcat-Houlihan Campground,WY,BLM,,44.292798,-109.486559,False,first-come,0,False,False,False,False,False,,False,,
14711,Hogan And Luce Campground,WY,BLM,,44.787900,-109.257711,False,first-come,0,False,False,False,False,False,,False,,
14713,Prior Flat Campground,WY,BLM,,42.241940,-106.586249,False,first-come,0,False,False,False,False,False,,False,,
14716,Slate Creek Campground,WY,BLM,,41.982707,-110.045444,False,first-come,0,False,False,False,False,False,,False,,
14718,Weeping Rock Campground,WY,BLM,,42.020900,-110.049400,False,first-come,0,False,False,False,False,False,,False,,
14720,Warren Bridge Campground,WY,BLM,,43.017630,-110.118261,False,first-come,0,False,False,False,False,False,,False,,
14721,New Fork Campground,WY,BLM,,42.606431,-109.855587,False,first-come,0,False,False,False,False,False,,False,,
14723,Middle Fork Of The Powder River Campground,WY,BLM,,43.577279,-107.140095,False,first-come,0,False,False,False,False,False,,False,,
14768,Divine Springs Campground,NV,BLM,,41.349560,-119.862538,False,first-come,0,False,False,False,False,False,,False,,
14770,Pit River Campground,CA,BLM,,40.991746,-121.507684,False,first-come,0,False,False,False,False,False,,False,,
14790,Walker Pass Campground,CA,BLM,,35.663900,-118.037870,False,first-come,0,False,False,False,False,False,,False,,
14791,Chimney Creek Campground,CA,BLM,,35.839170,-118.042300,False,first-come,0,False,False,False,False,False,,False,,
14792,Long Valley Campground,CA,BLM,,35.843900,-118.161620,False,first-come,13,False,False,False,False,False,,False,,
14804,Kcl Campground,CA,BLM,,35.090500,-119.734800,False,first-come,12,False,False,False,False,False,,True,,
14805,Selby Campground,CA,BLM,,35.128100,-119.840900,False,first-come,13,False,False,False,False,False,,True,,
14806,Ya-Gub-Weh-Tuh Campground,CA,BLM,,37.083100,-119.554300,False,first-come,0,False,False,False,False,False,,False,,
14807,Aholul Group Campground,CA,BLM,,37.084500,-119.552300,False,first-come,0,False,False,False,False,False,,False,,
14808,Equestrian Campground,CA,BLM,,37.085900,-119.551800,False,first-come,0,False,False,False,False,False,,False,,
14887,Dodge Reservoir Campground,CA,BLM,,40.971121,-120.130712,False,first-come,0,False,False,False,False,False,,False,,
14888,Ramhorn Springs Campground,CA,BLM,,40.708829,-120.254833,False,first-come,0,False,False,False,False,False,,True,,
14902,Pleasant Valley Pit Campground,CA,BLM,Alabama Hills,37.401000,-118.511000,False,first-come,78,False,False,False,False,False,,False,,
14997,North Fork Campground,ID,BLM,,42.591389,-116.982222,False,first-come,0,False,False,False,False,False,,False,,
14999,Silver City Campground,ID,BLM,,43.008889,-116.724722,False,first-come,0,False,False,False,False,False,,True,,
15021,Graves Creek Campground,ID,BLM,,43.043611,-111.911111,False,first-come,0,False,False,False,False,False,,True,,
15043,Kelly Island Campground,ID,BLM,Upper Snake Field Office,43.625555,-111.660277,False,first-come,0,False,False,False,False,False,,False,,
15045,Egin Lakes Campground/Day Use Area,ID,BLM,,43.956312,-111.852468,True,partly,48,True,False,False,True,True,72,False,https://www.recreation.gov/camping/campgrounds/15045,
15050,Big Cottonwood Campground,ID,BLM,,42.031389,-115.367222,False,first-come,0,False,False,False,False,False,,False,,
15057,Juniper Grove Campground,ID,BLM,,42.040833,-115.380278,False,first-come,0,False,False,False,False,False,,False,,
15058,The Forks Campground,ID,BLM,,42.037222,-115.394722,False,first-come,0,False,False,False,False,False,,True,,
15072,Steiner Flat Primitive Campground,CA,BLM,,40.659463,-122.966315,False,first-come,0,False,False,False,False,False,,False,,
15083,Cottonwood Campground,CA,BLM,,32.800202,-116.338263,False,first-come,0,False,False,False,False,False,,False,,
15172,Rainbow Basin/Owl Canyon Campground,CA,BLM,,35.012369,-117.038586,False,first-come,0,False,False,False,False,False,,False,,
15179,Corn Springs Campground,CA,BLM,,33.626200,-115.326500,False,first-come,0,False,False,False,False,False,,False,,
15180,Coon Hollow Campground,CA,BLM,,33.447900,-114.901100,False,first-come,0,False,False,False,False,False,,False,,
15181,Wiley's Well Campground,CA,BLM,,33.493500,-114.888100,False,first-come,0,False,False,False,False,False,,False,,
156340,Tailwater East Campground,IA,USACE,Coralville Lake,41.724381,-91.526064,True,reservable,28,True,True,True,True,True,100,False,https://www.recreation.gov/camping/campgrounds/156340,
159090,Mill Run Recreation Area,MD,USACE,Youghiogheny River Lake,39.715472,-79.385056,True,reservable,30,False,False,False,True,True,,False,https://www.recreation.gov/camping/campgrounds/159090,
16353,Hanging Rock Campground,UT,BLM,,38.214181,-112.871691,True,reservable,6,False,False,False,True,True,99,False,https://www.recreation.gov/camping/campgrounds/16353,
1838,Datil Well Recreation Area Campground,NM,BLM,,34.154286,-107.858093,False,first-come,0,False,False,False,False,False,,False,,
201883,T.K. Jones Campground And Boat Launch,CA,BLM,,32.902916,-114.477136,False,first-come,125,False,False,False,False,False,,False,,
202054,Fourmile Canyon Campground,AZ,BLM,,32.829250,-110.345130,False,first-come,0,False,False,False,False,False,,False,,
202060,Riverview Campground,AZ,BLM,Gila Box Riparian National Conservation Area,32.887520,-109.479950,False,first-come,0,False,False,False,False,False,,False,,
202062,Trail Creek Bridge Campground,ID,BLM,Blackfoot River,43.129902,-111.911391,False,first-come,0,False,False,False,False,False,,True,,
202063,Blackfoot Reservoir Campground,ID,BLM,Blackfoot River,42.841922,-111.603131,True,reservable,32,True,False,False,True,True,80,False,https://www.recreation.gov/camping/campgrounds/202063,
202064,Maple Grove Campground,ID,BLM,,42.284443,-111.732226,False,first-come,0,False,False,False,False,False,,False,,
202067,Morgans Bridge Campground,ID,BLM,Blackfoot River,43.059830,-111.927130,False,first-come,0,False,False,False,False,False,,True,,
202069,Pipeline Campground,ID,BLM,,42.740820,-112.899970,False,first-come,0,False,False,False,False,False,,True,,
202071,Mcclendon Spring Campground,ID,BLM,,42.335580,-113.407170,False,first-come,0,False,False,False,False,False,,False,,
202075,Redpoint Campground,ID,BLM,,42.234059,-111.758846,False,first-come,0,False,False,False,False,False,,False,,
202082,Goodenough Creek Campground,ID,BLM,,42.654306,-112.285832,False,first-come,0,False,False,False,False,False,,True,,
202083,Blowout Campground,ID,BLM,,43.254210,-111.104740,False,first-come,0,False,False,False,False,False,,False,,
202084,Cutthroat Trout Campground,ID,BLM,Blackfoot River,43.022100,-111.512100,False,first-come,0,False,False,False,False,False,,True,,
202085,Sage Hen Flats Campground,ID,BLM,Blackfoot River,43.020414,-111.826448,False,first-come,0,False,False,False,False,False,,True,,
202091,Herd Lake Campground,ID,BLM,,44.094950,-114.181730,False,first-come,0,False,False,False,False,False,,False,,
202101,Agency Creek Campground,ID,BLM,,44.949931,-113.558089,False,first-come,0,False,False,False,False,False,,False,,
202102,Birch Creek Campground,ID,BLM,,44.139162,-112.899990,False,first-come,0,False,False,False,False,False,,False,,
202121,Cleve Creek Campground,NV,BLM,,39.213400,-114.538200,False,first-come,0,False,False,False,False,False,,False,,
202130,Upper Big Bend Campground,UT,BLM,,38.649330,-109.488190,False,first-come,0,False,False,False,False,False,,False,,
202133,San Rafael Swinging Bridge Campground,UT,BLM,,39.078900,-110.664700,True,reservable,24,False,False,False,True,True,,False,https://www.recreation.gov/camping/campgrounds/202133,
202136,Starr Springs Campground,UT,BLM,,37.505800,-110.394200,False,first-come,0,False,False,False,False,False,,False,,
202146,Dewey Bridge Campground,UT,BLM,,38.484300,-109.180800,True,partly,0,False,False,False,False,False,,False,https://www.recreation.gov/camping/campgrounds/202146,
202151,Goose Island Campground,UT,BLM,,38.609670,-109.557820,True,partly,20,False,False,False,False,False,,False,https://www.recreation.gov/camping/campgrounds/202151,
202152,Hal Canyon Campground,UT,BLM,,38.641630,-109.476730,False,first-come,11,False,False,False,False,False,,False,,
202155,Hunter Canyon Group Site,UT,BLM,,38.509950,-109.597150,True,reservable,1,False,False,False,True,True,15,False,https://www.recreation.gov/camping/campgrounds/202155,
202156,Jaycee Park Campground,UT,BLM,,38.543130,-109.600640,False,first-come,0,False,False,False,False,False,,False,,
202158,Grandstaff Campground,UT,BLM,,38.610200,-109.533900,False,first-come,0,False,False,False,False,False,,False,,
202159,Oak Grove Campground,UT,BLM,,38.643598,-109.476531,False,first-come,11,False,False,False,False,False,,False,,
202162,Red Cliffs Campground,UT,BLM,,37.221670,-113.403310,True,reservable,11,False,False,False,True,True,18,False,https://www.recreation.gov/camping/campgrounds/202162,
202192,Indian Crossing Campground,UT,BLM,,40.898831,-109.183372,False,first-come,22,True,True,False,True,False,,False,,
202205,Deer Creek Campground,UT,BLM,,37.854720,-111.355380,False,first-come,6,False,False,False,False,False,,False,,
202206,Birch Creek Campground,UT,BLM,,41.303000,-111.184600,False,first-come,0,False,False,False,False,False,,False,,
202216,Five Springs Falls Campground,WY,BLM,,44.805650,-107.970320,False,first-come,0,False,False,False,False,False,,False,,
202221,Outlaw Cave Campground,WY,BLM,,43.589020,-106.947340,False,first-come,0,False,False,False,False,False,,False,,
202226,Bennett Peak Campground,WY,BLM,,41.270680,-106.586170,False,first-come,0,False,False,False,False,False,,False,,
202230,Teton Reservoir Campground,WY,BLM,,41.602780,-107.254830,False,first-come,0,False,False,False,False,False,,False,,
202231,Dugway Campground,WY,BLM,,41.860530,-107.054350,False,first-come,0,False,False,False,False,False,,False,,
202232,Cottonwood Campground,WY,BLM,,42.362400,-107.684560,False,first-come,0,False,False,False,False,False,,False,,
202233,Big Atlantic Gulch Campground,WY,BLM,,42.520600,-108.715100,False,first-come,0,False,False,False,False,False,,False,,
202267,Owl Creek Campground,AZ,BLM,,32.966000,-109.307000,False,first-come,0,False,False,False,False,False,,False,,
2079,Hawkins Reservoir Campground,ID,BLM,,42.511670,-112.331550,False,first-come,0,False,False,False,False,False,,True,,
210613,Aguirre Spring Recreation Area And Campground,NM,BLM,,32.366667,-106.556761,False,first-come,0,False,False,False,False,False,,False,,
231769,William's Bottom Campground,UT,BLM,,38.538000,-109.604600,False,first-come,0,False,False,False,False,False,,False,,
231831,Ohara,ID,FS,Nez Perce-Clearwater National Forests,46.087500,-115.513889,True,partly,32,False,False,False,False,False,45,False,https://www.recreation.gov/camping/campgrounds/231831,
231832,Middle Fork,WY,FS,Bighorn National Forest,44.301667,-106.949167,True,reservable,9,False,False,False,True,True,80,False,https://www.recreation.gov/camping/campgrounds/231832,
231833,South Fork (Wyoming),WY,FS,Bighorn National Forest,44.280000,-106.945278,True,reservable,14,False,False,False,True,True,65,False,https://www.recreation.gov/camping/campgrounds/231833,
231834,Ranger Creek Recreation Area,WY,FS,Bighorn National Forest,44.545833,-107.499167,True,reservable,12,False,False,False,True,True,75,False,https://www.recreation.gov/camping/campgrounds/231834,
231835,Cook Lake Recreation Area,WY,FS,Black Hills National Forest,44.594722,-104.408611,True,reservable,35,False,False,False,True,True,99,False,https://www.recreation.gov/camping/campgrounds/231835,
231836,Reuter Campground,WY,FS,Black Hills National Forest,44.426111,-104.423056,True,reservable,13,False,False,False,True,True,45,False,https://www.recreation.gov/camping/campgrounds/231836,
231837,Bismark Lake,SD,FS,Black Hills National Forest,43.781944,-103.515833,True,reservable,24,False,True,True,True,True,83,False,https://www.recreation.gov/camping/campgrounds/231837,
231838,Comanche Park,SD,FS,Black Hills National Forest,43.736389,-103.702222,True,reservable,35,False,False,False,True,True,71,False,https://www.recreation.gov/camping/campgrounds/231838,
231839,Dutchman,SD,FS,Black Hills National Forest,44.024444,-103.782222,True,reservable,45,False,False,False,True,True,99,False,https://www.recreation.gov/camping/campgrounds/231839,
231840,Horsethief Lake Campground,SD,FS,Black Hills National Forest,43.895103,-103.484233,True,reservable,42,False,False,False,True,True,99,False,https://www.recreation.gov/camping/campgrounds/231840,
231841,Oreville Campground,SD,FS,Black Hills National Forest,43.874722,-103.614444,True,reservable,26,False,False,False,True,True,99,False,https://www.recreation.gov/camping/campgrounds/231841,
231842,Whitetail,SD,FS,Black Hills National Forest,44.012567,-103.802997,True,reservable,18,False,False,False,True,True,76,False,https://www.recreation.gov/camping/campgrounds/231842,
231843,Willow Creek Horse Camp,SD,FS,Black Hills National Forest,43.903056,-103.535000,True,reservable,9,False,False,False,True,True,60,False,https://www.recreation.gov/camping/campgrounds/231843,
231844,Brooklyn Lake Campground,WY,FS,Medicine Bow-Routt NFs & Thunder Basin NG,41.373444,-106.247301,True,partly,28,False,False,False,True,False,99,False,https://www.recreation.gov/camping/campgrounds/231844,
231845,Hidden Valley Group Site,WY,FS,Medicine Bow-Routt NFs & Thunder Basin NG,41.233515,-105.434265,True,reservable,1,False,False,False,True,False,,False,https://www.recreation.gov/camping/campgrounds/231845,
231846,North Fork,WY,FS,Medicine Bow-Routt NFs & Thunder Basin NG,41.360833,-106.171667,True,partly,92,False,False,False,True,False,99,False,https://www.recreation.gov/camping/campgrounds/231846,
231848,Ryan Park,WY,FS,Medicine Bow-Routt NFs & Thunder Basin NG,41.325556,-106.492500,True,reservable,48,False,False,False,False,False,99,False,https://www.recreation.gov/camping/campgrounds/231848,
231849,Aspen Glade,CO,FS,Rio Grande National Forest,37.072500,-106.273056,True,reservable,32,False,False,False,True,True,90,False,https://www.recreation.gov/camping/campgrounds/231849,
231850,Lake Fork(Rio Grande Natl Fore,CO,FS,Rio Grande National Forest,37.299722,-106.466667,True,reservable,19,False,False,False,True,True,70,False,https://www.recreation.gov/camping/campgrounds/231850,
231851,Mogote,CO,FS,Rio Grande National Forest,37.064722,-106.234444,True,reservable,43,False,False,False,True,True,60,False,https://www.recreation.gov/camping/campgrounds/231851,
231852,Mountain Park,CO,FS,Arapaho & Roosevelt National Forests Pawnee NG,40.682033,-105.469108,True,partly,57,True,False,False,True,False,45,False,https://www.recreation.gov/camping/campgrounds/231852,
231853,Chambers Lake,CO,FS,Arapaho & Roosevelt National Forests Pawnee NG,40.595750,-105.842853,True,reservable,51,False,False,False,True,False,38,False,https://www.recreation.gov/camping/campgrounds/231853,
231854,Dowdy Lake,CO,FS,Arapaho & Roosevelt National Forests Pawnee NG,40.796514,-105.565506,True,reservable,62,True,False,False,True,False,130,False,https://www.recreation.gov/camping/campgrounds/231854,
231855,West Lake,CO,FS,Arapaho & Roosevelt National Forests Pawnee NG,40.788703,-105.568464,True,reservable,36,True,False,False,True,False,40,False,https://www.recreation.gov/camping/campgrounds/231855,
231856,Cold Springs,CO,FS,Arapaho & Roosevelt National Forests Pawnee NG,39.841667,-105.494167,True,reservable,43,False,False,False,True,False,50,False,https://www.recreation.gov/camping/campgrounds/231856,
231857,Echo Lake,CO,FS,Arapaho & Roosevelt National Forests Pawnee NG,39.656272,-105.595642,True,reservable,18,False,False,False,True,False,55,False,https://www.recreation.gov/camping/campgrounds/231857,
231858,Pickle Gulch,CO,FS,Arapaho & Roosevelt National Forests Pawnee NG,39.843203,-105.522611,True,reservable,7,False,False,False,True,True,,False,https://www.recreation.gov/camping/campgrounds/231858,
231859,West Chicago Creek,CO,FS,Arapaho & Roosevelt National Forests Pawnee NG,39.679039,-105.657419,True,reservable,16,False,False,False,True,False,40,False,https://www.recreation.gov/camping/campgrounds/231859,
231860,Arapaho Bay,CO,FS,Arapaho & Roosevelt National Forests Pawnee NG,40.119439,-105.755808,True,reservable,85,False,False,False,True,False,45,False,https://www.recreation.gov/camping/campgrounds/231860,
231861,Green Ridge,CO,FS,Arapaho & Roosevelt National Forests Pawnee NG,40.205650,-105.844253,True,reservable,76,False,False,False,True,False,47,False,https://www.recreation.gov/camping/campgrounds/231861,
231862,Stillwater (Colorado),CO,FS,Arapaho & Roosevelt National Forests Pawnee NG,40.181650,-105.891125,True,reservable,109,True,True,False,True,False,47,False,https://www.recreation.gov/camping/campgrounds/231862,
231863,Hahns Peak Lake Campground,CO,FS,Medicine Bow-Routt NFs & Thunder Basin NG,40.839444,-106.989722,True,partly,38,False,False,False,True,True,99,False,https://www.recreation.gov/camping/campgrounds/231863,
231864,Big Creek Lakes Campground,CO,FS,Medicine Bow-Routt NFs & Thunder Basin NG,40.936389,-106.611667,True,partly,60,False,False,False,True,True,50,False,https://www.recreation.gov/camping/campgrounds/231864,
231865,Angel Of Shavano Group,CO,FS,Pike and San Isabel National Forests & Cimarron and Comanche National Grasslands,38.582778,-106.220000,True,reservable,1,False,False,False,True,True,40,False,https://www.recreation.gov/camping/campgrounds/231865,
231866,Cascade (Colorado),CO,FS,Pike and San Isabel National Forests & Cimarron and Comanche National Grasslands,38.710556,-106.244167,True,partly,21,False,False,False,True,True,73,False,https://www.recreation.gov/camping/campgrounds/231866,
231867,Chalk Lake,CO,FS,Pike and San Isabel National Forests & Cimarron and Comanche National Grasslands,38.712778,-106.233889,True,partly,19,False,False,False,True,True,30,False,https://www.recreation.gov/camping/campgrounds/231867,
231868,Collegiate Peaks,CO,FS,Pike and San Isabel National Forests & Cimarron and Comanche National Grasslands,38.813056,-106.315278,True,partly,56,False,False,False,True,True,50,False,https://www.recreation.gov/camping/campgrounds/231868,
231869,Mount Princeton,CO,FS,Pike and San Isabel National Forests & Cimarron and Comanche National Grasslands,38.714167,-106.222778,True,partly,19,False,False,False,True,True,45,False,https://www.recreation.gov/camping/campgrounds/231869,
231870,Ohaver Lake,CO,FS,Pike and San Isabel National Forests & Cimarron and Comanche National Grasslands,38.427778,-106.143056,True,partly,32,False,False,False,True,True,,False,https://www.recreation.gov/camping/campgrounds/231870,
231871,Meadow Ridge,CO,FS,Pike and San Isabel National Forests & Cimarron and Comanche National Grasslands,38.977500,-104.984722,True,reservable,19,False,False,False,True,True,99,False,https://www.recreation.gov/camping/campgrounds/231871,
231872,Pike Community,CO,FS,Pike and San Isabel National Forests & Cimarron and Comanche National Grasslands,39.064722,-105.092222,True,reservable,1,False,False,False,True,False,25,False,https://www.recreation.gov/camping/campgrounds/231872,
231873,Red Rocks Group Campground,CO,FS,Pike and San Isabel National Forests & Cimarron and Comanche National Grasslands,39.044167,-105.079722,True,reservable,1,False,False,False,True,False,25,False,https://www.recreation.gov/camping/campgrounds/231873,
231874,Thunder Ridge,CO,FS,Pike and San Isabel National Forests & Cimarron and Comanche National Grasslands,38.976667,-104.983056,True,reservable,21,False,False,False,True,True,60,False,https://www.recreation.gov/camping/campgrounds/231874,
231875,Buffalo Campground,CO,FS,Pike and San Isabel National Forests & Cimarron and Comanche National Grasslands,39.341594,-105.329625,True,reservable,37,False,False,False,True,True,40,False,https://www.recreation.gov/camping/campgrounds/231875,
231876,Kelsey Campground,CO,FS,Pike and San Isabel National Forests & Cimarron and Comanche National Grasslands,39.316389,-105.266667,True,reservable,17,False,False,False,True,True,60,False,https://www.recreation.gov/camping/campgrounds/231876,
231877,Lone Rock Campground,CO,FS,Pike and San Isabel National Forests & Cimarron and Comanche National Grasslands,39.251667,-105.234167,True,reservable,19,False,False,False,True,True,40,False,https://www.recreation.gov/camping/campgrounds/231877,
231878,Meadows Group Campground,CO,FS,Pike and San Isabel National Forests & Cimarron and Comanche National Grasslands,39.331944,-105.316667,True,reservable,2,False,False,False,True,False,99,False,https://www.recreation.gov/camping/campgrounds/231878,
231879,Chris Park,CO,FS,San Juan National Forest,37.516389,-107.800000,True,reservable,3,True,False,False,True,True,40,False,https://www.recreation.gov/camping/campgrounds/231879,
231880,Difficult Campground,CO,FS,White River National Forest,39.141667,-106.770833,True,reservable,48,False,False,False,True,True,60,False,https://www.recreation.gov/camping/campgrounds/231880,
231881,Silver Bar Campground,CO,FS,White River National Forest,39.145833,-106.891667,True,reservable,4,False,False,False,False,False,25,False,https://www.recreation.gov/camping/campgrounds/231881,
231882,Silver Bell Campground,CO,FS,White River National Forest,39.141667,-106.891667,True,reservable,14,False,False,False,False,False,30,False,https://www.recreation.gov/camping/campgrounds/231882,
231883,Silver Queen Campground,CO,FS,White River National Forest,39.133056,-106.900000,True,reservable,6,False,False,False,True,True,30,False,https://www.recreation.gov/camping/campgrounds/231883,
231884,Luna Lake,AZ,FS,Apache-Sitgreaves National Forest,33.835278,-109.081944,True,reservable,60,False,False,False,True,True,192,False,https://www.recreation.gov/camping/campgrounds/231884,
231885,Lewis Canyon,AZ,FS,Apache-Sitgreaves National Forest,34.286111,-110.240278,True,reservable,1,False,False,False,False,False,45,False,https://www.recreation.gov/camping/campgrounds/231885,
231886,Coal Mine,NM,FS,Cibola National Forest and Grasslands,35.234167,-107.701389,True,reservable,15,False,False,False,False,False,45,False,https://www.recreation.gov/camping/campgrounds/231886,
231887,Aspen Group Area,NM,FS,Lincoln National Forest,33.034444,-105.800000,True,reservable,1,False,False,False,True,True,35,False,https://www.recreation.gov/camping/campgrounds/231887,
231888,Black Bear Group Area,NM,FS,Lincoln National Forest,32.920833,-105.741667,True,reservable,1,False,False,False,True,True,35,False,https://www.recreation.gov/camping/campgrounds/231888,
231889,Upper Fir Group Area,NM,FS,Lincoln National Forest,32.958333,-105.733056,True,reservable,1,False,False,False,True,True,35,False,https://www.recreation.gov/camping/campgrounds/231889,
231890,Slide Group Area,NM,FS,Lincoln National Forest,32.789722,-105.820278,True,reservable,1,False,False,False,True,True,35,False,https://www.recreation.gov/camping/campgrounds/231890,
231891,Paliza,NM,FS,Santa Fe National Forest,35.704167,-106.625833,True,reservable,42,False,False,False,True,True,50,False,https://www.recreation.gov/camping/campgrounds/231891,
231892,Holy Ghost Group Area,NM,FS,Santa Fe National Forest,35.777778,-105.704167,True,partly,1,False,False,False,True,True,99,False,https://www.recreation.gov/camping/campgrounds/231892,
231893,Jacks Creek Group Area,NM,FS,Santa Fe National Forest,35.841667,-105.655556,True,reservable,2,False,False,False,True,True,40,False,https://www.recreation.gov/camping/campgrounds/231893,
231894,Black Canyon Campground,NM,FS,Santa Fe National Forest,35.841667,-105.833333,True,reservable,36,False,False,False,False,False,61,False,https://www.recreation.gov/camping/campgrounds/231894,
231896,Christopher Creek,AZ,FS,Tonto National Forest,34.308056,-111.034722,True,partly,44,True,False,False,True,True,22,False,https://www.recreation.gov/camping/campgrounds/231896,
231897,Antelope Flat,UT,FS,Ashley National Forest,40.965000,-109.551667,True,partly,50,False,False,False,True,True,40,False,https://www.recreation.gov/camping/campgrounds/231897,
231898,Buckboard Crossing,WY,FS,Ashley National Forest,41.249444,-109.601389,True,partly,59,True,False,False,True,True,45,False,https://www.recreation.gov/camping/campgrounds/231898,
231899,Cedar Springs Campground,UT,FS,Ashley National Forest,40.908889,-109.449722,True,partly,24,False,False,False,True,False,62,False,https://www.recreation.gov/camping/campgrounds/231899,
231900,Deer Run Campground,UT,FS,Ashley National Forest,40.907222,-109.443333,True,partly,18,False,False,False,True,False,45,False,https://www.recreation.gov/camping/campgrounds/231900,
231901,Dripping Springs Campground,UT,FS,Ashley National Forest,40.922778,-109.357222,True,partly,26,False,False,False,True,False,95,False,https://www.recreation.gov/camping/campgrounds/231901,
231902,Dutch John Draw Campground,UT,FS,Ashley National Forest,40.934444,-109.424167,True,reservable,1,False,False,False,True,False,35,False,https://www.recreation.gov/camping/campgrounds/231902,
231903,Firefighters Campground,UT,FS,Ashley National Forest,40.892778,-109.454167,True,partly,60,False,False,False,True,False,60,False,https://www.recreation.gov/camping/campgrounds/231903,
231904,Firehole Canyon Campground,WY,FS,Ashley National Forest,41.349722,-109.446144,True,partly,37,False,False,False,True,False,35,False,https://www.recreation.gov/camping/campgrounds/231904,
231905,Arch Dam Campground,UT,FS,Ashley National Forest,40.911667,-109.411111,True,reservable,3,False,False,False,True,False,35,False,https://www.recreation.gov/camping/campgrounds/231905,
231906,Hideout Canyon Boat-In Campground,UT,FS,Ashley National Forest,40.915000,-109.646389,True,partly,18,False,False,False,False,False,,False,https://www.recreation.gov/camping/campgrounds/231906,
231907,Lucerne Campground,UT,FS,Ashley National Forest,40.983725,-109.590500,True,partly,147,True,False,False,True,True,70,False,https://www.recreation.gov/camping/campgrounds/231907,
231908,Mustang Ridge Campground,UT,FS,Ashley National Forest,40.926389,-109.439167,True,partly,69,False,False,False,True,True,80,False,https://www.recreation.gov/camping/campgrounds/231908,
231909,Moon Lake Group Campground,UT,FS,Ashley National Forest,40.566944,-110.500833,True,reservable,2,False,False,False,False,True,25,False,https://www.recreation.gov/camping/campgrounds/231909,
231910,Yellowpine,UT,FS,Ashley National Forest,40.535278,-110.638056,True,reservable,17,False,False,False,False,True,30,False,https://www.recreation.gov/camping/campgrounds/231910,
231911,Grayback,ID,FS,Boise National Forest,43.807222,-115.864722,True,partly,14,False,False,False,True,True,85,False,https://www.recreation.gov/camping/campgrounds/231911,
231912,Fremont Lake,WY,FS,Bridger-Teton National Forest,42.946389,-109.791944,True,reservable,52,False,True,False,False,True,,False,https://www.recreation.gov/camping/campgrounds/231912,
231913,New Fork Lake Group Campground,WY,FS,Bridger-Teton National Forest,43.083056,-109.965556,True,reservable,16,False,False,False,False,False,30,False,https://www.recreation.gov/camping/campgrounds/231913,
231914,Kings Creek,UT,FS,Dixie National Forest,37.612500,-112.262500,True,reservable,40,False,False,False,False,False,140,False,https://www.recreation.gov/camping/campgrounds/231914,
231915,Pine Lake Campground,UT,FS,Dixie National Forest,37.745556,-111.952500,True,partly,32,False,False,False,True,True,35,False,https://www.recreation.gov/camping/campgrounds/231915,
231916,Posey Lake Campground,UT,FS,Dixie National Forest,37.941667,-111.693611,True,partly,23,False,False,False,True,True,35,False,https://www.recreation.gov/camping/campgrounds/231916,
231917,Singletree,UT,FS,Fishlake National Forest,38.162778,-111.329722,True,reservable,35,False,False,False,True,True,65,False,https://www.recreation.gov/camping/campgrounds/231917,
231918,Bowery Creek,UT,FS,Fishlake National Forest,38.565839,-111.684956,True,reservable,42,False,False,False,True,True,99,False,https://www.recreation.gov/camping/campgrounds/231918,
231919,Doctor Creek,UT,FS,Fishlake National Forest,38.527778,-111.745000,True,reservable,34,False,False,False,True,True,99,False,https://www.recreation.gov/camping/campgrounds/231919,
231920,Frying Pan,UT,FS,Fishlake National Forest,38.608889,-111.678889,True,partly,12,False,False,False,False,True,99,False,https://www.recreation.gov/camping/campgrounds/231920,
231921,Mackinaw,UT,FS,Fishlake National Forest,38.555556,-111.716111,True,partly,67,False,False,False,False,True,125,False,https://www.recreation.gov/camping/campgrounds/231921,
231923,Flat Canyon,UT,FS,Manti-La Sal National Forest,39.645556,-111.259444,True,reservable,15,False,False,False,True,True,35,False,https://www.recreation.gov/camping/campgrounds/231923,
231924,Old Folks Flat,UT,FS,Manti-La Sal National Forest,39.538889,-111.158889,True,reservable,16,False,False,False,True,True,35,False,https://www.recreation.gov/camping/campgrounds/231924,
231925,Flat Rock (Idaho),ID,FS,Caribou-Targhee National Forest,44.496944,-111.340000,True,reservable,41,True,False,False,False,True,65,False,https://www.recreation.gov/camping/campgrounds/231925,
231926,Mccrea Bridge,ID,FS,Caribou-Targhee National Forest,44.462500,-111.400556,True,reservable,25,False,False,False,False,False,99,False,https://www.recreation.gov/camping/campgrounds/231926,
231927,Reunion Flat,WY,FS,Caribou-Targhee National Forest,43.757500,-110.951389,True,reservable,8,False,False,False,False,True,40,False,https://www.recreation.gov/camping/campgrounds/231927,
231928,Teton Canyon,WY,FS,Caribou-Targhee National Forest,43.756667,-110.918889,True,partly,27,False,False,False,True,True,99,False,https://www.recreation.gov/camping/campgrounds/231928,
231929,Currant Creek,UT,FS,Uinta-Wasatch-Cache National Forest,40.329722,-111.066944,True,reservable,161,False,False,False,True,True,55,False,https://www.recreation.gov/camping/campgrounds/231929,
231930,Lodgepole At Heber,UT,FS,Uinta-Wasatch-Cache National Forest,40.309722,-111.259722,True,reservable,53,False,False,False,True,True,99,False,https://www.recreation.gov/camping/campgrounds/231930,
231931,Soldier Creek,UT,FS,Uinta-Wasatch-Cache National Forest,40.152222,-111.055278,True,reservable,170,True,True,False,True,True,90,False,https://www.recreation.gov/camping/campgrounds/231931,
231932,Strawberry Bay,UT,FS,Uinta-Wasatch-Cache National Forest,40.177222,-111.173333,True,reservable,292,True,True,True,True,True,104,False,https://www.recreation.gov/camping/campgrounds/231932,
231933,Wolf Creek,UT,FS,Uinta-Wasatch-Cache National Forest,40.481389,-111.031944,True,reservable,8,False,False,False,True,True,99,False,https://www.recreation.gov/camping/campgrounds/231933,
231934,Altamont,UT,FS,Uinta-Wasatch-Cache National Forest,40.435000,-111.633889,True,reservable,2,False,False,False,True,True,30,False,https://www.recreation.gov/camping/campgrounds/231934,
231935,Little Mill,UT,FS,Uinta-Wasatch-Cache National Forest,40.449444,-111.671667,True,reservable,41,False,False,False,True,True,65,False,https://www.recreation.gov/camping/campgrounds/231935,
231936,Mt. Timpanogos,UT,FS,Uinta-Wasatch-Cache National Forest,40.406111,-111.603611,True,reservable,40,False,False,False,True,True,20,False,https://www.recreation.gov/camping/campgrounds/231936,
231937,Theater In The Pines,UT,FS,Uinta-Wasatch-Cache National Forest,40.403889,-111.602778,True,reservable,2,False,False,False,True,True,30,False,https://www.recreation.gov/camping/campgrounds/231937,
231938,Timpooneke,UT,FS,Uinta-Wasatch-Cache National Forest,40.435000,-111.636667,True,reservable,34,False,False,False,True,True,30,False,https://www.recreation.gov/camping/campgrounds/231938,
231939,Ledgefork,UT,FS,Uinta-Wasatch-Cache National Forest,40.742500,-111.099444,True,reservable,75,False,False,False,True,True,99,False,https://www.recreation.gov/camping/campgrounds/231939,
231940,Lost Creek Campground,UT,FS,Uinta-Wasatch-Cache National Forest,40.679444,-110.934722,True,reservable,37,False,False,False,True,True,40,False,https://www.recreation.gov/camping/campgrounds/231940,
231941,Moosehorn,UT,FS,Uinta-Wasatch-Cache National Forest,40.697222,-110.891111,True,reservable,34,False,False,False,True,True,35,False,https://www.recreation.gov/camping/campgrounds/231941,
231942,Pine Valley North Wasatch Cach,UT,FS,Uinta-Wasatch-Cache National Forest,40.598333,-111.114722,True,reservable,6,False,False,False,True,True,,False,https://www.recreation.gov/camping/campgrounds/231942,
231943,Smith And Morehouse,UT,FS,Uinta-Wasatch-Cache National Forest,40.769167,-111.107500,True,reservable,35,False,False,False,True,True,45,False,https://www.recreation.gov/camping/campgrounds/231943,
231944,Soapstone,UT,FS,Uinta-Wasatch-Cache National Forest,40.578333,-111.025833,True,reservable,37,False,False,False,True,True,86,False,https://www.recreation.gov/camping/campgrounds/231944,
231945,Trial Lake Campground,UT,FS,Uinta-Wasatch-Cache National Forest,40.681667,-110.948056,True,reservable,62,False,False,False,True,True,40,False,https://www.recreation.gov/camping/campgrounds/231945,
231946,Monte Cristo,UT,FS,Uinta-Wasatch-Cache National Forest,41.461389,-111.496944,True,reservable,94,False,True,False,True,True,60,False,https://www.recreation.gov/camping/campgrounds/231946,
231947,Falcon Group,CA,FS,Cleveland National Forest,33.655833,-117.460278,True,reservable,3,False,False,False,False,False,25,False,https://www.recreation.gov/camping/campgrounds/231947,
231948,Boulder Oaks Eqst,CA,FS,Cleveland National Forest,32.730278,-116.482500,True,reservable,33,False,False,False,False,False,40,False,https://www.recreation.gov/camping/campgrounds/231948,
231949,Crestline Group Campground,CA,FS,Cleveland National Forest,33.312778,-116.864722,True,reservable,1,False,False,False,True,False,,False,https://www.recreation.gov/camping/campgrounds/231949,
231950,El Prado Group,CA,FS,Cleveland National Forest,32.886944,-116.455556,True,reservable,5,False,False,False,True,True,45,False,https://www.recreation.gov/camping/campgrounds/231950,
231951,Horse Heaven Group,CA,FS,Cleveland National Forest,32.887500,-116.440833,True,reservable,3,False,False,False,True,True,30,False,https://www.recreation.gov/camping/campgrounds/231951,
231952,Wooded Hill Group,CA,FS,Cleveland National Forest,32.851194,-116.433167,True,reservable,1,False,False,False,True,True,45,False,https://www.recreation.gov/camping/campgrounds/231952,
231953,Middle Meadows,CA,FS,Eldorado National Forest,39.051111,-120.466111,True,reservable,2,False,False,False,False,True,25,False,https://www.recreation.gov/camping/campgrounds/231953,
231954,Wrights Lake,CA,FS,Eldorado National Forest,38.849444,-120.231111,True,reservable,77,False,False,False,True,True,99,False,https://www.recreation.gov/camping/campgrounds/231954,
231955,Obsidian Flat,CA,FS,Inyo National Forest,37.733333,-119.016667,True,reservable,1,False,False,False,False,False,,False,https://www.recreation.gov/camping/campgrounds/231955,
231956,Agnew Meadows Group Camp,CA,FS,Inyo National Forest,37.683091,-119.089523,True,reservable,4,False,False,False,True,True,30,False,https://www.recreation.gov/camping/campgrounds/231956,
231957,Pumice Flat Group Camp,CA,FS,Inyo National Forest,37.645713,-119.074118,True,partly,4,False,False,False,True,False,40,False,https://www.recreation.gov/camping/campgrounds/231957,
231958,Arroyo Seco,CA,FS,Los Padres National Forest,36.239722,-121.478611,True,reservable,40,False,False,False,True,True,50,False,https://www.recreation.gov/camping/campgrounds/231958,
231959,Plaskett Creek Campground,CA,FS,Los Padres National Forest,35.917222,-121.465000,True,reservable,46,False,False,False,True,True,50,False,https://www.recreation.gov/camping/campgrounds/231959,
231960,Sage Hill,CA,FS,Los Padres National Forest,34.539167,-119.791111,True,reservable,5,False,False,False,True,False,99,False,https://www.recreation.gov/camping/campgrounds/231960,
231961,Upper Oso Campground,CA,FS,Los Padres National Forest,34.555833,-119.753889,True,partly,19,False,False,False,True,False,45,False,https://www.recreation.gov/camping/campgrounds/231961,
231962,Mcgill Campground And Group Campground,CA,FS,Los Padres National Forest,34.815556,-119.098333,True,reservable,80,False,False,False,True,True,35,False,https://www.recreation.gov/camping/campgrounds/231962,
231963,Lakes Basin,CA,FS,Plumas National Forest,39.666667,-120.657778,True,partly,25,False,False,False,True,False,,False,https://www.recreation.gov/camping/campgrounds/231963,
231964,Big Pine Equestrian Group Campground,CA,FS,San Bernardino National Forest,34.319623,-117.013057,True,reservable,1,False,False,False,True,True,30,False,https://www.recreation.gov/camping/campgrounds/231964,
231965,Bluff Mesa Group Camp,CA,FS,San Bernardino National Forest,34.223418,-116.971633,True,reservable,1,False,False,False,True,True,19,False,https://www.recreation.gov/camping/campgrounds/231965,
231966,Boulder Group Camp,CA,FS,San Bernardino National Forest,34.223657,-116.944545,True,reservable,1,False,False,False,True,True,20,False,https://www.recreation.gov/camping/campgrounds/231966,
231967,Buttercup Group Camp,CA,FS,San Bernardino National Forest,34.235479,-116.880603,True,reservable,1,False,True,False,True,True,25,False,https://www.recreation.gov/camping/campgrounds/231967,
231968,Deer Group Camp,CA,FS,San Bernardino National Forest,34.332676,-117.839269,True,reservable,1,False,False,False,True,True,30,False,https://www.recreation.gov/camping/campgrounds/231968,
231969,Fern Basin,CA,FS,San Bernardino National Forest,33.788611,-116.737778,True,reservable,23,False,False,False,True,False,20,False,https://www.recreation.gov/camping/campgrounds/231969,
231970,Grays Peak Group Camp,CA,FS,San Bernardino National Forest,34.273467,-116.970668,True,reservable,1,False,False,False,True,False,25,False,https://www.recreation.gov/camping/campgrounds/231970,
231971,Ironwood Group Camp,CA,FS,San Bernardino National Forest,34.304141,-117.013193,True,reservable,1,False,False,False,True,True,,False,https://www.recreation.gov/camping/campgrounds/231971,
231972,Juniper Springs Group Camp,CA,FS,San Bernardino National Forest,34.219802,-116.716847,True,reservable,1,False,False,False,True,True,20,False,https://www.recreation.gov/camping/campgrounds/231972,
231973,Marion Mountain,CA,FS,San Bernardino National Forest,33.791667,-116.731944,True,partly,27,False,False,False,True,False,20,False,https://www.recreation.gov/camping/campgrounds/231973,
231974,Tanglewood Group Camp,CA,FS,San Bernardino National Forest,34.292850,-116.864235,True,reservable,1,False,False,False,True,True,25,False,https://www.recreation.gov/camping/campgrounds/231974,
231975,Barton Flats,CA,FS,San Bernardino National Forest,34.170550,-116.874553,True,reservable,53,False,False,False,True,True,35,False,https://www.recreation.gov/camping/campgrounds/231975,
231976,San Gorgonio,CA,FS,San Bernardino National Forest,34.173161,-116.868362,True,reservable,54,False,False,False,True,True,40,False,https://www.recreation.gov/camping/campgrounds/231976,
231977,Prosser Ranch Group,CA,FS,Tahoe National Forest,39.377523,-120.156326,True,reservable,2,False,False,False,True,True,20,False,https://www.recreation.gov/camping/campgrounds/231977,
231978,Sandbeach Campground,OR,FS,Siuslaw National Forest,45.284167,-123.955556,True,partly,122,False,False,False,True,True,40,False,https://www.recreation.gov/camping/campgrounds/231978,
231979,Broken Arrow Campground,OR,FS,Umpqua National Forest,43.132810,-122.147200,True,partly,279,False,False,False,True,True,99,False,https://www.recreation.gov/camping/campgrounds/231979,
231980,Diamond Lake,OR,FS,Umpqua National Forest,43.159300,-122.133090,True,reservable,244,False,False,False,True,True,75,False,https://www.recreation.gov/camping/campgrounds/231980,
231981,Poole Creek,OR,FS,Umpqua National Forest,43.310020,-122.200470,True,reservable,61,False,False,False,True,True,45,False,https://www.recreation.gov/camping/campgrounds/231981,
231983,Roaring River (Group),OR,FS,Willamette National Forest,43.950890,-122.083830,True,reservable,1,False,False,False,False,False,30,False,https://www.recreation.gov/camping/campgrounds/231983,
231984,Horse Creek Group Campground,OR,FS,Willamette National Forest,44.160072,-122.148805,True,reservable,1,False,False,False,True,False,35,False,https://www.recreation.gov/camping/campgrounds/231984,
231985,Mckenzie Bridge,OR,FS,Willamette National Forest,44.175000,-122.175000,True,partly,26,False,False,False,True,True,70,False,https://www.recreation.gov/camping/campgrounds/231985,
231986,Paradise In Oregon,OR,FS,Willamette National Forest,44.186111,-122.096111,True,reservable,62,False,False,False,True,True,80,False,https://www.recreation.gov/camping/campgrounds/231986,
231987,East Sullivan,WA,FS,Colville National Forest,48.861389,-117.282778,True,reservable,46,False,False,False,True,True,55,False,https://www.recreation.gov/camping/campgrounds/231987,
231988,Noisy Creek,WA,FS,Colville National Forest,48.783889,-117.278611,True,partly,20,False,False,False,True,True,45,False,https://www.recreation.gov/camping/campgrounds/231988,
231989,West Sullivan,WA,FS,Colville National Forest,48.861389,-117.288333,True,partly,11,False,False,False,True,True,35,False,https://www.recreation.gov/camping/campgrounds/231989,
231990,Clear Creek,AL,FS,National Forests in Alabama,34.021389,-87.269167,True,reservable,168,True,True,True,True,True,49,False,https://www.recreation.gov/camping/campgrounds/231990,
231992,Cove Creek Upper Group Camp,NC,FS,National Forests in North Carolina,35.299722,-82.816389,True,reservable,1,False,False,False,True,True,35,False,https://www.recreation.gov/camping/campgrounds/231992,
231993,Davidson River,NC,FS,National Forests in North Carolina,35.280833,-82.722500,True,reservable,144,True,False,False,True,True,67,False,https://www.recreation.gov/camping/campgrounds/231993,
231994,Kuykendall Group Camp,NC,FS,National Forests in North Carolina,35.220000,-82.778333,True,reservable,1,False,False,False,True,True,30,False,https://www.recreation.gov/camping/campgrounds/231994,
231995,Lake Powhatan,NC,FS,National Forests in North Carolina,35.481667,-82.630000,True,reservable,84,True,True,True,True,True,50,False,https://www.recreation.gov/camping/campgrounds/231995,
231997,Deer Lake,MN,FS,Chippewa National Forest,47.514167,-94.105833,True,reservable,50,False,False,False,True,True,,False,https://www.recreation.gov/camping/campgrounds/231997,
231998,Onegume,MN,FS,Chippewa National Forest,47.511944,-94.043889,True,reservable,48,True,False,False,True,True,26,False,https://www.recreation.gov/camping/campgrounds/231998,
231999,Stony Point,MN,FS,Chippewa National Forest,47.135833,-94.456667,True,reservable,63,True,False,False,True,True,45,False,https://www.recreation.gov/camping/campgrounds/231999,
232000,Echo Lake (Minn),MN,FS,Superior National Forest,48.170556,-92.491111,True,partly,26,False,False,False,True,True,45,False,https://www.recreation.gov/camping/campgrounds/232000,
232001,Flowing Well Campground,MI,FS,Hiawatha National Forest,45.937467,-86.707089,True,partly,6,False,False,False,True,True,25,False,https://www.recreation.gov/camping/campgrounds/232001,
232002,Little Bay De Noc,MI,FS,Hiawatha National Forest,45.841667,-86.983056,True,partly,38,False,False,False,True,True,60,False,https://www.recreation.gov/camping/campgrounds/232002,
232003,Buckaloons,PA,FS,Allegheny National Forest,41.839722,-79.256389,True,partly,101,True,False,False,True,True,45,False,https://www.recreation.gov/camping/campgrounds/232003,
232005,Loleta Recreation,PA,FS,Allegheny National Forest,41.401667,-79.083333,True,reservable,42,True,False,False,True,True,95,False,https://www.recreation.gov/camping/campgrounds/232005,
232006,Horseshoe Recreation Area,WV,FS,Monongahela National Forest,39.180278,-79.600556,True,partly,16,True,False,False,True,True,35,False,https://www.recreation.gov/camping/campgrounds/232006,
232007,Stuart Recreation Area,WV,FS,Monongahela National Forest,38.917500,-79.771111,True,reservable,50,True,False,False,True,False,99,False,https://www.recreation.gov/camping/campgrounds/232007,
232008,Blue Bend Recreation Area,WV,FS,Monongahela National Forest,37.920278,-80.271111,True,reservable,23,True,False,False,True,True,60,False,https://www.recreation.gov/camping/campgrounds/232008,
232009,Lake Sherwood,WV,FS,Monongahela National Forest,38.006667,-80.010556,True,reservable,158,False,False,False,True,False,55,False,https://www.recreation.gov/camping/campgrounds/232009,
232010,Albion Basin,UT,FS,Uinta-Wasatch-Cache National Forest,40.576389,-111.611111,True,partly,34,False,False,False,False,False,25,False,https://www.recreation.gov/camping/campgrounds/232010,
232012,Amanita,ID,FS,Boise National Forest,44.701944,-116.131389,True,partly,11,False,False,False,True,False,40,False,https://www.recreation.gov/camping/campgrounds/232012,
232013,Anderson Cove,UT,FS,Uinta-Wasatch-Cache National Forest,41.251667,-111.789722,True,reservable,123,False,False,False,True,True,45,False,https://www.recreation.gov/camping/campgrounds/232013,
232014,Angel Creek,NV,FS,Humboldt-Toiyabe National Forest Headquarters,41.032778,-115.053333,True,reservable,21,False,False,False,True,True,45,False,https://www.recreation.gov/camping/campgrounds/232014,
232015,Angel Lake,NV,FS,Humboldt-Toiyabe National Forest Headquarters,41.032778,-115.091944,True,reservable,28,False,False,False,True,True,35,False,https://www.recreation.gov/camping/campgrounds/232015,
232016,Antelope,ID,FS,Boise National Forest,44.335278,-116.185000,True,reservable,14,False,False,False,True,True,40,False,https://www.recreation.gov/camping/campgrounds/232016,
232017,Baby Doe,CO,FS,Pike and San Isabel National Forests & Cimarron and Comanche National Grasslands,39.269722,-106.350556,True,reservable,51,False,False,False,True,False,45,False,https://www.recreation.gov/camping/campgrounds/232017,
232018,Beckler River Campground,WA,FS,Mt. Baker-Snoqualmie National Forest,47.732406,-121.333063,True,reservable,27,False,False,False,True,True,40,False,https://www.recreation.gov/camping/campgrounds/232018,
232019,Big Bend,WV,FS,Monongahela National Forest,38.895694,-79.245694,True,partly,46,False,False,False,True,False,30,False,https://www.recreation.gov/camping/campgrounds/232019,
232020,Black Mountain (San Bernardino),CA,FS,San Bernardino National Forest,33.834167,-116.738889,True,reservable,1,False,False,False,True,False,12,False,https://www.recreation.gov/camping/campgrounds/232020,
232021,Black Oak,CA,FS,Eldorado National Forest,38.904167,-120.587500,True,reservable,4,False,False,False,True,True,40,False,https://www.recreation.gov/camping/campgrounds/232021,
232022,Boulder Basin,CA,FS,San Bernardino National Forest,33.826389,-116.753889,True,reservable,37,False,False,False,True,False,20,False,https://www.recreation.gov/camping/campgrounds/232022,
232023,Boulder Creek Campground,WA,FS,Mt. Baker-Snoqualmie National Forest,48.715415,-121.694457,True,reservable,14,False,False,False,True,True,30,False,https://www.recreation.gov/camping/campgrounds/232023,
232024,Box Elder Campground,UT,FS,Uinta-Wasatch-Cache National Forest,41.492222,-111.943333,True,reservable,34,False,False,False,True,True,40,False,https://www.recreation.gov/camping/campgrounds/232024,
232025,Bridger Lake Campground,UT,FS,Uinta-Wasatch-Cache National Forest,40.965556,-110.387222,True,reservable,33,False,False,False,True,True,99,False,https://www.recreation.gov/camping/campgrounds/232025,
232026,Cedar Canyon,UT,FS,Dixie National Forest,37.591944,-112.903333,True,partly,19,False,False,False,True,True,60,False,https://www.recreation.gov/camping/campgrounds/232026,
232027,Indian Celina Lake,IN,FS,Hoosier National Forest,38.199167,-86.598333,True,reservable,102,True,True,False,True,True,35,False,https://www.recreation.gov/camping/campgrounds/232027,
232028,Chemeketan Campground,ID,FS,Sawtooth National Forest,43.847500,-114.756667,True,reservable,1,False,False,False,False,True,30,False,https://www.recreation.gov/camping/campgrounds/232028,
232029,Christmas Meadows Campground,UT,FS,Uinta-Wasatch-Cache National Forest,40.800556,-110.824167,True,reservable,12,False,False,False,True,True,40,False,https://www.recreation.gov/camping/campgrounds/232029,
232030,Coon Creek Group Campground,CA,FS,San Bernardino National Forest,34.150014,-116.771205,True,reservable,1,False,False,False,True,True,,False,https://www.recreation.gov/camping/campgrounds/232030,
232031,Council,CA,FS,San Bernardino National Forest,34.171543,-116.882146,True,reservable,1,False,False,False,True,True,30,False,https://www.recreation.gov/camping/campgrounds/232031,
232032,Coyote Group,CA,FS,Tahoe National Forest,39.135556,-120.410556,True,reservable,4,False,False,False,True,False,99,False,https://www.recreation.gov/camping/campgrounds/232032,
232033,The Dalles Campground,WA,FS,Mt. Baker-Snoqualmie National Forest,47.078333,-121.583056,True,reservable,44,False,False,False,True,True,45,False,https://www.recreation.gov/camping/campgrounds/232033,
232034,Deer Haven,UT,FS,Dixie National Forest,37.573611,-112.908611,True,partly,18,False,False,False,True,True,60,False,https://www.recreation.gov/camping/campgrounds/232034,
232035,Denny Creek Campground,WA,FS,Mt. Baker-Snoqualmie National Forest,47.412132,-121.442183,True,reservable,43,True,False,False,True,True,50,False,https://www.recreation.gov/camping/campgrounds/232035,
232036,Dewdrop,PA,FS,Allegheny National Forest,41.831944,-78.959444,True,reservable,80,False,False,False,True,True,50,False,https://www.recreation.gov/camping/campgrounds/232036,
232037,Dogwood,CA,FS,San Bernardino National Forest,34.234870,-117.214257,True,reservable,92,True,False,False,True,True,55,False,https://www.recreation.gov/camping/campgrounds/232037,
232038,Douglas Fir Campground,WA,FS,Mt. Baker-Snoqualmie National Forest,48.902656,-121.911954,True,reservable,30,False,False,False,True,True,100,False,https://www.recreation.gov/camping/campgrounds/232038,
232039,Duck Creek,UT,FS,Dixie National Forest,37.518611,-112.684722,True,partly,95,False,False,False,True,True,75,False,https://www.recreation.gov/camping/campgrounds/232039,
232040,Easley Campground,ID,FS,Sawtooth National Forest,43.778889,-114.535000,True,reservable,10,False,False,False,False,True,70,False,https://www.recreation.gov/camping/campgrounds/232040,
232041,Eastside,ID,FS,Boise National Forest,44.332222,-116.173611,True,partly,1,False,False,False,True,True,30,False,https://www.recreation.gov/camping/campgrounds/232041,
232042,Elk Creek Campground,ID,FS,Sawtooth National Forest,44.288889,-115.031944,True,reservable,1,False,False,False,False,True,40,False,https://www.recreation.gov/camping/campgrounds/232042,
232043,Excelsior Group Camp,WA,FS,Mt. Baker-Snoqualmie National Forest,48.908801,-121.821982,True,reservable,2,False,False,False,True,True,30,False,https://www.recreation.gov/camping/campgrounds/232043,
232044,Father Dyer,CO,FS,Pike and San Isabel National Forests & Cimarron and Comanche National Grasslands,39.273561,-106.348686,True,reservable,27,False,False,False,True,False,35,False,https://www.recreation.gov/camping/campgrounds/232044,
232045,Forbes Creek,CA,FS,Tahoe National Forest,39.131111,-120.781944,True,reservable,2,False,False,False,True,False,45,False,https://www.recreation.gov/camping/campgrounds/232045,
232046,French Creek,ID,FS,Boise National Forest,44.528333,-116.108333,True,partly,21,False,False,False,True,False,45,False,https://www.recreation.gov/camping/campgrounds/232046,
232047,French Meadows,CA,FS,Tahoe National Forest,39.113889,-120.423889,True,partly,63,False,False,False,True,True,85,False,https://www.recreation.gov/camping/campgrounds/232047,
232048,Gates Group,CA,FS,Tahoe National Forest,39.141389,-120.409167,True,reservable,3,False,False,False,True,False,,False,https://www.recreation.gov/camping/campgrounds/232048,
232049,Gerle Creek,CA,FS,Eldorado National Forest,38.975000,-120.391667,True,partly,50,False,False,False,True,True,50,False,https://www.recreation.gov/camping/campgrounds/232049,
232050,Glacier View Campground,ID,FS,Sawtooth National Forest,44.147500,-114.911944,True,reservable,78,False,False,False,False,True,67,False,https://www.recreation.gov/camping/campgrounds/232050,
232051,Gold Basin Campground,WA,FS,Mt. Baker-Snoqualmie National Forest,48.077580,-121.738008,True,reservable,41,False,False,False,True,True,45,False,https://www.recreation.gov/camping/campgrounds/232051,
232052,Grays Meadows,CA,FS,Inyo National Forest,36.768889,-118.295000,True,reservable,53,False,False,False,True,True,40,False,https://www.recreation.gov/camping/campgrounds/232052,
232053,Green Creek Group,CA,FS,Humboldt-Toiyabe National Forest Headquarters,38.110833,-119.276111,True,reservable,2,False,False,False,True,True,45,False,https://www.recreation.gov/camping/campgrounds/232053,
232054,Green Valley,CA,FS,San Bernardino National Forest,34.244873,-117.063833,True,partly,45,False,False,False,True,True,35,False,https://www.recreation.gov/camping/campgrounds/232054,
232055,Guinavah,UT,FS,Uinta-Wasatch-Cache National Forest,41.761944,-111.698611,True,reservable,48,False,False,False,True,True,35,False,https://www.recreation.gov/camping/campgrounds/232055,
232056,Hardin Ridge,IN,FS,Hoosier National Forest,39.010278,-86.428889,True,reservable,210,True,True,False,True,True,60,False,https://www.recreation.gov/camping/campgrounds/232056,
232057,Heart Bar Equestrian,CA,FS,San Bernardino National Forest,34.159537,-116.785641,True,reservable,1,False,False,False,False,True,,False,https://www.recreation.gov/camping/campgrounds/232057,
232058,Honeymoon Flat,CA,FS,Humboldt-Toiyabe National Forest Headquarters,38.201389,-119.320000,True,reservable,28,False,False,False,True,False,45,False,https://www.recreation.gov/camping/campgrounds/232058,
232059,Horseshoe Cove Campground,WA,FS,Mt. Baker-Snoqualmie National Forest,48.671943,-121.676449,True,reservable,41,False,False,False,True,True,60,False,https://www.recreation.gov/camping/campgrounds/232059,
232060,Hot Springs,ID,FS,Boise National Forest,44.061667,-115.917778,True,partly,3,False,False,False,False,False,99,False,https://www.recreation.gov/camping/campgrounds/232060,
232061,Ice House,CA,FS,Eldorado National Forest,38.823333,-120.358889,True,reservable,90,False,False,False,True,True,45,False,https://www.recreation.gov/camping/campgrounds/232061,
232062,Lake Vesuvius Recreation Area,OH,FS,Wayne National Forest,38.605288,-82.630433,True,reservable,3,True,False,False,False,False,,False,https://www.recreation.gov/camping/campgrounds/232062,
232063,Jordan Pines,UT,FS,Uinta-Wasatch-Cache National Forest,40.645556,-111.646111,True,reservable,5,False,False,False,False,True,25,False,https://www.recreation.gov/camping/campgrounds/232063,
232064,Kachess,WA,FS,Okanogan-Wenatchee National Forest,47.354840,-121.243420,True,partly,149,False,False,False,True,True,110,False,https://www.recreation.gov/camping/campgrounds/232064,
232065,Kiasutha,PA,FS,Allegheny National Forest,41.785000,-78.902500,True,partly,117,True,True,True,True,True,99,False,https://www.recreation.gov/camping/campgrounds/232065,
232066,La Vista Campground,CO,FS,Pike and San Isabel National Forests & Cimarron and Comanche National Grasslands,37.984444,-105.059444,True,reservable,31,True,False,False,True,False,45,False,https://www.recreation.gov/camping/campgrounds/232066,
232067,Lakeview Campground,CO,FS,Pike and San Isabel National Forests & Cimarron and Comanche National Grasslands,39.099722,-106.361111,True,reservable,72,False,False,False,True,True,60,False,https://www.recreation.gov/camping/campgrounds/232067,
232068,Lobo Group,CA,FS,San Bernardino National Forest,34.176131,-116.861995,True,reservable,2,False,False,False,True,True,40,False,https://www.recreation.gov/camping/campgrounds/232068,
232069,Lone Pine,CA,FS,Inyo National Forest,36.597611,-118.184806,True,reservable,28,False,False,False,True,True,50,False,https://www.recreation.gov/camping/campgrounds/232069,
232070,Loon Lake,CA,FS,Eldorado National Forest,38.983333,-120.330000,True,reservable,82,False,False,False,True,True,67,False,https://www.recreation.gov/camping/campgrounds/232070,
232071,Marsh Lake Campground,UT,FS,Uinta-Wasatch-Cache National Forest,40.950556,-110.397778,True,reservable,50,False,False,False,True,True,75,False,https://www.recreation.gov/camping/campgrounds/232071,
232072,Miller River Group Camp,WA,FS,Mt. Baker-Snoqualmie National Forest,47.690230,-121.395555,True,reservable,19,False,False,False,True,True,30,False,https://www.recreation.gov/camping/campgrounds/232072,
232073,Molly Brown,CO,FS,Pike and San Isabel National Forests & Cimarron and Comanche National Grasslands,39.266389,-106.349722,True,reservable,50,False,False,False,True,False,40,False,https://www.recreation.gov/camping/campgrounds/232073,
232074,Money Creek Campground,WA,FS,Mt. Baker-Snoqualmie National Forest,47.729089,-121.408165,True,reservable,24,False,False,False,True,True,40,False,https://www.recreation.gov/camping/campgrounds/232074,
232077,Onion Valley,CA,FS,Inyo National Forest,36.774722,-118.345556,True,reservable,30,False,False,False,True,True,25,False,https://www.recreation.gov/camping/campgrounds/232077,
232078,Pactola Reservoir Campground,SD,FS,Black Hills National Forest,44.075278,-103.533056,True,reservable,79,False,False,False,True,True,99,False,https://www.recreation.gov/camping/campgrounds/232078,
232079,Paha,CA,FS,Humboldt-Toiyabe National Forest Headquarters,38.179167,-119.325000,True,reservable,22,False,False,False,False,False,45,False,https://www.recreation.gov/camping/campgrounds/232079,
232080,Panguitch Lake,UT,FS,Dixie National Forest,37.702500,-112.656111,True,partly,53,False,False,False,False,True,99,False,https://www.recreation.gov/camping/campgrounds/232080,
232081,Panorama Point Campground,WA,FS,Mt. Baker-Snoqualmie National Forest,48.724189,-121.672679,True,reservable,22,False,False,False,True,True,52,False,https://www.recreation.gov/camping/campgrounds/232081,
232082,Park Creek Campground,WA,FS,Mt. Baker-Snoqualmie National Forest,48.735756,-121.667532,True,reservable,16,False,False,False,True,True,58,False,https://www.recreation.gov/camping/campgrounds/232082,
232083,Sunset-Union Valley,CA,FS,Eldorado National Forest,38.865833,-120.405000,True,partly,178,False,False,False,True,True,45,False,https://www.recreation.gov/camping/campgrounds/232083,
232084,Perception Park,UT,FS,Uinta-Wasatch-Cache National Forest,41.289722,-111.640556,True,reservable,23,False,False,False,True,True,45,False,https://www.recreation.gov/camping/campgrounds/232084,
232085,Point Campground,ID,FS,Sawtooth National Forest,44.135556,-114.931667,True,reservable,16,False,False,False,True,False,28,False,https://www.recreation.gov/camping/campgrounds/232085,
232086,Printer Boy,CO,FS,Pike and San Isabel National Forests & Cimarron and Comanche National Grasslands,39.269444,-106.346667,True,reservable,4,False,False,False,True,True,40,False,https://www.recreation.gov/camping/campgrounds/232086,
232087,Rainbow Point,ID,FS,Boise National Forest,44.704167,-116.131944,True,partly,12,False,False,False,True,False,45,False,https://www.recreation.gov/camping/campgrounds/232087,
232088,Red Bridge,PA,FS,Allegheny National Forest,41.776944,-78.886111,True,reservable,84,True,True,True,True,True,60,False,https://www.recreation.gov/camping/campgrounds/232088,
232089,Redman Campground,UT,FS,Uinta-Wasatch-Cache National Forest,40.614167,-111.588611,True,reservable,47,False,False,False,False,True,36,False,https://www.recreation.gov/camping/campgrounds/232089,
232090,Robinson Creek North,CA,FS,Humboldt-Toiyabe National Forest Headquarters,38.186111,-119.317500,True,reservable,53,False,False,False,False,False,40,False,https://www.recreation.gov/camping/campgrounds/232090,
232091,South Ruby Campground,NV,FS,Humboldt-Toiyabe National Forest Headquarters,40.174722,-115.500278,True,reservable,37,False,False,False,True,True,50,False,https://www.recreation.gov/camping/campgrounds/232091,
232092,Sagehen Creek,ID,FS,Boise National Forest,44.335000,-116.177500,True,reservable,9,False,False,False,False,False,35,False,https://www.recreation.gov/camping/campgrounds/232092,
232093,St Charles Campground,CO,FS,Pike and San Isabel National Forests & Cimarron and Comanche National Grasslands,37.981111,-105.065556,True,reservable,15,False,False,False,True,False,45,False,https://www.recreation.gov/camping/campgrounds/232093,
232094,Salmon La Sac,WA,FS,Okanogan-Wenatchee National Forest,47.403564,-121.098554,True,reservable,69,False,False,False,True,True,127,False,https://www.recreation.gov/camping/campgrounds/232094,
232095,Seneca Shadows,WV,FS,Monongahela National Forest,38.822222,-79.387222,True,reservable,81,True,False,False,True,True,90,False,https://www.recreation.gov/camping/campgrounds/232095,
232096,Shannon Creek Campground,WA,FS,Mt. Baker-Snoqualmie National Forest,48.740375,-121.600532,True,reservable,20,False,False,False,True,True,70,False,https://www.recreation.gov/camping/campgrounds/232096,
232097,Sheep Trail Campground,ID,FS,Sawtooth National Forest,44.306111,-115.055278,True,reservable,5,False,False,False,False,True,99,False,https://www.recreation.gov/camping/campgrounds/232097,
232098,Shoreline,ID,FS,Boise National Forest,44.654167,-115.664722,True,partly,33,False,False,False,True,True,99,False,https://www.recreation.gov/camping/campgrounds/232098,
232099,Silver Fir Campground,WA,FS,Mt. Baker-Snoqualmie National Forest,48.903321,-121.696105,True,reservable,21,False,False,False,True,True,77,False,https://www.recreation.gov/camping/campgrounds/232099,
232100,Skyline,CA,FS,San Bernardino National Forest,34.153930,-116.782637,True,reservable,1,False,True,False,True,False,30,False,https://www.recreation.gov/camping/campgrounds/232100,
232101,Southside Campground,CO,FS,Pike and San Isabel National Forests & Cimarron and Comanche National Grasslands,37.982778,-105.057500,True,reservable,8,False,False,False,True,True,30,False,https://www.recreation.gov/camping/campgrounds/232101,
232102,Spring Hollow Campground,UT,FS,Uinta-Wasatch-Cache National Forest,41.753114,-111.716344,True,reservable,19,False,False,False,True,True,25,False,https://www.recreation.gov/camping/campgrounds/232102,
232103,Spruces - Big Cottonwood,UT,FS,Uinta-Wasatch-Cache National Forest,40.640556,-111.635833,True,reservable,110,False,False,False,False,True,80,False,https://www.recreation.gov/camping/campgrounds/232103,
232104,Stateline,UT,FS,Uinta-Wasatch-Cache National Forest,40.992314,-110.389639,True,reservable,43,False,False,False,True,True,106,False,https://www.recreation.gov/camping/campgrounds/232104,
232105,Stillwater,UT,FS,Uinta-Wasatch-Cache National Forest,40.837222,-110.833611,True,reservable,31,False,False,False,True,True,50,False,https://www.recreation.gov/camping/campgrounds/232105,
232107,Stumpy Meadows,CA,FS,Eldorado National Forest,38.904167,-120.591667,True,reservable,39,False,False,False,True,True,26,False,https://www.recreation.gov/camping/campgrounds/232107,
232108,Sunrise Campground,UT,FS,Uinta-Wasatch-Cache National Forest,41.920000,-111.460278,True,reservable,29,False,False,False,True,True,36,False,https://www.recreation.gov/camping/campgrounds/232108,
232109,Tanners Flat,UT,FS,Uinta-Wasatch-Cache National Forest,40.572500,-111.698333,True,reservable,48,False,False,False,False,True,43,False,https://www.recreation.gov/camping/campgrounds/232109,
232110,Te-Ah,UT,FS,Dixie National Forest,37.532778,-112.812500,True,partly,42,False,False,False,True,True,116,False,https://www.recreation.gov/camping/campgrounds/232110,
232111,Terraces Campground - Picnic Area,NV,FS,Humboldt-Toiyabe National Forest Headquarters,40.631944,-115.367778,True,reservable,1,False,False,False,True,True,,False,https://www.recreation.gov/camping/campgrounds/232111,
232112,Thomas Canyon,NV,FS,Humboldt-Toiyabe National Forest Headquarters,40.650000,-115.403611,True,reservable,43,False,False,False,True,True,65,False,https://www.recreation.gov/camping/campgrounds/232112,
232113,Tinkham Campground,WA,FS,Mt. Baker-Snoqualmie National Forest,47.402524,-121.567480,True,reservable,51,False,False,False,True,True,46,False,https://www.recreation.gov/camping/campgrounds/232113,
232114,Tipsaw Lake,IN,FS,Hoosier National Forest,38.133056,-86.633056,True,reservable,50,True,True,True,True,True,102,False,https://www.recreation.gov/camping/campgrounds/232114,
232115,Tony Grove Campground,UT,FS,Uinta-Wasatch-Cache National Forest,41.890278,-111.637222,True,reservable,39,False,False,False,True,True,35,False,https://www.recreation.gov/camping/campgrounds/232115,
232116,Trap Creek Campground,ID,FS,Sawtooth National Forest,44.316389,-115.088056,True,reservable,1,False,False,False,False,True,30,False,https://www.recreation.gov/camping/campgrounds/232116,
232117,Trumbull Lake,CA,FS,Humboldt-Toiyabe National Forest Headquarters,38.050556,-119.257222,True,reservable,42,False,False,False,True,True,82,False,https://www.recreation.gov/camping/campgrounds/232117,
232118,Turlo Campground,WA,FS,Mt. Baker-Snoqualmie National Forest,48.095556,-121.790278,True,reservable,18,False,False,False,True,True,40,False,https://www.recreation.gov/camping/campgrounds/232118,
232119,Lower Twin Lakes At Bridgeport,CA,FS,Humboldt-Toiyabe National Forest Headquarters,38.172778,-119.331111,True,reservable,15,False,False,False,False,False,35,False,https://www.recreation.gov/camping/campgrounds/232119,
232120,Verlot Campground,WA,FS,Mt. Baker-Snoqualmie National Forest,48.090365,-121.777802,True,reservable,26,False,False,False,True,True,40,False,https://www.recreation.gov/camping/campgrounds/232120,
232121,Wench Creek,CA,FS,Eldorado National Forest,38.890278,-120.377222,True,partly,102,False,False,False,True,True,35,False,https://www.recreation.gov/camping/campgrounds/232121,
232122,White Bridge,UT,FS,Dixie National Forest,37.746667,-112.585556,True,reservable,29,False,False,False,False,True,60,False,https://www.recreation.gov/camping/campgrounds/232122,
232123,Whitney Portal,CA,FS,Inyo National Forest,36.589861,-118.229778,True,reservable,47,False,False,False,True,True,35,False,https://www.recreation.gov/camping/campgrounds/232123,
232124,Wood River Group Overnight Area (Tent Only),ID,FS,Sawtooth National Forest,43.793056,-114.458889,True,partly,1,False,False,False,False,True,,False,https://www.recreation.gov/camping/campgrounds/232124,
232125,Yellowjacket,CA,FS,Eldorado National Forest,38.891667,-120.391667,True,partly,58,False,False,False,True,True,30,False,https://www.recreation.gov/camping/campgrounds/232125,
232126,Tracy Ridge,PA,FS,Allegheny National Forest,41.944167,-78.876111,True,reservable,200,False,False,False,True,True,99,False,https://www.recreation.gov/camping/campgrounds/232126,
232127,Willow Bay,PA,FS,Allegheny National Forest,41.987778,-78.910556,True,partly,109,True,False,False,True,True,60,False,https://www.recreation.gov/camping/campgrounds/232127,
232128,Twin Lakes,PA,FS,Allegheny National Forest,41.612222,-78.760833,True,reservable,59,True,False,False,False,False,40,False,https://www.recreation.gov/camping/campgrounds/232128,
232129,Lakeview Bighorn,WY,FS,Bighorn National Forest,44.177500,-107.216111,True,reservable,26,False,False,False,True,True,70,False,https://www.recreation.gov/camping/campgrounds/232129,
232130,Sitting Bull,WY,FS,Bighorn National Forest,44.183611,-107.208889,True,reservable,41,False,False,False,True,True,60,False,https://www.recreation.gov/camping/campgrounds/232130,
232131,West Tensleep Lake,WY,FS,Bighorn National Forest,44.258333,-107.215833,True,reservable,10,False,False,False,True,True,45,False,https://www.recreation.gov/camping/campgrounds/232131,
232132,Willow Park,WY,FS,Bighorn National Forest,44.183611,-107.237500,True,reservable,1,False,False,False,True,True,40,False,https://www.recreation.gov/camping/campgrounds/232132,
232133,Jeanette Lake,MN,FS,Superior National Forest,48.132222,-92.295833,True,partly,14,False,False,False,True,True,35,False,https://www.recreation.gov/camping/campgrounds/232133,
232134,Pfeiffer Lake,MN,FS,Superior National Forest,47.753056,-92.472222,True,partly,17,False,False,False,True,True,45,False,https://www.recreation.gov/camping/campgrounds/232134,
232136,Dinkey Creek,CA,FS,Sierra National Forest,37.068093,-119.157025,True,reservable,123,False,False,False,True,True,50,False,https://www.recreation.gov/camping/campgrounds/232136,
232137,Frenchman,CA,FS,Plumas National Forest,39.899722,-120.186667,True,partly,65,False,False,False,True,True,50,False,https://www.recreation.gov/camping/campgrounds/232137,
232138,Wheeler Gorge,CA,FS,Los Padres National Forest,34.511944,-119.273611,True,partly,89,False,False,False,True,False,45,False,https://www.recreation.gov/camping/campgrounds/232138,
232139,Lodgepole At Flaming Gorge,UT,FS,Ashley National Forest,40.813667,-109.465500,True,partly,36,False,False,False,True,False,63,False,https://www.recreation.gov/camping/campgrounds/232139,
232140,Sugarloaf 2 Campground,NH,FS,White Mountain National Forest,44.258056,-71.504444,True,reservable,33,False,False,False,True,True,30,False,https://www.recreation.gov/camping/campgrounds/232140,
232141,Signal Creek Campground,AK,FS,Tongass National Forest,55.408200,-131.699840,True,reservable,24,False,True,True,True,True,45,False,https://www.recreation.gov/camping/campgrounds/232141,
232142,Clear Creek Campground,AZ,FS,Coconino National Forest Recreation,34.515556,-111.764444,True,partly,19,False,False,False,True,True,,False,https://www.recreation.gov/camping/campgrounds/232142,
232143,Chavez Crossing,AZ,FS,Coconino National Forest Recreation,34.843611,-111.776389,True,reservable,3,False,False,False,True,True,35,False,https://www.recreation.gov/camping/campgrounds/232143,
232144,Dairy Springs,AZ,FS,Coconino National Forest Recreation,34.956146,-111.485407,True,reservable,32,False,False,False,True,True,40,False,https://www.recreation.gov/camping/campgrounds/232144,
232145,House Creek,CO,FS,San Juan National Forest,37.520278,-108.530556,True,reservable,49,True,False,False,True,True,50,False,https://www.recreation.gov/camping/campgrounds/232145,
232146,Mcphee Recreation Complex,CO,FS,San Juan National Forest,37.500000,-108.550000,True,reservable,97,True,True,False,True,True,50,False,https://www.recreation.gov/camping/campgrounds/232146,
232147,Pinegrove,AZ,FS,Coconino National Forest Recreation,35.030000,-111.463333,True,partly,69,False,False,False,True,True,42,False,https://www.recreation.gov/camping/campgrounds/232147,
232149,Clubhouse Lake,MN,FS,Chippewa National Forest,47.609722,-93.576944,True,partly,48,False,False,False,True,True,45,False,https://www.recreation.gov/camping/campgrounds/232149,
232150,Chippewa Loop,MN,FS,Chippewa National Forest,47.382430,-94.508506,True,partly,64,True,False,False,True,False,99,False,https://www.recreation.gov/camping/campgrounds/232150,
232151,Norway Beach Loop,MN,FS,Chippewa National Forest,47.378611,-94.521389,True,reservable,80,False,False,False,True,False,99,False,https://www.recreation.gov/camping/campgrounds/232151,
232152,Dinner Station,CO,FS,"Grand Mesa, Uncompahgre and Gunnison National Forest",38.905278,-106.586111,True,partly,23,False,False,False,True,False,99,False,https://www.recreation.gov/camping/campgrounds/232152,
232153,Lake Irwin,CO,FS,"Grand Mesa, Uncompahgre and Gunnison National Forest",38.881111,-107.106944,True,reservable,45,False,False,False,True,False,99,False,https://www.recreation.gov/camping/campgrounds/232153,
232154,Lakeview Gunnison,CO,FS,"Grand Mesa, Uncompahgre and Gunnison National Forest",38.817500,-106.580000,True,partly,69,True,False,False,True,False,99,False,https://www.recreation.gov/camping/campgrounds/232154,
232155,Lodgepole,CO,FS,"Grand Mesa, Uncompahgre and Gunnison National Forest",38.761111,-106.661111,True,partly,23,False,False,False,True,False,40,False,https://www.recreation.gov/camping/campgrounds/232155,
232156,One Mile,CO,FS,"Grand Mesa, Uncompahgre and Gunnison National Forest",38.727222,-106.759167,True,partly,29,True,False,False,True,False,99,False,https://www.recreation.gov/camping/campgrounds/232156,
232157,Rosy Lane,CO,FS,"Grand Mesa, Uncompahgre and Gunnison National Forest",38.730556,-106.746667,True,partly,23,True,False,False,True,False,50,False,https://www.recreation.gov/camping/campgrounds/232157,
232158,Bogan Flats Campground And Group,CO,FS,White River National Forest,39.099722,-107.258333,True,reservable,37,False,False,False,True,True,80,False,https://www.recreation.gov/camping/campgrounds/232158,
232159,Chapman Campground And Group,CO,FS,White River National Forest,39.308333,-106.633056,True,reservable,84,False,False,False,True,True,99,False,https://www.recreation.gov/camping/campgrounds/232159,
232160,Mollie B_White River,CO,FS,White River National Forest,39.376667,-106.813889,True,reservable,26,False,False,False,True,True,60,False,https://www.recreation.gov/camping/campgrounds/232160,
232161,Morris Hill Campground,VA,FS,George Washington & Jefferson National Forest,37.931111,-79.971111,True,reservable,57,False,False,False,True,True,45,False,https://www.recreation.gov/camping/campgrounds/232161,
232162,Trout Pond Recreation Area,WV,FS,George Washington & Jefferson National Forest,38.952778,-78.734722,True,reservable,52,True,False,False,True,True,99,False,https://www.recreation.gov/camping/campgrounds/232162,
232167,Mahogany Grove,NV,FS,Humboldt-Toiyabe National Forest Headquarters,36.311944,-115.616111,True,reservable,8,False,False,False,True,True,15,False,https://www.recreation.gov/camping/campgrounds/232167,
232168,Mcwilliams,NV,FS,Humboldt-Toiyabe National Forest Headquarters,36.309167,-115.682500,True,reservable,77,False,False,False,True,True,64,False,https://www.recreation.gov/camping/campgrounds/232168,
232169,Mountain View,ID,FS,Boise National Forest,44.078333,-115.602500,True,partly,15,False,False,False,True,False,70,False,https://www.recreation.gov/camping/campgrounds/232169,
232170,Park Creek (Idaho),ID,FS,Boise National Forest,44.117500,-115.581667,True,partly,26,False,False,False,False,False,195,False,https://www.recreation.gov/camping/campgrounds/232170,
232171,Covered Bridge,NH,FS,White Mountain National Forest,44.003333,-71.232222,True,reservable,50,False,False,False,True,False,35,False,https://www.recreation.gov/camping/campgrounds/232171,
232172,White Ledge Campground,NH,FS,White Mountain National Forest,43.954444,-71.213889,True,reservable,29,False,False,False,True,False,35,False,https://www.recreation.gov/camping/campgrounds/232172,
232173,Dolly Copp,NH,FS,White Mountain National Forest,44.332778,-71.219444,True,reservable,175,True,True,False,True,True,45,False,https://www.recreation.gov/camping/campgrounds/232173,
232174,Basin Campground,NH,FS,White Mountain National Forest,44.267500,-71.022778,True,reservable,21,False,False,False,True,False,40,False,https://www.recreation.gov/camping/campgrounds/232174,
232175,Cold River,NH,FS,White Mountain National Forest,44.264444,-71.013333,True,reservable,14,False,False,False,True,False,40,False,https://www.recreation.gov/camping/campgrounds/232175,
232176,Hastings Campground,ME,FS,White Mountain National Forest,44.351944,-70.984167,True,reservable,25,False,False,False,True,False,35,False,https://www.recreation.gov/camping/campgrounds/232176,
232177,Sugarloaf 1 Campground,NH,FS,White Mountain National Forest,44.260278,-71.504722,True,reservable,29,False,False,False,True,True,35,False,https://www.recreation.gov/camping/campgrounds/232177,
232178,Campton Campground,NH,FS,White Mountain National Forest,43.873333,-71.626667,True,reservable,91,False,False,False,True,False,50,False,https://www.recreation.gov/camping/campgrounds/232178,
232179,Waterville Campground,NH,FS,White Mountain National Forest,43.941944,-71.509167,True,reservable,29,False,False,False,True,False,30,False,https://www.recreation.gov/camping/campgrounds/232179,
232180,Grindstone,VA,FS,George Washington & Jefferson National Forest,36.686944,-81.541111,True,reservable,136,True,True,False,True,True,110,False,https://www.recreation.gov/camping/campgrounds/232180,
232181,Carter Lake,OR,FS,Siuslaw National Forest,43.856667,-124.146111,True,reservable,21,False,False,False,False,True,30,False,https://www.recreation.gov/camping/campgrounds/232181,
232182,Driftwood,OR,FS,Siuslaw National Forest,43.883889,-124.143056,True,reservable,106,False,False,False,True,True,61,False,https://www.recreation.gov/camping/campgrounds/232182,
232183,Horsfall,OR,FS,Siuslaw National Forest,43.445833,-124.244444,True,reservable,105,False,False,False,True,True,52,False,https://www.recreation.gov/camping/campgrounds/232183,
232184,Wild Mare Horse Camp,OR,FS,Siuslaw National Forest,43.451164,-124.266144,True,reservable,15,False,False,False,True,True,61,False,https://www.recreation.gov/camping/campgrounds/232184,
232185,Hope Valley,CA,FS,Humboldt-Toiyabe National Forest Headquarters,38.897278,-119.930125,True,partly,21,False,False,False,True,True,45,False,https://www.recreation.gov/camping/campgrounds/232185,
232186,Mount Rose,NV,FS,Humboldt-Toiyabe National Forest Headquarters,39.312278,-119.897361,True,partly,26,False,True,True,True,True,55,False,https://www.recreation.gov/camping/campgrounds/232186,
232187,Silver Creek,CA,FS,Humboldt-Toiyabe National Forest Headquarters,38.588972,-119.787167,True,partly,22,False,False,False,False,False,51,False,https://www.recreation.gov/camping/campgrounds/232187,
232188,Whiteface Reservoir,MN,FS,Superior National Forest,47.332778,-92.143889,True,partly,71,True,False,False,True,True,50,False,https://www.recreation.gov/camping/campgrounds/232188,
232189,Cadotte Lake,MN,FS,Superior National Forest,47.380556,-91.916389,True,partly,29,False,False,False,True,True,45,False,https://www.recreation.gov/camping/campgrounds/232189,
232190,Aspen,AZ,FS,Apache-Sitgreaves National Forest,34.326667,-110.945833,True,partly,136,False,False,False,True,True,69,False,https://www.recreation.gov/camping/campgrounds/232190,
232191,Benny Creek Group Area,AZ,FS,Apache-Sitgreaves National Forest,34.044167,-109.448611,True,reservable,10,False,False,False,True,False,35,False,https://www.recreation.gov/camping/campgrounds/232191,
232192,Brookchar,AZ,FS,Apache-Sitgreaves National Forest,33.875556,-109.413056,True,reservable,13,False,False,False,True,False,,False,https://www.recreation.gov/camping/campgrounds/232192,
232193,Canyon Point,AZ,FS,Apache-Sitgreaves National Forest,34.323333,-110.826667,True,reservable,106,True,False,False,True,True,99,False,https://www.recreation.gov/camping/campgrounds/232193,
232194,Cave Spring,AZ,FS,Coconino National Forest Recreation,34.996389,-111.739167,True,reservable,84,False,False,False,True,True,30,False,https://www.recreation.gov/camping/campgrounds/232194,
232195,Cutthroat,AZ,FS,Apache-Sitgreaves National Forest,33.872222,-109.418333,True,reservable,18,False,False,False,True,False,,False,https://www.recreation.gov/camping/campgrounds/232195,
232196,Grayling,AZ,FS,Apache-Sitgreaves National Forest,33.873056,-109.413056,True,reservable,24,False,False,False,True,False,45,False,https://www.recreation.gov/camping/campgrounds/232196,
232197,Hoyer,AZ,FS,Apache-Sitgreaves National Forest,34.043333,-109.458611,True,reservable,91,False,False,False,False,True,45,False,https://www.recreation.gov/camping/campgrounds/232197,
232199,Luby Bay,ID,FS,Idaho Panhandle National Forests,48.540278,-116.925278,True,reservable,56,False,False,False,True,True,65,False,https://www.recreation.gov/camping/campgrounds/232199,
232200,Rainbow,AZ,FS,Apache-Sitgreaves National Forest,33.876389,-109.403889,True,reservable,166,False,False,False,True,False,180,False,https://www.recreation.gov/camping/campgrounds/232200,
232201,Reeder Bay,ID,FS,Idaho Panhandle National Forests,48.625200,-116.891881,True,reservable,37,False,False,False,True,True,99,False,https://www.recreation.gov/camping/campgrounds/232201,
232202,Sam Owen,ID,FS,Idaho Panhandle National Forests,48.216667,-116.283056,True,reservable,82,False,False,False,True,True,60,False,https://www.recreation.gov/camping/campgrounds/232202,
232203,Spillway,AZ,FS,Apache-Sitgreaves National Forest,34.331944,-110.936389,True,reservable,28,False,False,False,True,True,45,False,https://www.recreation.gov/camping/campgrounds/232203,
232204,Winn,AZ,FS,Apache-Sitgreaves National Forest,33.965278,-109.484167,True,reservable,64,False,False,False,True,False,99,False,https://www.recreation.gov/camping/campgrounds/232204,
232205,Woods Canyon Lake Group,AZ,FS,Apache-Sitgreaves National Forest,34.328611,-110.939167,True,reservable,1,False,False,False,True,True,99,False,https://www.recreation.gov/camping/campgrounds/232205,
232206,Playground Group,AZ,FS,Prescott National Forest,34.698333,-112.136111,True,reservable,1,False,False,False,True,True,40,False,https://www.recreation.gov/camping/campgrounds/232206,
232208,Turney Gulch Group,AZ,FS,Prescott National Forest,34.173889,-112.285000,True,reservable,1,False,False,False,False,False,35,False,https://www.recreation.gov/camping/campgrounds/232208,
232209,Upper Wolf Creek Group,AZ,FS,Prescott National Forest,34.455278,-112.453333,True,reservable,1,False,False,False,True,True,35,False,https://www.recreation.gov/camping/campgrounds/232209,
232210,Alpine North Loop,WY,FS,Caribou-Targhee National Forest,43.196389,-111.041111,True,reservable,19,False,False,False,False,True,60,False,https://www.recreation.gov/camping/campgrounds/232210,
232211,Big Elk,ID,FS,Caribou-Targhee National Forest,43.322500,-111.116111,True,partly,3,False,False,False,False,True,50,False,https://www.recreation.gov/camping/campgrounds/232211,
232212,Falls Campground,ID,FS,Caribou-Targhee National Forest,43.432500,-111.362500,True,reservable,25,False,False,False,False,True,120,False,https://www.recreation.gov/camping/campgrounds/232212,
232213,Russian River,AK,FS,Chugach National Forest,60.483514,-149.973486,True,reservable,83,False,False,False,False,False,100,False,https://www.recreation.gov/camping/campgrounds/232213,
232214,Florida Campground,CO,FS,San Juan National Forest,37.450000,-107.666389,True,partly,20,False,False,False,True,True,40,False,https://www.recreation.gov/camping/campgrounds/232214,
232215,Indian Boundary,TN,FS,Cherokee National Forest,35.401667,-84.107222,True,reservable,88,True,False,False,True,True,26,False,https://www.recreation.gov/camping/campgrounds/232215,
232216,Mcnabb Creek Group,TN,FS,Cherokee National Forest,35.328333,-84.128889,True,reservable,1,False,False,False,True,True,35,False,https://www.recreation.gov/camping/campgrounds/232216,
232217,Dog Creek,ID,FS,Boise National Forest,43.529167,-115.304167,True,partly,13,False,False,False,True,True,40,False,https://www.recreation.gov/camping/campgrounds/232217,
232218,Shafer Butte,ID,FS,Boise National Forest,43.783056,-116.084167,True,partly,9,False,False,False,True,True,,False,https://www.recreation.gov/camping/campgrounds/232218,
232219,Buffalo (Idaho),ID,FS,Caribou-Targhee National Forest,44.426389,-111.368889,True,reservable,50,True,False,False,True,True,60,False,https://www.recreation.gov/camping/campgrounds/232219,
232220,Heaton Bay,CO,FS,White River National Forest,39.605000,-106.077778,True,partly,87,True,True,False,True,True,40,False,https://www.recreation.gov/camping/campgrounds/232220,
232221,Peak One,CO,FS,White River National Forest,39.584722,-106.069444,True,reservable,115,False,False,False,True,False,99,False,https://www.recreation.gov/camping/campgrounds/232221,
232222,Riverside,ID,FS,Caribou-Targhee National Forest,44.266389,-111.458056,True,reservable,58,False,False,False,True,True,40,False,https://www.recreation.gov/camping/campgrounds/232222,
232223,Warm River,ID,FS,Caribou-Targhee National Forest,44.120000,-111.313611,True,reservable,37,True,True,False,False,False,45,False,https://www.recreation.gov/camping/campgrounds/232223,
232224,Windy Point Group,CO,FS,White River National Forest,39.607778,-106.044444,True,reservable,2,False,False,False,True,False,45,False,https://www.recreation.gov/camping/campgrounds/232224,
232225,Balsam,UT,FS,Uinta-Wasatch-Cache National Forest,40.197778,-111.401389,True,reservable,43,False,False,False,True,True,35,False,https://www.recreation.gov/camping/campgrounds/232225,
232226,Bear Canyon,UT,FS,Uinta-Wasatch-Cache National Forest,39.787500,-111.729722,True,reservable,16,False,False,False,True,True,99,False,https://www.recreation.gov/camping/campgrounds/232226,
232227,Blackhawk,UT,FS,Uinta-Wasatch-Cache National Forest,39.893611,-111.628333,True,reservable,47,False,False,False,True,False,45,False,https://www.recreation.gov/camping/campgrounds/232227,
232228,Payson Lakes,UT,FS,Uinta-Wasatch-Cache National Forest,39.929722,-111.641944,True,reservable,146,False,False,False,True,True,71,False,https://www.recreation.gov/camping/campgrounds/232228,
232229,Cherry,UT,FS,Uinta-Wasatch-Cache National Forest,40.168889,-111.475278,True,reservable,22,False,False,False,True,True,48,False,https://www.recreation.gov/camping/campgrounds/232229,
232230,Granite Flat (Utah),UT,FS,Uinta-Wasatch-Cache National Forest,40.487778,-111.651667,True,reservable,59,False,False,False,True,True,74,False,https://www.recreation.gov/camping/campgrounds/232230,
232231,Ponderosa Uinta,UT,FS,Uinta-Wasatch-Cache National Forest,39.766111,-111.712222,True,reservable,38,False,True,False,True,True,110,False,https://www.recreation.gov/camping/campgrounds/232231,
232232,Tinney Flat,UT,FS,Uinta-Wasatch-Cache National Forest,39.900556,-111.727500,True,reservable,25,False,False,False,True,True,99,False,https://www.recreation.gov/camping/campgrounds/232232,
232233,Whiting,UT,FS,Uinta-Wasatch-Cache National Forest,40.131667,-111.526944,True,reservable,52,False,False,False,True,True,45,False,https://www.recreation.gov/camping/campgrounds/232233,
232234,Hayward Flat,CA,FS,Shasta-Trinity National Forest,40.874444,-122.769167,True,reservable,109,False,False,False,True,True,45,False,https://www.recreation.gov/camping/campgrounds/232234,
232235,Tannery,CA,FS,Shasta-Trinity National Forest,40.836667,-122.848056,True,reservable,90,False,False,False,True,False,45,False,https://www.recreation.gov/camping/campgrounds/232235,
232236,Big Pine Canyon,CA,FS,Inyo National Forest,37.128333,-118.422222,True,reservable,2,False,False,False,True,False,35,False,https://www.recreation.gov/camping/campgrounds/232236,
232237,Bishop Park Group,CA,FS,Inyo National Forest,37.243889,-118.593333,True,reservable,1,False,False,False,True,False,22,False,https://www.recreation.gov/camping/campgrounds/232237,
232238,Mcgee Creek,CA,FS,Inyo National Forest,37.564444,-118.784722,True,reservable,28,False,False,False,True,True,35,False,https://www.recreation.gov/camping/campgrounds/232238,
232239,Rock Creek Lake Group Camp,CA,FS,Inyo National Forest,37.453822,-118.739014,True,reservable,1,False,False,False,True,True,,False,https://www.recreation.gov/camping/campgrounds/232239,
232240,Table Mountain (Inyo),CA,FS,Inyo National Forest,37.208056,-118.568333,True,reservable,1,False,False,False,True,False,,False,https://www.recreation.gov/camping/campgrounds/232240,
232241,Tuff Campground,CA,FS,Inyo National Forest,37.562500,-118.664167,True,reservable,34,False,False,False,True,True,45,False,https://www.recreation.gov/camping/campgrounds/232241,
232242,Upper Sage Flat,CA,FS,Inyo National Forest,37.125833,-118.433889,True,reservable,21,False,False,False,True,False,35,False,https://www.recreation.gov/camping/campgrounds/232242,
232244,Pine Valley Recreation Area,UT,FS,Dixie National Forest,37.376667,-113.466667,True,reservable,69,True,False,False,True,True,125,False,https://www.recreation.gov/camping/campgrounds/232244,
232245,Grassy Flat Campground,CA,FS,Six Rivers National Forest,41.856389,-123.888889,True,partly,19,False,False,False,True,True,40,False,https://www.recreation.gov/camping/campgrounds/232245,
232246,Almanor,CA,FS,Lassen National Forest,40.216944,-121.167778,True,partly,55,False,False,False,True,True,70,False,https://www.recreation.gov/camping/campgrounds/232246,
232247,Eagle Campground,CA,FS,Lassen National Forest,40.547850,-120.783056,True,reservable,51,True,True,True,True,True,60,False,https://www.recreation.gov/camping/campgrounds/232247,
232248,Hat Creek,CA,FS,Lassen National Forest,40.667778,-121.445556,True,partly,79,False,False,False,False,False,45,False,https://www.recreation.gov/camping/campgrounds/232248,
232249,Hanna Flat,CA,FS,San Bernardino National Forest,34.287924,-116.974157,True,partly,67,False,False,False,True,True,28,False,https://www.recreation.gov/camping/campgrounds/232249,
232250,Serrano,CA,FS,San Bernardino National Forest,34.262663,-116.911628,True,reservable,116,True,True,True,True,True,40,False,https://www.recreation.gov/camping/campgrounds/232250,
232251,Rexford Bench,MT,FS,Kootenai National Forest,48.899514,-115.157631,True,partly,54,False,False,False,True,True,50,False,https://www.recreation.gov/camping/campgrounds/232251,
232252,Big Meadows Reservoir Campground (South Central Co),CO,FS,Rio Grande National Forest,37.538056,-106.796111,True,reservable,47,False,False,False,True,True,60,False,https://www.recreation.gov/camping/campgrounds/232252,
232253,Joes Valley Reservoir,UT,FS,Manti-La Sal National Forest,39.295100,-111.292300,True,reservable,62,False,False,False,True,True,99,False,https://www.recreation.gov/camping/campgrounds/232253,
232254,Pinecrest,CA,FS,Stanislaus National Forest,38.190833,-119.997222,True,reservable,196,False,False,False,True,True,48,False,https://www.recreation.gov/camping/campgrounds/232254,
232255,Choctaw Lake,MS,FS,National Forests in Mississippi,33.271667,-89.143611,True,partly,25,True,True,False,True,True,55,False,https://www.recreation.gov/camping/campgrounds/232255,
232256,Davis Lake Campground,MS,FS,National Forests in Mississippi,34.047222,-88.938889,True,reservable,29,True,True,False,True,False,45,False,https://www.recreation.gov/camping/campgrounds/232256,
232257,Craigs Creek Group Area,KY,FS,Daniel Boone National Forest,36.991667,-84.258333,True,reservable,4,False,False,False,True,True,20,False,https://www.recreation.gov/camping/campgrounds/232257,
232258,Grove,KY,FS,Daniel Boone National Forest,36.941667,-84.216667,True,reservable,99,True,True,False,True,False,50,False,https://www.recreation.gov/camping/campgrounds/232258,
232259,Holly Bay,KY,FS,Daniel Boone National Forest,36.979167,-84.266667,True,partly,138,True,True,True,True,True,50,False,https://www.recreation.gov/camping/campgrounds/232259,
232260,Big Meadow,CA,FS,Stanislaus National Forest,38.416389,-120.105000,True,reservable,137,False,False,False,True,True,56,False,https://www.recreation.gov/camping/campgrounds/232260,
232261,Hampshire Rocks,CA,FS,Tahoe National Forest,39.310768,-120.500006,True,reservable,33,False,False,False,True,True,45,False,https://www.recreation.gov/camping/campgrounds/232261,
232262,Pipi Campground,CA,FS,Eldorado National Forest,38.573611,-120.437500,True,reservable,73,False,False,False,True,True,35,False,https://www.recreation.gov/camping/campgrounds/232262,
232263,Silver Lake East- Eldorado,CA,FS,Eldorado National Forest,38.675000,-119.887500,True,reservable,66,False,False,False,True,True,55,False,https://www.recreation.gov/camping/campgrounds/232263,
232264,Tunnel Mills II,CA,FS,Tahoe National Forest,39.252156,-120.651718,True,reservable,2,False,False,False,True,False,30,False,https://www.recreation.gov/camping/campgrounds/232264,
232265,Hallsted,CA,FS,Plumas National Forest,40.017500,-121.073056,True,reservable,20,True,False,False,True,True,54,False,https://www.recreation.gov/camping/campgrounds/232265,
232266,Hutchins,CA,FS,Plumas National Forest,39.883056,-121.199167,True,reservable,3,False,False,False,True,True,27,False,https://www.recreation.gov/camping/campgrounds/232266,
232267,Red Feather California,CA,FS,Plumas National Forest,39.735278,-120.953056,True,partly,59,False,False,False,True,True,20,False,https://www.recreation.gov/camping/campgrounds/232267,
232268,June Lake,CA,FS,Inyo National Forest,37.782138,-119.075254,True,reservable,28,False,False,False,True,True,60,False,https://www.recreation.gov/camping/campgrounds/232268,
232269,Oh Ridge,CA,FS,Inyo National Forest,37.797504,-119.074699,True,reservable,143,False,False,False,True,True,50,False,https://www.recreation.gov/camping/campgrounds/232269,
232270,Pine Glen,CA,FS,Inyo National Forest,37.648911,-118.958014,True,reservable,18,False,False,False,True,True,65,False,https://www.recreation.gov/camping/campgrounds/232270,
232271,Sherwin Creek,CA,FS,Inyo National Forest,37.628937,-118.937878,True,reservable,85,False,False,False,True,True,60,False,https://www.recreation.gov/camping/campgrounds/232271,
232272,Devils Canyon,UT,FS,Manti-La Sal National Forest,37.736708,-109.411443,True,reservable,41,False,False,False,True,True,90,False,https://www.recreation.gov/camping/campgrounds/232272,
232273,Prospector,CO,FS,White River National Forest,39.595833,-106.034444,True,reservable,107,False,False,False,True,True,70,False,https://www.recreation.gov/camping/campgrounds/232273,
232274,Camp Hale Memorial,CO,FS,White River National Forest,39.420278,-106.315000,True,reservable,21,False,False,False,True,False,40,False,https://www.recreation.gov/camping/campgrounds/232274,
232275,Amphitheater,CO,FS,"Grand Mesa, Uncompahgre and Gunnison National Forest",38.022500,-107.661667,True,partly,35,False,False,False,True,False,35,False,https://www.recreation.gov/camping/campgrounds/232275,
232276,Hilltop,NV,FS,Humboldt-Toiyabe National Forest Headquarters,36.309864,-115.606664,True,reservable,38,False,False,False,True,False,35,False,https://www.recreation.gov/camping/campgrounds/232276,
232277,Calamity,ID,FS,Caribou-Targhee National Forest,43.327778,-111.215000,True,reservable,41,False,False,False,True,True,50,False,https://www.recreation.gov/camping/campgrounds/232277,
232278,Burnt Rancheria,CA,FS,Cleveland National Forest,32.861389,-116.416111,True,reservable,124,False,False,False,True,True,99,False,https://www.recreation.gov/camping/campgrounds/232278,
232279,Laguna,CA,FS,Cleveland National Forest,32.887222,-116.446389,True,reservable,97,False,False,False,True,True,50,False,https://www.recreation.gov/camping/campgrounds/232279,
232280,Kelly Dahl,CO,FS,Arapaho & Roosevelt National Forests Pawnee NG,39.932500,-105.497778,True,partly,46,False,False,False,True,False,45,False,https://www.recreation.gov/camping/campgrounds/232280,
232281,Olive Ridge,CO,FS,Arapaho & Roosevelt National Forests Pawnee NG,40.208833,-105.522394,True,reservable,56,True,False,True,True,True,60,False,https://www.recreation.gov/camping/campgrounds/232281,
232282,Pawnee,CO,FS,Arapaho & Roosevelt National Forests Pawnee NG,40.131456,-105.567061,True,reservable,52,False,False,False,True,True,100,False,https://www.recreation.gov/camping/campgrounds/232282,
232283,Fall Lake,MN,FS,Superior National Forest,47.952500,-91.716389,True,partly,66,True,False,False,True,True,40,False,https://www.recreation.gov/camping/campgrounds/232283,
232284,Rose Canyon,AZ,FS,Coronado National Forest,32.395000,-110.691111,True,partly,77,False,False,False,True,True,,False,https://www.recreation.gov/camping/campgrounds/232284,
232285,Showers Point Group Site,AZ,FS,Coronado National Forest,32.408333,-110.720556,True,reservable,3,False,False,False,True,True,,False,https://www.recreation.gov/camping/campgrounds/232285,
232286,Pineknot,CA,FS,San Bernardino National Forest,34.235875,-116.886078,True,reservable,47,False,False,False,True,True,26,False,https://www.recreation.gov/camping/campgrounds/232286,
232287,Big Lake,OR,FS,Willamette National Forest,44.377500,-121.870833,True,partly,56,False,False,False,True,True,78,False,https://www.recreation.gov/camping/campgrounds/232287,
232288,Cold Water Cove,OR,FS,Willamette National Forest,44.363889,-121.988889,True,partly,41,False,False,False,True,True,99,False,https://www.recreation.gov/camping/campgrounds/232288,
232289,Little Elden Springs Horsecamp,AZ,FS,Coconino National Forest Recreation,35.281149,-111.576211,True,reservable,15,False,False,False,True,True,40,False,https://www.recreation.gov/camping/campgrounds/232289,
232290,Gurnsey Creek,CA,FS,Lassen National Forest,40.308889,-121.426667,True,partly,54,False,False,False,False,False,99,False,https://www.recreation.gov/camping/campgrounds/232290,
232293,Pioneer Trail,CA,FS,Stanislaus National Forest,38.187500,-119.987500,True,reservable,3,False,False,False,True,True,40,False,https://www.recreation.gov/camping/campgrounds/232293,
232294,Silver Dollar,CO,FS,Pike and San Isabel National Forests & Cimarron and Comanche National Grasslands,39.262222,-106.352778,True,reservable,46,False,False,False,True,False,30,False,https://www.recreation.gov/camping/campgrounds/232294,
232295,Heart Bar Campground,CA,FS,San Bernardino National Forest,34.159537,-116.785641,True,partly,66,False,False,False,True,True,45,False,https://www.recreation.gov/camping/campgrounds/232295,
232296,North Shore,CA,FS,San Bernardino National Forest,34.266668,-117.168046,True,reservable,43,False,False,False,True,True,35,False,https://www.recreation.gov/camping/campgrounds/232296,
232298,Silver Springs Campground,WA,FS,Mt. Baker-Snoqualmie National Forest,46.993591,-121.531511,True,reservable,51,False,False,False,True,True,46,False,https://www.recreation.gov/camping/campgrounds/232298,
232300,Sheridan Lake,SD,FS,Black Hills National Forest,43.980819,-103.472286,True,reservable,111,False,False,False,True,True,77,False,https://www.recreation.gov/camping/campgrounds/232300,
232301,Lodgepole,CO,FS,Pike and San Isabel National Forests & Cimarron and Comanche National Grasslands,39.416667,-105.849722,True,reservable,34,False,False,False,True,True,35,False,https://www.recreation.gov/camping/campgrounds/232301,
232302,Red Fir,CA,FS,Eldorado National Forest,39.002222,-120.312500,True,reservable,1,False,False,False,False,True,,False,https://www.recreation.gov/camping/campgrounds/232302,
232303,Cedar Lake (Oklahoma),OK,FS,Ouachita National Forest,34.758611,-94.694444,True,reservable,118,True,True,True,True,True,70,False,https://www.recreation.gov/camping/campgrounds/232303,
232304,Newberry Group Camp Site,OR,FS,Deschutes National Forest,43.706111,-121.256944,True,reservable,3,False,False,False,True,True,40,False,https://www.recreation.gov/camping/campgrounds/232304,
232305,Big Pine Creek Campground,CA,FS,Inyo National Forest,37.125833,-118.432500,True,reservable,30,False,False,False,True,False,45,False,https://www.recreation.gov/camping/campgrounds/232305,
232306,Guanella Pass,CO,FS,Arapaho & Roosevelt National Forests Pawnee NG,39.612778,-105.716111,True,reservable,18,False,False,False,False,False,45,False,https://www.recreation.gov/camping/campgrounds/232306,
232307,Iron Springs Group Ashley,UT,FS,Ashley National Forest,40.702222,-109.557778,True,reservable,2,False,False,False,True,False,45,False,https://www.recreation.gov/camping/campgrounds/232307,
232308,Osceola Vista Campground,NH,FS,White Mountain National Forest,43.972535,-71.518785,True,partly,16,False,False,False,True,False,40,False,https://www.recreation.gov/camping/campgrounds/232308,
232310,Helende,ID,FS,Boise National Forest,44.092778,-115.475833,True,partly,10,False,False,False,True,True,65,False,https://www.recreation.gov/camping/campgrounds/232310,
232311,Bonneville,ID,FS,Boise National Forest,44.151650,-115.311631,True,partly,22,False,False,False,True,True,100,False,https://www.recreation.gov/camping/campgrounds/232311,
232312,Pine Flats,ID,FS,Boise National Forest,44.064167,-115.681944,True,partly,26,False,False,False,True,False,130,False,https://www.recreation.gov/camping/campgrounds/232312,
232313,Kirkham,ID,FS,Boise National Forest,44.072222,-115.542222,True,reservable,16,False,False,False,False,False,80,False,https://www.recreation.gov/camping/campgrounds/232313,
232314,Longbow Organization Group,OR,FS,Willamette National Forest,44.391667,-122.366667,True,reservable,1,False,False,False,True,True,15,False,https://www.recreation.gov/camping/campgrounds/232314,
232315,Troublesome Creek Campground,WA,FS,Mt. Baker-Snoqualmie National Forest,47.898188,-121.402685,True,partly,25,False,False,False,True,True,30,False,https://www.recreation.gov/camping/campgrounds/232315,
232316,Patrick Creek Campground,CA,FS,Six Rivers National Forest,41.871944,-123.846667,True,reservable,13,False,False,False,True,False,45,False,https://www.recreation.gov/camping/campgrounds/232316,
232317,Beaver Creek (Idaho),ID,FS,Idaho Panhandle National Forests,48.734167,-116.869167,True,reservable,42,False,False,False,True,True,60,False,https://www.recreation.gov/camping/campgrounds/232317,
232318,Camp Seven Lake Campground,MI,FS,Hiawatha National Forest,46.057778,-86.549722,True,partly,39,True,False,False,True,True,60,False,https://www.recreation.gov/camping/campgrounds/232318,
232319,Colwell Lake Campground,MI,FS,Hiawatha National Forest,46.221667,-86.437500,True,partly,40,True,False,False,True,True,60,False,https://www.recreation.gov/camping/campgrounds/232319,
232320,Pine Flat Campground West,AZ,FS,Coconino National Forest Recreation,35.012500,-111.738056,True,reservable,60,True,False,False,True,True,36,False,https://www.recreation.gov/camping/campgrounds/232320,
232321,White Cloud,CA,FS,Tahoe National Forest,39.320037,-120.846651,True,reservable,45,False,False,False,True,True,40,False,https://www.recreation.gov/camping/campgrounds/232321,
232322,Panther Flat Campground,CA,FS,Six Rivers National Forest,41.843056,-123.930556,True,partly,39,False,False,False,True,True,45,False,https://www.recreation.gov/camping/campgrounds/232322,
232323,Hunter Campground,WY,FS,Bighorn National Forest,44.334167,-106.973611,True,partly,9,False,False,False,False,False,40,False,https://www.recreation.gov/camping/campgrounds/232323,
232324,Williwaw Campground,AK,FS,Chugach National Forest,60.786667,-148.877500,True,partly,52,False,False,False,False,False,145,False,https://www.recreation.gov/camping/campgrounds/232324,
232325,Council Bluff Recreation Area,MO,FS,Mark Twain National Forest,37.708333,-90.941667,True,partly,57,False,False,False,True,False,40,False,https://www.recreation.gov/camping/campgrounds/232325,
232326,Wilderness Gateway,ID,FS,Nez Perce-Clearwater National Forests,46.340000,-115.306667,True,partly,71,False,False,False,True,True,99,False,https://www.recreation.gov/camping/campgrounds/232326,
232327,Spring Gulch,MT,FS,Bitterroot National Forest,45.858611,-114.023056,True,reservable,12,False,False,False,False,False,65,False,https://www.recreation.gov/camping/campgrounds/232327,
232328,Hope,UT,FS,Uinta-Wasatch-Cache National Forest,40.301944,-111.614444,True,reservable,26,False,False,False,True,True,35,False,https://www.recreation.gov/camping/campgrounds/232328,
232329,Redstone,CO,FS,White River National Forest,39.194167,-107.232222,True,reservable,37,True,True,False,True,True,65,False,https://www.recreation.gov/camping/campgrounds/232329,
232330,Last Chance Campground,AK,FS,Tongass National Forest,55.432300,-131.686000,True,reservable,18,False,False,False,True,False,45,False,https://www.recreation.gov/camping/campgrounds/232330,
232331,Blue Meadow,WV,FS,Monongahela National Forest,37.925000,-80.250000,True,partly,37,False,False,False,False,True,45,False,https://www.recreation.gov/camping/campgrounds/232331,
232332,Devils Elbow,ID,FS,Idaho Panhandle National Forests,47.766389,-116.016667,True,reservable,21,False,False,False,True,True,100,False,https://www.recreation.gov/camping/campgrounds/232332,
232333,Kit Price,ID,FS,Idaho Panhandle National Forests,47.740833,-116.005556,True,partly,58,False,False,False,True,True,45,False,https://www.recreation.gov/camping/campgrounds/232333,
232334,Sundance,WY,FS,Black Hills National Forest,44.443056,-104.348056,True,reservable,19,False,False,False,True,True,70,False,https://www.recreation.gov/camping/campgrounds/232334,
232335,Elks Flat Campground,ID,FS,Boise National Forest,43.537219,-115.295139,True,partly,2,False,False,False,True,True,50,False,https://www.recreation.gov/camping/campgrounds/232335,
232336,Crystal Lake,CA,FS,Angeles National Forest,34.325556,-117.837222,True,reservable,196,False,True,False,True,True,40,False,https://www.recreation.gov/camping/campgrounds/232336,
232337,Trail River,AK,FS,Chugach National Forest,60.416111,-149.381389,True,reservable,92,False,False,False,False,False,88,False,https://www.recreation.gov/camping/campgrounds/232337,
232338,Thirty Mile,CO,FS,Rio Grande National Forest,37.723333,-107.257500,True,partly,35,False,False,False,False,True,90,False,https://www.recreation.gov/camping/campgrounds/232338,
232339,South Meadows,CO,FS,Pike and San Isabel National Forests & Cimarron and Comanche National Grasslands,39.064722,-105.092222,True,reservable,64,False,False,False,True,True,84,False,https://www.recreation.gov/camping/campgrounds/232339,
232340,Colorado Campground,CO,FS,Pike and San Isabel National Forests & Cimarron and Comanche National Grasslands,39.079722,-105.093333,True,reservable,81,False,False,False,True,False,100,False,https://www.recreation.gov/camping/campgrounds/232340,
232341,Painted Rocks,CO,FS,Pike and San Isabel National Forests & Cimarron and Comanche National Grasslands,39.084444,-105.105278,True,reservable,18,False,False,False,True,True,59,False,https://www.recreation.gov/camping/campgrounds/232341,
232342,Holiday Group Campground,CA,FS,Los Padres National Forest,34.517222,-119.276944,True,reservable,1,False,False,False,False,False,20,False,https://www.recreation.gov/camping/campgrounds/232342,
232343,Lodgepole Campground,CA,FS,Stanislaus National Forest,38.477308,-120.024175,True,reservable,20,False,False,False,True,True,50,False,https://www.recreation.gov/camping/campgrounds/232343,
232344,Swinging Bridge,ID,FS,Boise National Forest,44.171558,-116.120961,True,partly,7,False,False,False,False,False,40,False,https://www.recreation.gov/camping/campgrounds/232344,
232345,Camp Hale East Fork Group,CO,FS,White River National Forest,39.419444,-106.286667,True,reservable,1,False,False,False,True,False,45,False,https://www.recreation.gov/camping/campgrounds/232345,
232346,Prune Creek,WY,FS,Bighorn National Forest,44.768889,-107.468611,True,reservable,21,False,False,False,True,True,55,False,https://www.recreation.gov/camping/campgrounds/232346,
232347,Bald Mountain Campground,WY,FS,Bighorn National Forest,44.804167,-107.860000,True,reservable,15,False,False,False,True,True,80,False,https://www.recreation.gov/camping/campgrounds/232347,
232350,Monarch Park,CO,FS,Pike and San Isabel National Forests & Cimarron and Comanche National Grasslands,38.515556,-106.324167,True,reservable,38,False,False,False,True,True,45,False,https://www.recreation.gov/camping/campgrounds/232350,
232351,Green Spot Equestrian Group Camp,CA,FS,San Bernardino National Forest,34.225776,-116.810463,True,reservable,1,False,False,False,True,True,30,False,https://www.recreation.gov/camping/campgrounds/232351,
232352,Ptarmigan Creek,AK,FS,Chugach National Forest,60.407500,-149.361944,True,reservable,17,False,False,False,False,False,85,False,https://www.recreation.gov/camping/campgrounds/232352,
232353,Cooper Creek South,AK,FS,Chugach National Forest,60.483611,-149.882222,True,reservable,30,False,False,False,False,False,99,False,https://www.recreation.gov/camping/campgrounds/232353,
232354,Baumgartner Campground,ID,FS,Sawtooth National Forest,43.612500,-115.080278,True,reservable,31,False,False,False,True,True,76,False,https://www.recreation.gov/camping/campgrounds/232354,
232355,Houston Mesa,AZ,FS,Tonto National Forest,34.270000,-111.314167,True,reservable,126,False,False,False,True,True,99,False,https://www.recreation.gov/camping/campgrounds/232355,
232356,Bumping Lake Campground,WA,FS,Okanogan-Wenatchee National Forest,46.855278,-121.304444,True,reservable,62,False,False,False,True,True,154,False,https://www.recreation.gov/camping/campgrounds/232356,
232357,North Fork Campground,CO,FS,White River National Forest,40.058333,-107.449722,True,reservable,28,False,False,False,True,True,40,False,https://www.recreation.gov/camping/campgrounds/232357,
232358,Outlet Campground,ID,FS,Sawtooth National Forest,44.140833,-114.911111,True,reservable,22,False,False,False,False,True,99,False,https://www.recreation.gov/camping/campgrounds/232358,
232359,Bear Gulch,SD,FS,Black Hills National Forest,44.074444,-103.525556,True,reservable,1,False,False,False,True,True,40,False,https://www.recreation.gov/camping/campgrounds/232359,
232360,Eagles Nest Campground,AK,FS,Tongass National Forest,55.683333,-132.850000,True,reservable,12,False,False,False,False,False,99,False,https://www.recreation.gov/camping/campgrounds/232360,
232361,Fawn,CA,FS,Shasta-Trinity National Forest,40.844444,-122.843333,True,reservable,2,False,False,False,True,True,45,False,https://www.recreation.gov/camping/campgrounds/232361,
232362,Stoney Group Shasta-Trinity,CA,FS,Shasta-Trinity National Forest,40.851389,-122.850278,True,reservable,1,False,False,False,True,False,,False,https://www.recreation.gov/camping/campgrounds/232362,
232363,Bushytail,CA,FS,Shasta-Trinity National Forest,40.855000,-122.818889,True,reservable,12,True,True,False,True,True,99,False,https://www.recreation.gov/camping/campgrounds/232363,
232364,Lowry Campground,CO,FS,White River National Forest,39.598611,-106.034444,True,partly,27,True,False,False,True,False,55,False,https://www.recreation.gov/camping/campgrounds/232364,
232365,Roubaix Lake,SD,FS,Black Hills National Forest,44.200000,-103.669444,True,reservable,59,False,False,False,True,True,99,False,https://www.recreation.gov/camping/campgrounds/232365,
232366,Wolf Creek California,CA,FS,Eldorado National Forest,38.883056,-120.400000,True,partly,44,False,False,False,True,True,50,False,https://www.recreation.gov/camping/campgrounds/232366,
232367,Crags Campground,CA,FS,Humboldt-Toiyabe National Forest Headquarters,38.173611,-119.304167,True,reservable,28,False,False,False,True,True,45,False,https://www.recreation.gov/camping/campgrounds/232367,
232368,Peaceful Valley,CO,FS,Arapaho & Roosevelt National Forests Pawnee NG,40.131389,-105.506111,True,reservable,16,False,False,False,True,False,45,False,https://www.recreation.gov/camping/campgrounds/232368,
232369,Camp Dick,CO,FS,Arapaho & Roosevelt National Forests Pawnee NG,40.130000,-105.518333,True,reservable,42,False,False,False,True,False,99,False,https://www.recreation.gov/camping/campgrounds/232369,
232370,Zilpo,KY,FS,Daniel Boone National Forest,38.075000,-83.500000,True,reservable,169,True,True,True,True,True,65,False,https://www.recreation.gov/camping/campgrounds/232370,
232371,Yuba Pass Campground,CA,FS,Tahoe National Forest,39.615830,-120.490479,True,reservable,20,False,False,False,True,True,60,False,https://www.recreation.gov/camping/campgrounds/232371,
232373,Esswine Group Camp,WA,FS,Mt. Baker-Snoqualmie National Forest,48.073250,-121.696820,True,reservable,1,False,False,False,True,True,75,False,https://www.recreation.gov/camping/campgrounds/232373,
232374,Coal Creek Group Camp,WA,FS,Mt. Baker-Snoqualmie National Forest,48.083837,-121.555926,True,reservable,1,False,False,False,True,True,36,False,https://www.recreation.gov/camping/campgrounds/232374,
232375,Wiley Creek Group Camp,WA,FS,Mt. Baker-Snoqualmie National Forest,48.073443,-121.714102,True,reservable,2,False,False,False,True,True,99,False,https://www.recreation.gov/camping/campgrounds/232375,
232377,Tulalip Mill Site Group Campground,WA,FS,Mt. Baker-Snoqualmie National Forest,48.091896,-121.782878,True,reservable,1,False,False,False,True,True,40,False,https://www.recreation.gov/camping/campgrounds/232377,
232378,Table Rock,ID,FS,Caribou-Targhee National Forest,43.630833,-111.589722,True,reservable,1,False,False,False,False,True,20,False,https://www.recreation.gov/camping/campgrounds/232378,
232379,Hayfork Group CG,ID,FS,Boise National Forest,43.908611,-115.696389,True,partly,1,False,False,False,True,True,45,False,https://www.recreation.gov/camping/campgrounds/232379,
232380,North Mills River,NC,FS,National Forests in North Carolina,35.407222,-82.645833,True,reservable,29,False,True,False,True,True,35,False,https://www.recreation.gov/camping/campgrounds/232380,
232381,Columbine Campground,CO,FS,Arapaho & Roosevelt National Forests Pawnee NG,39.814808,-105.551844,True,reservable,47,False,False,False,True,False,55,False,https://www.recreation.gov/camping/campgrounds/232381,
232382,Station Creek Campground,WY,FS,Bridger-Teton National Forest,43.204444,-110.833333,True,reservable,12,False,False,False,True,True,20,False,https://www.recreation.gov/camping/campgrounds/232382,
232383,Little Cottonwood Group,WY,FS,Bridger-Teton National Forest,43.191389,-110.935556,True,reservable,2,False,False,False,True,True,20,False,https://www.recreation.gov/camping/campgrounds/232383,
232384,Beartree,VA,FS,George Washington & Jefferson National Forest,36.684722,-81.647222,True,partly,132,False,True,False,True,True,99,False,https://www.recreation.gov/camping/campgrounds/232384,
232385,May Queen,CO,FS,Pike and San Isabel National Forests & Cimarron and Comanche National Grasslands,39.278611,-106.432222,True,partly,28,False,False,False,True,False,99,False,https://www.recreation.gov/camping/campgrounds/232385,
232386,Crab Flats,CA,FS,San Bernardino National Forest,34.263451,-117.086627,True,reservable,41,False,False,False,True,True,32,False,https://www.recreation.gov/camping/campgrounds/232386,
232387,White Star,CO,FS,Pike and San Isabel National Forests & Cimarron and Comanche National Grasslands,39.090000,-106.365556,True,reservable,67,False,False,False,True,False,99,False,https://www.recreation.gov/camping/campgrounds/232387,
232388,Iron Creek Horse Camp,SD,FS,Black Hills National Forest,43.818333,-103.473889,True,reservable,10,False,False,False,True,True,50,False,https://www.recreation.gov/camping/campgrounds/232388,
232389,Leith Run,OH,FS,Wayne National Forest,39.445706,-81.151200,True,reservable,23,True,True,False,True,False,90,False,https://www.recreation.gov/camping/campgrounds/232389,
232390,Aspen Grove,UT,FS,Uinta-Wasatch-Cache National Forest,40.120556,-111.036667,True,reservable,59,True,False,False,True,True,60,False,https://www.recreation.gov/camping/campgrounds/232390,
232391,Red Bluff Campground,MO,FS,Mark Twain National Forest,37.816389,-91.166389,True,partly,85,True,False,False,True,True,60,False,https://www.recreation.gov/camping/campgrounds/232391,
232392,Silver Mines,MO,FS,Mark Twain National Forest,37.552778,-90.437222,True,partly,76,True,False,False,True,True,60,False,https://www.recreation.gov/camping/campgrounds/232392,
232393,Hapgood Pond,VT,FS,Green Mountain & Finger Lakes National Forests,43.253333,-72.892222,True,partly,32,False,False,False,False,False,25,False,https://www.recreation.gov/camping/campgrounds/232393,
232394,Barnes Field Campground,NH,FS,White Mountain National Forest,44.338889,-71.218611,True,partly,11,False,False,False,True,False,40,False,https://www.recreation.gov/camping/campgrounds/232394,
232395,French Camp,CA,FS,Inyo National Forest,37.552500,-118.679167,True,reservable,84,False,False,False,True,True,35,False,https://www.recreation.gov/camping/campgrounds/232395,
232396,East Fork Campground,CA,FS,Inyo National Forest,37.483611,-118.717500,True,partly,134,False,False,False,True,True,38,False,https://www.recreation.gov/camping/campgrounds/232396,
232397,Upper Narrows,UT,FS,Uinta-Wasatch-Cache National Forest,40.491667,-112.590833,True,reservable,8,False,False,False,True,True,,False,https://www.recreation.gov/camping/campgrounds/232397,
232398,Agnew Horse Camp,CA,FS,Inyo National Forest,37.683091,-119.089523,True,reservable,14,False,False,False,True,True,100,False,https://www.recreation.gov/camping/campgrounds/232398,
232399,Van Hook Glade,NC,FS,National Forests in North Carolina,35.077222,-83.246389,True,reservable,24,False,False,False,True,True,36,False,https://www.recreation.gov/camping/campgrounds/232399,
232403,Olallie On Mckenzie Highway - Willamette,OR,FS,Willamette National Forest,44.256944,-122.038889,True,partly,17,False,False,False,True,True,99,False,https://www.recreation.gov/camping/campgrounds/232403,
232404,Warner Lake,UT,FS,Manti-La Sal National Forest,38.520200,-109.276200,True,partly,31,False,False,False,True,True,20,False,https://www.recreation.gov/camping/campgrounds/232404,
232405,Nizhoni,UT,FS,Manti-La Sal National Forest,37.781744,-109.539658,True,reservable,29,False,False,False,True,True,53,False,https://www.recreation.gov/camping/campgrounds/232405,
232406,Buckboard,UT,FS,Manti-La Sal National Forest,37.880796,-109.449341,True,reservable,12,False,False,False,True,True,43,False,https://www.recreation.gov/camping/campgrounds/232406,
232407,Mineral Springs Group,WA,FS,Okanogan-Wenatchee National Forest,47.290203,-120.699224,True,partly,1,False,False,False,True,True,35,False,https://www.recreation.gov/camping/campgrounds/232407,
232408,Manti Community,UT,FS,Manti-La Sal National Forest,39.253333,-111.540278,True,reservable,12,False,False,False,True,True,99,False,https://www.recreation.gov/camping/campgrounds/232408,
232409,Gooseberry Reservoir,UT,FS,Manti-La Sal National Forest,39.710278,-111.294167,True,reservable,18,False,False,False,True,True,40,False,https://www.recreation.gov/camping/campgrounds/232409,
232410,Twelve Mile Flat,UT,FS,Manti-La Sal National Forest,39.123056,-111.486944,True,reservable,30,False,False,False,True,True,35,False,https://www.recreation.gov/camping/campgrounds/232410,
232411,Lake Hill,UT,FS,Manti-La Sal National Forest,39.326944,-111.497778,True,reservable,15,False,False,False,True,True,30,False,https://www.recreation.gov/camping/campgrounds/232411,
232412,Forks Of Huntington,UT,FS,Manti-La Sal National Forest,39.500833,-111.159444,True,reservable,10,False,False,False,True,True,30,False,https://www.recreation.gov/camping/campgrounds/232412,
232413,Maple Canyon,UT,FS,Manti-La Sal National Forest,39.556944,-111.686389,True,reservable,19,False,False,False,True,True,30,False,https://www.recreation.gov/camping/campgrounds/232413,
232414,Ferron Reservoir,UT,FS,Manti-La Sal National Forest,39.145556,-111.455278,True,reservable,28,False,False,False,True,True,99,False,https://www.recreation.gov/camping/campgrounds/232414,
232415,Indian Creek,UT,FS,Manti-La Sal National Forest,39.442778,-111.237500,True,reservable,8,False,False,False,True,True,40,False,https://www.recreation.gov/camping/campgrounds/232415,
232416,Gooseberry Creek Campground,UT,FS,Manti-La Sal National Forest,39.687500,-111.296944,True,reservable,21,False,False,False,True,True,30,False,https://www.recreation.gov/camping/campgrounds/232416,
232417,Warm Lake,ID,FS,Boise National Forest,44.652222,-115.655556,True,partly,13,False,False,False,False,True,60,False,https://www.recreation.gov/camping/campgrounds/232417,
232419,Sutton Bluff Recreation Area,MO,FS,Mark Twain National Forest,37.476389,-91.006944,True,partly,34,True,False,False,True,False,76,False,https://www.recreation.gov/camping/campgrounds/232419,
232420,Pinewoods Lake Recreation Area,MO,FS,Mark Twain National Forest,36.919167,-90.783889,True,reservable,16,False,False,False,True,True,,False,https://www.recreation.gov/camping/campgrounds/232420,
232421,Lane Spring Recreation Area,MO,FS,Mark Twain National Forest,37.793056,-91.836111,True,partly,25,True,False,False,True,False,,False,https://www.recreation.gov/camping/campgrounds/232421,
232422,Saddlebag Lake Trailhead Group Camp,CA,FS,Inyo National Forest,37.964335,-119.272310,True,partly,1,False,False,False,True,False,25,False,https://www.recreation.gov/camping/campgrounds/232422,
232423,Corinth Recreation Area,AL,FS,National Forests in Alabama,34.105000,-87.320000,True,reservable,61,True,True,True,True,True,50,False,https://www.recreation.gov/camping/campgrounds/232423,
232425,Teal Lake Group Campsite,CO,FS,Medicine Bow-Routt NFs & Thunder Basin NG,40.584722,-106.605556,True,reservable,36,False,False,False,True,True,,False,https://www.recreation.gov/camping/campgrounds/232425,
232427,Iron Lake,MN,FS,Superior National Forest,48.067778,-90.614722,True,partly,7,False,False,False,True,False,40,False,https://www.recreation.gov/camping/campgrounds/232427,
232428,Trails End Campground,MN,FS,Superior National Forest,48.160278,-90.893611,True,reservable,33,False,False,False,True,False,40,False,https://www.recreation.gov/camping/campgrounds/232428,
232429,Flour Lake Campground,MN,FS,Superior National Forest,48.052500,-90.408333,True,partly,37,False,False,False,True,False,85,False,https://www.recreation.gov/camping/campgrounds/232429,
232430,Double Lake Recreation Area,TX,FS,National Forests and Grasslands in Texas,30.533056,-95.128889,True,reservable,45,True,True,True,True,False,45,False,https://www.recreation.gov/camping/campgrounds/232430,
232431,Bull Trout,ID,FS,Boise National Forest,44.298008,-115.255517,True,partly,38,False,False,False,True,True,85,False,https://www.recreation.gov/camping/campgrounds/232431,
232432,Mathews Arm Campground,VA,NPS,Shenandoah National Park,38.760050,-78.297869,True,reservable,166,False,False,False,True,True,50,False,https://www.recreation.gov/camping/campgrounds/232432,https://www.nps.gov/shen/planyourvisit/mathews-arm-campground.htm
232433,Loft Mountain Campground,VA,NPS,Shenandoah National Park,38.248700,-78.670572,True,reservable,213,False,False,False,True,True,55,False,https://www.recreation.gov/camping/campgrounds/232433,https://www.nps.gov/shen/planyourvisit/loft-mountain-campground.htm
232434,Cataloochee Group Camp,NC,NPS,Great Smoky Mountains National Park,35.650667,-83.073845,True,reservable,3,False,False,False,True,True,,False,https://www.recreation.gov/camping/campgrounds/232434,
232436,Elkmont Group Camp,TN,NPS,Great Smoky Mountains National Park,35.659444,-83.586389,True,reservable,4,False,False,False,True,True,,False,https://www.recreation.gov/camping/campgrounds/232436,
232437,Big Creek Group Camp,NC,NPS,Great Smoky Mountains National Park,35.752222,-83.108889,True,reservable,1,False,False,False,True,True,,False,https://www.recreation.gov/camping/campgrounds/232437,
232438,Cosby Group Camp,TN,NPS,Great Smoky Mountains National Park,35.753055,-83.206725,True,reservable,3,False,False,False,True,True,,False,https://www.recreation.gov/camping/campgrounds/232438,
232440,Cades Cove Group,TN,NPS,Great Smoky Mountains National Park,35.603892,-83.771310,True,reservable,4,False,False,False,True,True,,False,https://www.recreation.gov/camping/campgrounds/232440,
232441,Smokemont Group Camp,NC,NPS,Great Smoky Mountains National Park,35.559808,-83.312802,True,reservable,3,False,False,False,True,True,,False,https://www.recreation.gov/camping/campgrounds/232441,
232445,Watchman Campground,UT,NPS,Zion National Park,37.198611,-112.986389,True,reservable,190,True,False,False,True,True,99,False,https://www.recreation.gov/camping/campgrounds/232445,https://www.nps.gov/zion/planyourvisit/watchman-campground.htm
232446,Wawona Campground,CA,NPS,Yosemite National Park,37.573056,-119.665000,True,reservable,99,False,False,False,True,True,35,False,https://www.recreation.gov/camping/campgrounds/232446,https://www.nps.gov/yose/planyourvisit/wawonacamp.htm
232447,Upper Pines Campground,CA,NPS,Yosemite National Park,37.736111,-119.562500,True,reservable,240,False,False,False,True,True,35,False,https://www.recreation.gov/camping/campgrounds/232447,https://www.nps.gov/yose/planyourvisit/pinescampgrounds.htm
232448,Tuolumne Meadows Campground,CA,NPS,Yosemite National Park,37.871111,-119.360000,True,reservable,309,False,False,False,True,True,35,False,https://www.recreation.gov/camping/campgrounds/232448,https://www.nps.gov/yose/planyourvisit/tmcamp.htm
232449,North Pines Campground,CA,NPS,Yosemite National Park,37.741944,-119.565556,True,reservable,99,False,False,False,True,True,40,False,https://www.recreation.gov/camping/campgrounds/232449,https://www.nps.gov/yose/planyourvisit/pinescampgrounds.htm
232450,Lower Pines Campground,CA,NPS,Yosemite National Park,37.740833,-119.566667,True,reservable,75,False,False,False,True,True,40,False,https://www.recreation.gov/camping/campgrounds/232450,https://www.nps.gov/yose/planyourvisit/pinescampgrounds.htm
232451,Hodgdon Meadow Campground,CA,NPS,Yosemite National Park,37.798889,-119.865833,True,reservable,108,False,False,False,True,True,40,False,https://www.recreation.gov/camping/campgrounds/232451,https://www.nps.gov/yose/planyourvisit/hodgdoncamp.htm
232452,Crane Flat Campground,CA,NPS,Yosemite National Park,37.763889,-119.844444,True,reservable,151,False,False,False,True,True,35,False,https://www.recreation.gov/camping/campgrounds/232452,https://www.nps.gov/yose/planyourvisit/cranecamp.htm
232453,Bridalveil Creek Campground,CA,NPS,Yosemite National Park,37.662222,-119.619722,True,reservable,107,False,False,False,True,True,35,False,https://www.recreation.gov/camping/campgrounds/232453,https://www.nps.gov/yose/planyourvisit/bvcamp.htm
232455,Dry Creek Group Campground,CA,NPS,Whiskeytown National Recreation Area,40.625556,-122.580833,True,reservable,2,False,False,False,True,True,,False,https://www.recreation.gov/camping/campgrounds/232455,
232456,South Manitou Group Campground,MI,NPS,Sleeping Bear Dunes National Lakeshore,45.012464,-86.094700,True,partly,6,False,False,False,False,True,,False,https://www.recreation.gov/camping/campgrounds/232456,
232457,D.H. Day Group Campground,MI,NPS,Sleeping Bear Dunes National Lakeshore,44.891667,-86.042778,True,reservable,4,False,False,False,False,True,,False,https://www.recreation.gov/camping/campgrounds/232457,https://www.nps.gov/slbe/planyourvisit/groupcamps.htm
232458,Platte River Campground,MI,NPS,Sleeping Bear Dunes National Lakeshore,44.712778,-86.117778,True,reservable,179,True,False,False,True,True,40,False,https://www.recreation.gov/camping/campgrounds/232458,https://www.nps.gov/slbe/planyourvisit/platterivercamp.htm
232459,Big Meadows Campground - Shenandoah,VA,NPS,Shenandoah National Park,38.528619,-78.438725,True,reservable,224,False,True,False,True,True,70,False,https://www.recreation.gov/camping/campgrounds/232459,
232460,Dorst Creek Campground-Sequoia And Kings Canyon National Park,CA,NPS,Sequoia & Kings Canyon National Parks,36.636111,-118.809722,True,reservable,204,False,False,False,True,True,133,False,https://www.recreation.gov/camping/campgrounds/232460,
232461,Lodgepole Campground-Sequoia And Kings Canyon National Park,CA,NPS,Sequoia & Kings Canyon National Parks,36.606711,-118.725800,True,reservable,206,False,False,False,True,True,42,False,https://www.recreation.gov/camping/campgrounds/232461,
232462,Rocky Mountain National Park Glacier Basin Campground,CO,NPS,Rocky Mountain National Park,40.329167,-105.593333,True,reservable,158,False,False,False,True,True,35,False,https://www.recreation.gov/camping/campgrounds/232462,
232463,Rocky Mountain National Park Moraine Park Campground,CO,NPS,Rocky Mountain National Park,40.362500,-105.601944,True,reservable,258,True,False,False,True,True,40,False,https://www.recreation.gov/camping/campgrounds/232463,
232464,Kalaloch,WA,NPS,Olympic National Park,47.613056,-124.374722,True,reservable,168,False,False,False,True,True,52,False,https://www.recreation.gov/camping/campgrounds/232464,
232465,Ohanapecosh Campground,WA,NPS,Mount Rainier National Park,46.731111,-121.570278,True,reservable,192,False,False,False,True,True,32,False,https://www.recreation.gov/camping/campgrounds/232465,https://www.nps.gov/mora/planyourvisit/campgrounds.htm
232466,Cougar Rock Campground,WA,NPS,Mount Rainier National Park,46.767222,-121.794444,True,reservable,184,False,False,False,False,False,35,False,https://www.recreation.gov/camping/campgrounds/232466,https://www.nps.gov/mora/planyourvisit/campgrounds.htm
232467,Mammoth Cave Campground,KY,NPS,Mammoth Cave National Park,37.190278,-86.091389,True,reservable,111,True,False,True,True,True,40,False,https://www.recreation.gov/camping/campgrounds/232467,
232468,Maple Springs,KY,NPS,Mammoth Cave National Park,37.207222,-86.131667,True,partly,7,True,True,False,True,True,50,False,https://www.recreation.gov/camping/campgrounds/232468,
232470,Sheep Pass Group,CA,NPS,Joshua Tree National Park,33.999167,-116.118056,True,reservable,6,False,False,False,True,True,,False,https://www.recreation.gov/camping/campgrounds/232470,https://www.nps.gov/jotr/planyourvisit/sheep-pass-group-campground.htm
232471,Cottonwood Group,CA,NPS,Joshua Tree National Park,33.750000,-115.825000,True,reservable,3,False,False,False,True,True,,False,https://www.recreation.gov/camping/campgrounds/232471,
232472,Indian Cove Campground,CA,NPS,Joshua Tree National Park,34.120000,-116.155833,True,reservable,114,False,False,False,True,True,35,False,https://www.recreation.gov/camping/campgrounds/232472,https://www.nps.gov/jotr/planyourvisit/indian-cove-campground.htm
232473,Black Rock Campground,CA,NPS,Joshua Tree National Park,34.071667,-116.389167,True,reservable,99,False,False,False,True,True,35,False,https://www.recreation.gov/camping/campgrounds/232473,https://www.nps.gov/jotr/planyourvisit/black-rock-campground.htm
232474,Greenbelt Campground,MD,NPS,Greenbelt Park,38.983889,-76.893333,True,reservable,173,False,False,False,True,True,45,False,https://www.recreation.gov/camping/campgrounds/232474,
232478,Deep Creek Group Camp,NC,NPS,Great Smoky Mountains National Park,35.463024,-83.434773,True,reservable,3,False,False,False,True,True,,False,https://www.recreation.gov/camping/campgrounds/232478,
232479,Cosby Campground,TN,NPS,Great Smoky Mountains National Park,35.754545,-83.209250,True,reservable,157,False,False,False,True,True,30,False,https://www.recreation.gov/camping/campgrounds/232479,https://www.nps.gov/grsm/planyourvisit/cosby-campground-information.htm
232481,Tow String Horse Camp,NC,NPS,Great Smoky Mountains National Park,35.539469,-83.296597,True,reservable,3,False,False,False,False,True,35,False,https://www.recreation.gov/camping/campgrounds/232481,
232482,Cataloochee Horse Camp,NC,NPS,Great Smoky Mountains National Park,35.628760,-83.115594,True,reservable,7,False,False,False,False,True,30,False,https://www.recreation.gov/camping/campgrounds/232482,
232483,Round Bottom Horse Camp,NC,NPS,Great Smoky Mountains National Park,35.615459,-83.211925,True,reservable,5,False,False,False,False,True,35,False,https://www.recreation.gov/camping/campgrounds/232483,
232484,Big Creek Horse Camp,NC,NPS,Great Smoky Mountains National Park,35.754268,-83.107337,True,reservable,5,False,False,False,False,True,35,False,https://www.recreation.gov/camping/campgrounds/232484,
232485,Anthony Creek Horse Camp,TN,NPS,Great Smoky Mountains National Park,35.602229,-83.766402,True,reservable,3,False,False,False,False,True,24,False,https://www.recreation.gov/camping/campgrounds/232485,
232486,Smokemont Campground,NC,NPS,Great Smoky Mountains National Park,35.556450,-83.311626,True,reservable,142,True,False,False,True,True,40,False,https://www.recreation.gov/camping/campgrounds/232486,https://www.nps.gov/grsm/planyourvisit/smokemont-campground.htm
232487,Elkmont Campground,TN,NPS,Great Smoky Mountains National Park,35.658757,-83.582741,True,reservable,217,True,False,False,True,True,35,False,https://www.recreation.gov/camping/campgrounds/232487,https://www.nps.gov/grsm/planyourvisit/elkmont-campground.htm
232488,Cades Cove Campground,TN,NPS,Great Smoky Mountains National Park,35.602725,-83.776293,True,reservable,164,True,False,False,True,True,42,False,https://www.recreation.gov/camping/campgrounds/232488,https://www.nps.gov/grsm/planyourvisit/cades-cove-campground.htm
232489,North Rim Campground,AZ,NPS,Grand Canyon National Park,36.210278,-112.060556,True,reservable,125,False,False,True,True,True,40,False,https://www.recreation.gov/camping/campgrounds/232489,
232490,Mather Campground,AZ,NPS,Grand Canyon National Park,36.049722,-112.120469,True,partly,357,False,False,False,True,True,30,False,https://www.recreation.gov/camping/campgrounds/232490,
232491,Kirby Cove Campground,CA,NPS,Golden Gate National Recreation Area,37.840350,-122.488889,True,reservable,6,False,False,False,False,True,15,False,https://www.recreation.gov/camping/campgrounds/232491,https://www.recreation.gov/camping/campgrounds/232491
232492,St. Mary Campground,MT,NPS,Glacier National Park,48.750833,-113.446944,True,reservable,157,False,False,False,True,True,40,False,https://www.recreation.gov/camping/campgrounds/232492,
232493,Fish Creek Campground,MT,NPS,Glacier National Park,48.547778,-113.985278,True,reservable,189,False,False,False,True,True,35,False,https://www.recreation.gov/camping/campgrounds/232493,
232496,Furnace Creek Campground,CA,NPS,Death Valley National Park,36.463056,-116.867778,True,reservable,130,True,True,True,True,True,107,False,https://www.recreation.gov/camping/campgrounds/232496,https://www.nps.gov/deva/planyourvisit/furnace-creek-campground.htm
232497,Santa Rosa Island,CA,NPS,Channel Islands National Park,33.991050,-120.048147,True,reservable,16,False,False,False,False,False,,False,https://www.recreation.gov/camping/campgrounds/232497,
232498,Santa Cruz Island Scorpion,CA,NPS,Channel Islands National Park,34.048244,-119.561597,True,reservable,31,False,False,False,False,False,,False,https://www.recreation.gov/camping/campgrounds/232498,
232499,Santa Cruz Island Del Norte Backcountry,CA,NPS,Channel Islands National Park,34.010833,-119.660278,True,reservable,9,False,False,False,False,False,,False,https://www.recreation.gov/camping/campgrounds/232499,
232500,Santa Barbara Island,CA,NPS,Channel Islands National Park,33.479850,-119.029892,True,reservable,21,False,False,False,False,False,,False,https://www.recreation.gov/camping/campgrounds/232500,https://www.recreation.gov/camping/santa-barbara-island/r/campgroundDetails.do?contractCode=NRSO&parkId=70982
232501,San Miguel Island,CA,NPS,Channel Islands National Park,34.040603,-120.349089,True,reservable,19,False,False,False,False,False,,False,https://www.recreation.gov/camping/campgrounds/232501,https://www.recreation.gov/camping/san-miguel-island/r/campgroundDetails.do?contractCode=NRSO&parkId=70983
232502,Anacapa Island,CA,NPS,Channel Islands National Park,34.014192,-119.367789,True,reservable,16,False,False,False,False,False,,False,https://www.recreation.gov/camping/campgrounds/232502,https://www.recreation.gov/camping/anacapa-island/r/campgroundDetails.do?contractCode=NRSO&parkId=70984
232503,Poplar Grove Youth Group Campground,MD,NPS,Catoctin Mountain Park,39.653889,-77.466944,True,reservable,3,False,False,False,False,True,,False,https://www.recreation.gov/camping/campgrounds/232503,
232504,Ocracoke Campground,NC,NPS,Cape Hatteras National Seashore,35.122778,-75.926111,True,reservable,140,False,False,False,True,False,48,False,https://www.recreation.gov/camping/campgrounds/232504,https://www.recreation.gov/camping/campgrounds/232504
232505,Blue Heron Campground,KY,NPS,Big South Fork National River & Recreation Area,36.678056,-84.518889,True,reservable,45,True,True,False,True,True,61,False,https://www.recreation.gov/camping/campgrounds/232505,https://www.nps.gov/biso/planyourvisit/blueheroncampground.htm
232506,Bandy Creek,TN,NPS,Big South Fork National River & Recreation Area,36.488945,-84.697562,True,reservable,145,True,True,False,True,True,73,False,https://www.recreation.gov/camping/campgrounds/232506,https://www.nps.gov/biso/planyourvisit/bandycreekcampground.htm
232507,Assateague Island National Seashore Campground,MD,NPS,Assateague Island National Seashore,38.083333,-75.200000,True,reservable,160,False,False,False,True,True,66,False,https://www.recreation.gov/camping/campgrounds/232507,
232508,Blackwoods Campground,ME,NPS,Acadia National Park,44.309722,-68.208056,True,reservable,292,False,False,False,True,True,35,False,https://www.recreation.gov/camping/campgrounds/232508,https://www.nps.gov/acad/planyourvisit/blackwoods-campground.htm
232509,Ohanapecosh Group Campground,WA,NPS,Mount Rainier National Park,46.731111,-121.570278,True,reservable,2,False,False,False,True,True,,False,https://www.recreation.gov/camping/campgrounds/232509,
232510,Cougar Rock Group Campground,WA,NPS,Mount Rainier National Park,46.767222,-121.794444,True,reservable,5,False,False,False,True,True,20,False,https://www.recreation.gov/camping/campgrounds/232510,
232511,Airport Park,TX,USACE,Waco Lake,31.610208,-97.236589,True,reservable,75,True,True,True,True,True,65,False,https://www.recreation.gov/camping/campgrounds/232511,
232512,Alley Creek Camp,TX,USACE,Lake O' The Pines,32.799444,-94.591944,True,reservable,87,True,True,False,True,True,80,False,https://www.recreation.gov/camping/campgrounds/232512,
232513,Amity,AL,USACE,West Point Lake,32.970833,-85.222222,True,reservable,75,True,True,False,True,True,55,False,https://www.recreation.gov/camping/campgrounds/232513,
232515,Anderson Road Campground,TN,USACE,J Percy Priest Lake,36.106111,-86.603889,True,reservable,37,True,False,False,True,True,183,False,https://www.recreation.gov/camping/campgrounds/232515,
232516,Aunts Creek,MO,USACE,Table Rock Lake,36.673611,-93.459722,True,reservable,56,True,True,False,True,True,55,False,https://www.recreation.gov/camping/campgrounds/232516,
232517,Aux Arc,AR,USACE,Ozark Lake,35.470278,-93.818056,True,reservable,91,True,True,True,True,True,86,False,https://www.recreation.gov/camping/campgrounds/232517,
232519,Bald Ridge Creek,GA,USACE,Lake Sidney Lanier,34.208861,-84.087303,True,reservable,82,True,True,False,True,False,109,False,https://www.recreation.gov/camping/campgrounds/232519,
232520,Baxter,MO,USACE,Table Rock Lake,36.566944,-93.501389,True,reservable,54,True,True,False,True,True,102,False,https://www.recreation.gov/camping/campgrounds/232520,
232521,Beaver Creek,MO,USACE,Bull Shoals Lake,36.639722,-93.045833,True,reservable,34,True,True,False,True,True,42,False,https://www.recreation.gov/camping/campgrounds/232521,
232522,Bellah Mine,AR,USACE,Dequeen Lake,34.127204,-94.400491,True,reservable,25,True,True,False,False,True,120,False,https://www.recreation.gov/camping/campgrounds/232522,
232523,Bidwell Point Park,AR,USACE,Norfork Lake,36.386111,-92.237500,True,reservable,49,True,True,False,True,True,70,False,https://www.recreation.gov/camping/campgrounds/232523,
232524,Big Coon Creek,AR,USACE,Gillham Lake,34.222197,-94.243900,True,reservable,32,True,True,True,False,False,77,False,https://www.recreation.gov/camping/campgrounds/232524,
232526,Big M,MO,USACE,Table Rock Lake,36.557778,-93.676667,True,reservable,62,True,True,True,True,True,65,False,https://www.recreation.gov/camping/campgrounds/232526,
232528,Blue Bluff Campground (Aberdeen Ms),MS,USACE,Tennessee-Tombigbee Waterway,33.844444,-88.532222,True,reservable,92,True,True,True,True,True,105,False,https://www.recreation.gov/camping/campgrounds/232528,
232529,Bluff Creek,AL,USACE,Walter F. George Lake,32.179722,-85.013333,True,reservable,87,True,True,False,True,True,40,False,https://www.recreation.gov/camping/campgrounds/232529,
232530,Bluff View,MO,USACE,Clearwater Lake,37.181944,-90.789444,True,reservable,62,True,True,False,True,True,120,False,https://www.recreation.gov/camping/campgrounds/232530,
232531,Bolding Mill,GA,USACE,Lake Sidney Lanier,34.337925,-83.951144,True,reservable,97,True,True,False,True,False,80,False,https://www.recreation.gov/camping/campgrounds/232531,
232534,Brushy Creek,TX,USACE,Lake O' The Pines,32.742778,-94.535833,True,reservable,99,True,True,False,True,True,180,False,https://www.recreation.gov/camping/campgrounds/232534,
232535,Buck Creek,AR,USACE,Bull Shoals Lake,36.494444,-92.796111,True,reservable,39,True,True,False,True,False,36,False,https://www.recreation.gov/camping/campgrounds/232535,
232536,Buckhorn Creek,TX,USACE,Lake O' The Pines,32.755278,-94.494444,True,reservable,95,True,True,False,True,True,135,False,https://www.recreation.gov/camping/campgrounds/232536,
232537,Bumpus Mills,TN,USACE,Barkley Lake,36.618847,-87.879425,True,reservable,15,True,True,False,True,True,75,False,https://www.recreation.gov/camping/campgrounds/232537,
232539,Cages Bend,TN,USACE,Old Hickory Lake,36.304623,-86.516770,True,reservable,43,True,True,False,True,True,50,False,https://www.recreation.gov/camping/campgrounds/232539,
232540,Campbell Point,MO,USACE,Table Rock Lake,36.595833,-93.550278,True,reservable,73,True,True,True,True,True,80,False,https://www.recreation.gov/camping/campgrounds/232540,
232541,Canal,KY,USACE,Barkley Lake,36.995556,-88.209722,True,reservable,115,True,True,True,True,True,99,False,https://www.recreation.gov/camping/campgrounds/232541,
232542,Cape Fair,MO,USACE,Table Rock Lake,36.722500,-93.531667,True,reservable,47,True,True,False,True,True,72,False,https://www.recreation.gov/camping/campgrounds/232542,
232543,Carter Cove,AR,USACE,Nimrod Lake,34.963306,-93.239260,True,reservable,35,True,True,False,True,True,75,False,https://www.recreation.gov/camping/campgrounds/232543,
232544,Cedar Breaks Park,TX,USACE,Georgetown Lake,30.668130,-97.737567,True,reservable,64,True,True,False,True,True,55,False,https://www.recreation.gov/camping/campgrounds/232544,
232545,Cedar Creek,TN,USACE,Old Hickory Lake,36.276755,-86.510772,True,reservable,61,True,True,False,True,True,97,False,https://www.recreation.gov/camping/campgrounds/232545,
232546,Cedar Ridge,TX,USACE,Belton Lake,31.169639,-97.443633,True,reservable,79,True,True,False,True,True,89,False,https://www.recreation.gov/camping/campgrounds/232546,
232547,Cedron Creek,TX,USACE,Whitney Lake,31.964444,-97.414167,True,reservable,58,True,True,False,True,False,45,False,https://www.recreation.gov/camping/campgrounds/232547,
232548,Chilatchee Creek,AL,USACE,Alabama River Lakes,32.141389,-87.274167,True,reservable,52,True,True,False,True,True,85,False,https://www.recreation.gov/camping/campgrounds/232548,
232549,Choctaw,AR,USACE,Greers Ferry Lake,35.535556,-92.381111,True,reservable,148,True,True,False,True,True,99,False,https://www.recreation.gov/camping/campgrounds/232549,
232552,Clear Lake,TX,USACE,Lavon Lake,33.055278,-96.481944,True,reservable,24,True,True,True,True,False,98,False,https://www.recreation.gov/camping/campgrounds/232552,
232553,Clear Springs,TX,USACE,Wright Patman Lake,33.358333,-94.191667,True,reservable,115,True,True,True,True,True,85,False,https://www.recreation.gov/camping/campgrounds/232553,
232555,Coneross Park,SC,USACE,Hartwell Lake,34.591111,-82.897222,True,reservable,106,True,True,True,True,True,60,False,https://www.recreation.gov/camping/campgrounds/232555,
232557,Copperas Creek,TX,USACE,Proctor Lake,31.966667,-98.504167,True,reservable,69,True,True,True,True,False,150,False,https://www.recreation.gov/camping/campgrounds/232557,
232558,Cossatot Reefs,AR,USACE,Gillham Lake,34.206742,-94.231317,True,reservable,31,True,True,False,False,False,68,False,https://www.recreation.gov/camping/campgrounds/232558,
232559,Cotton Hill,GA,USACE,Walter F. George Lake,31.674444,-85.064167,True,reservable,102,True,True,True,True,True,45,False,https://www.recreation.gov/camping/campgrounds/232559,
232560,Cranfield Park,AR,USACE,Norfork Lake,36.404722,-92.320833,True,reservable,71,True,True,False,True,True,60,False,https://www.recreation.gov/camping/campgrounds/232560,
232561,Crescent,SC,USACE,Hartwell Lake,34.381111,-82.816389,True,reservable,4,True,True,False,True,True,40,False,https://www.recreation.gov/camping/campgrounds/232561,
232562,Cricket Creek,AR,USACE,Table Rock Lake,36.483056,-93.300278,True,reservable,37,True,True,True,True,True,80,False,https://www.recreation.gov/camping/campgrounds/232562,
232563,Cumberland Point Campground,KY,USACE,Lake Cumberland,36.965556,-84.842222,True,reservable,31,True,True,False,True,True,68,False,https://www.recreation.gov/camping/campgrounds/232563,
232564,Dale Hollow Damsite,TN,USACE,Dale Hollow Lake,36.537778,-85.456944,True,reservable,80,True,True,False,True,True,99,False,https://www.recreation.gov/camping/campgrounds/232564,
232565,Dam - Quarry,AR,USACE,Norfork Lake,36.258333,-92.240556,True,reservable,71,True,True,False,True,True,64,False,https://www.recreation.gov/camping/campgrounds/232565,
232566,Buckhorn Campground,KY,USACE,Buckhorn Lake,37.350833,-83.472778,True,reservable,38,True,True,True,True,True,55,False,https://www.recreation.gov/camping/campgrounds/232566,
232567,Dam Site(Greers Ferry),AR,USACE,Greers Ferry Lake,35.521944,-91.997500,True,reservable,243,True,True,False,True,True,99,False,https://www.recreation.gov/camping/campgrounds/232567,
232568,Isaac Creek,AL,USACE,Alabama River Lakes,31.622222,-87.550278,True,reservable,60,True,True,False,True,True,85,False,https://www.recreation.gov/camping/campgrounds/232568,
232569,Foscue Creek,AL,USACE,Black Warrior and Tombigbee Lakes,32.515556,-87.869444,True,reservable,58,True,True,True,True,True,153,False,https://www.recreation.gov/camping/campgrounds/232569,
232570,Dana Peak,TX,USACE,Stillhouse Hollow Lake,31.028630,-97.605584,True,reservable,34,True,True,False,True,True,91,False,https://www.recreation.gov/camping/campgrounds/232570,
232571,Deerlick Creek,AL,USACE,Black Warrior and Tombigbee Lakes,33.259444,-87.430278,True,reservable,47,True,True,True,True,True,175,False,https://www.recreation.gov/camping/campgrounds/232571,
232572,Defeated Creek Park,TN,USACE,Cordell Hull Lake,36.299722,-85.908889,True,reservable,158,True,True,True,True,True,99,False,https://www.recreation.gov/camping/campgrounds/232572,
232573,Devils Fork,AR,USACE,Greers Ferry Lake,35.588056,-92.185278,True,reservable,57,True,True,False,True,True,77,False,https://www.recreation.gov/camping/campgrounds/232573,
232574,Dewayne Hayes,MS,USACE,Tennessee-Tombigbee Waterway,33.600278,-88.471389,True,reservable,110,True,True,True,True,True,120,False,https://www.recreation.gov/camping/campgrounds/232574,
232575,Doll Mountain Campground,GA,USACE,Carters Lake,34.613333,-84.623889,True,reservable,68,True,True,True,True,True,55,False,https://www.recreation.gov/camping/campgrounds/232575,
232578,Duckett Mill,GA,USACE,Lake Sidney Lanier,34.307061,-83.931668,True,reservable,111,True,True,False,True,False,75,False,https://www.recreation.gov/camping/campgrounds/232578,
232580,Eastbank,GA,USACE,Lake Seminole,30.718056,-84.851111,True,reservable,64,True,True,False,True,False,69,False,https://www.recreation.gov/camping/campgrounds/232580,
232581,Eagle Rock,MO,USACE,Table Rock Lake,36.527222,-93.730000,True,reservable,51,True,True,False,True,True,70,False,https://www.recreation.gov/camping/campgrounds/232581,
232582,Millers Ferry Campground,AL,USACE,Alabama River Lakes,32.115833,-87.389722,True,reservable,67,True,True,False,True,True,100,False,https://www.recreation.gov/camping/campgrounds/232582,
232583,East Fork,TX,USACE,Lavon Lake,33.038889,-96.510278,True,reservable,74,True,True,False,True,False,60,False,https://www.recreation.gov/camping/campgrounds/232583,
232585,Eureka,KY,USACE,Barkley Lake,37.025139,-88.194011,True,reservable,27,True,True,False,True,True,68,False,https://www.recreation.gov/camping/campgrounds/232585,
232587,Fishing Creek Campground,KY,USACE,Lake Cumberland,37.071389,-84.689167,True,reservable,46,True,True,False,True,True,87,False,https://www.recreation.gov/camping/campgrounds/232587,
232588,Flatrock (Texas),TX,USACE,Hords Creek Lake,31.826111,-99.565833,True,reservable,64,True,True,True,True,True,100,False,https://www.recreation.gov/camping/campgrounds/232588,
232589,Floating Mill Park,TN,USACE,Center Hill Lake,36.044886,-85.763469,True,reservable,101,True,True,True,True,True,48,False,https://www.recreation.gov/camping/campgrounds/232589,
232590,Forkland,AL,USACE,Black Warrior and Tombigbee Lakes,32.626389,-87.883056,True,reservable,43,True,True,False,True,True,107,False,https://www.recreation.gov/camping/campgrounds/232590,
232591,Gamaliel,AR,USACE,Norfork Lake,36.421111,-92.222222,True,reservable,64,True,True,False,True,True,40,False,https://www.recreation.gov/camping/campgrounds/232591,
232593,Gunter Hill,AL,USACE,Alabama River Lakes,32.366667,-86.466667,True,reservable,142,True,True,True,True,True,138,False,https://www.recreation.gov/camping/campgrounds/232593,
232594,Hanks Creek,TX,USACE,Sam Rayburn Reservoir,31.271944,-94.403056,True,reservable,57,True,True,False,True,True,147,False,https://www.recreation.gov/camping/campgrounds/232594,
232595,Hardridge Creek,AL,USACE,Walter F. George Lake,31.640556,-85.102222,True,reservable,74,True,True,True,True,True,40,False,https://www.recreation.gov/camping/campgrounds/232595,
232596,Hawe Creek,SC,USACE,J. Strom Thurmond Lake,33.836111,-82.338611,True,reservable,34,True,True,False,True,False,45,False,https://www.recreation.gov/camping/campgrounds/232596,
232597,Heber Springs,AR,USACE,Greers Ferry Lake,35.503889,-92.066389,True,reservable,134,True,True,False,True,True,99,False,https://www.recreation.gov/camping/campgrounds/232597,
232598,Henderson Park,AR,USACE,Norfork Lake,36.376592,-92.232658,True,reservable,36,True,True,False,True,True,50,False,https://www.recreation.gov/camping/campgrounds/232598,
232600,Hickory Creek,TX,USACE,Lewisville Lake,33.103889,-97.043333,True,reservable,134,True,True,False,True,True,110,False,https://www.recreation.gov/camping/campgrounds/232600,
232601,Hickory Creek Park,AR,USACE,Beaver Lake,36.242778,-94.037500,True,reservable,63,True,True,False,True,True,92,False,https://www.recreation.gov/camping/campgrounds/232601,
232602,High View,TX,USACE,Bardwell Lake,32.271389,-96.667778,True,reservable,51,True,True,False,True,True,80,False,https://www.recreation.gov/camping/campgrounds/232602,
232603,Highway 125 Park Bull Shoals,AR,USACE,Bull Shoals Lake,36.489722,-92.772778,True,reservable,38,True,True,False,True,True,50,False,https://www.recreation.gov/camping/campgrounds/232603,
232604,Highway K,MO,USACE,Clearwater Lake,37.324167,-90.766667,True,reservable,84,True,True,False,True,True,96,False,https://www.recreation.gov/camping/campgrounds/232604,
232605,Hill Creek,AR,USACE,Greers Ferry Lake,35.610833,-92.149167,True,reservable,42,True,True,False,True,True,75,False,https://www.recreation.gov/camping/campgrounds/232605,
232606,Holiday (Georgia),GA,USACE,West Point Lake,33.026111,-85.178889,True,reservable,131,True,True,False,True,True,83,False,https://www.recreation.gov/camping/campgrounds/232606,
232607,Holiday (Texas),TX,USACE,Benbrook Lake,32.618333,-97.497500,True,reservable,105,True,True,False,True,True,200,False,https://www.recreation.gov/camping/campgrounds/232607,
232608,Horseshoe Bend,AR,USACE,Beaver Lake,36.286667,-94.019444,True,reservable,190,True,True,False,True,False,53,False,https://www.recreation.gov/camping/campgrounds/232608,
232609,Hurricane Creek,KY,USACE,Barkley Lake,36.920000,-87.975833,True,reservable,51,True,True,False,True,True,78,False,https://www.recreation.gov/camping/campgrounds/232609,
232610,Indian Point,MO,USACE,Table Rock Lake,36.631111,-93.347222,True,reservable,84,True,True,False,True,True,60,False,https://www.recreation.gov/camping/campgrounds/232610,
232611,Jefferson Ridge,AR,USACE,Dierks Lake,34.148230,-94.126670,True,reservable,87,True,True,False,True,True,124,False,https://www.recreation.gov/camping/campgrounds/232611,
232612,Jim Hogg Park,TX,USACE,Georgetown Lake,30.686571,-97.745550,True,reservable,148,True,True,False,True,True,55,False,https://www.recreation.gov/camping/campgrounds/232612,
232613,John F Kennedy,AR,USACE,Greers Ferry Lake,35.515939,-91.996469,True,reservable,70,True,True,False,True,True,80,False,https://www.recreation.gov/camping/campgrounds/232613,
232614,Johnson Creek Camp,TX,USACE,Lake O' The Pines,32.786972,-94.550669,True,reservable,87,True,True,False,True,True,70,False,https://www.recreation.gov/camping/campgrounds/232614,
232615,Kendall Campground,KY,USACE,Lake Cumberland,36.872086,-85.145743,True,reservable,120,True,True,True,True,True,99,False,https://www.recreation.gov/camping/campgrounds/232615,
232618,Lakeside,TX,USACE,Hords Creek Lake,31.846667,-99.579444,True,reservable,95,True,True,True,True,True,100,False,https://www.recreation.gov/camping/campgrounds/232618,
232619,Lakeview Park,AR,USACE,Bull Shoals Lake,36.376667,-92.546944,True,reservable,80,True,True,True,True,True,42,False,https://www.recreation.gov/camping/campgrounds/232619,
232620,Lavonia,TX,USACE,Lavon Lake,33.037778,-96.445556,True,reservable,52,True,True,True,True,False,65,False,https://www.recreation.gov/camping/campgrounds/232620,
232621,Lead Hill,AR,USACE,Bull Shoals Lake,36.474722,-92.921944,True,reservable,63,True,True,False,True,True,50,False,https://www.recreation.gov/camping/campgrounds/232621,
232622,Liberty Hill,TX,USACE,Navarro Mills Lake,31.946153,-96.716711,True,reservable,101,True,True,True,True,True,150,False,https://www.recreation.gov/camping/campgrounds/232622,
232623,Lillydale Campground And Day Use,TN,USACE,Dale Hollow Lake,36.604444,-85.302500,True,reservable,115,True,True,False,True,True,77,False,https://www.recreation.gov/camping/campgrounds/232623,
232625,Littcarr Campground,KY,USACE,Carr Creek Lake,37.237500,-82.949722,True,reservable,45,True,True,True,True,True,54,False,https://www.recreation.gov/camping/campgrounds/232625,
232626,Live Oak Ridge,TX,USACE,Belton Lake,31.116906,-97.473053,True,reservable,48,True,True,False,True,True,90,False,https://www.recreation.gov/camping/campgrounds/232626,
232627,Lock A,TN,USACE,Cheatham Lock and Dam,36.315833,-87.186944,True,reservable,45,True,True,False,True,False,40,False,https://www.recreation.gov/camping/campgrounds/232627,
232628,Lofers Bend East,TX,USACE,Whitney Lake,31.885278,-97.361111,True,reservable,67,True,True,False,True,False,45,False,https://www.recreation.gov/camping/campgrounds/232628,
232630,Long Branch,TN,USACE,Center Hill Lake,36.099252,-85.831802,True,reservable,61,True,True,True,True,True,156,False,https://www.recreation.gov/camping/campgrounds/232630,
232634,Lost Bridge North,AR,USACE,Beaver Lake,36.410833,-93.893333,True,reservable,49,True,True,False,True,True,68,False,https://www.recreation.gov/camping/campgrounds/232634,
232636,Magnolia Ridge,TX,USACE,Steinhagen Lake,30.866667,-94.237500,True,reservable,39,True,True,False,True,True,99,False,https://www.recreation.gov/camping/campgrounds/232636,
232637,Mccown Valley,TX,USACE,Whitney Lake,31.950000,-97.383056,True,reservable,106,True,True,False,True,False,50,False,https://www.recreation.gov/camping/campgrounds/232637,
232640,Merrisach Lake,AR,USACE,Arkansas River - Wilbur D. Mills Pool,34.030278,-91.266389,True,reservable,69,True,True,False,True,True,103,False,https://www.recreation.gov/camping/campgrounds/232640,
232641,Midway,TX,USACE,Waco Lake,31.525556,-97.225222,True,reservable,38,True,True,True,True,True,60,False,https://www.recreation.gov/camping/campgrounds/232641,
232642,Mill Creek (Texas),TX,USACE,Sam Rayburn Reservoir,31.151389,-94.006389,True,reservable,111,True,True,False,True,True,63,False,https://www.recreation.gov/camping/campgrounds/232642,
232643,Mill Creek (Missouri),MO,USACE,Table Rock Lake,36.593611,-93.441111,True,reservable,68,True,True,False,True,True,70,False,https://www.recreation.gov/camping/campgrounds/232643,
232645,Modoc,SC,USACE,J. Strom Thurmond Lake,33.719167,-82.224167,True,reservable,70,True,True,False,True,False,48,False,https://www.recreation.gov/camping/campgrounds/232645,
232646,Mott,TX,USACE,Bardwell Lake,32.254444,-96.666944,True,reservable,41,True,True,False,True,True,140,False,https://www.recreation.gov/camping/campgrounds/232646,
232648,Mustang,TX,USACE,Benbrook Lake,32.592778,-97.480000,True,reservable,101,True,False,False,False,False,,False,https://www.recreation.gov/camping/campgrounds/232648,
232649,Narrows,AR,USACE,Greers Ferry Lake,35.563889,-92.198056,True,reservable,61,True,True,False,True,True,99,False,https://www.recreation.gov/camping/campgrounds/232649,
232651,Oak,TX,USACE,Navarro Mills Lake,31.965306,-96.690297,True,reservable,49,True,True,True,True,True,110,False,https://www.recreation.gov/camping/campgrounds/232651,
232652,Oak Grove,AR,USACE,Dequeen Lake,34.096667,-94.394444,True,reservable,38,True,True,False,True,False,122,False,https://www.recreation.gov/camping/campgrounds/232652,
232654,Obey River Park,TN,USACE,Dale Hollow Lake,36.531356,-85.167636,True,reservable,133,True,True,False,True,True,91,False,https://www.recreation.gov/camping/campgrounds/232654,
232655,Oconee Point,SC,USACE,Hartwell Lake,34.601667,-82.870833,True,reservable,70,True,True,True,True,True,50,False,https://www.recreation.gov/camping/campgrounds/232655,
232656,Old Highway 86,MO,USACE,Table Rock Lake,36.559444,-93.319444,True,reservable,78,True,True,False,True,True,66,False,https://www.recreation.gov/camping/campgrounds/232656,
232657,Old Federal,GA,USACE,Lake Sidney Lanier,34.222222,-83.949444,True,reservable,84,True,True,False,True,False,160,False,https://www.recreation.gov/camping/campgrounds/232657,
232659,Old Highway 25,AR,USACE,Greers Ferry Lake,35.534167,-92.021944,True,reservable,120,True,True,False,True,True,89,False,https://www.recreation.gov/camping/campgrounds/232659,
232662,Old Post Road,AR,USACE,Dardanelle Lake,35.247222,-93.162500,True,reservable,47,True,True,False,True,True,83,False,https://www.recreation.gov/camping/campgrounds/232662,
232663,Outlet Area,AR,USACE,Blue Mountain Lake,35.100556,-93.652500,True,reservable,38,True,True,False,False,False,72,False,https://www.recreation.gov/camping/campgrounds/232663,
232665,Payne Campground-Allatoona Lake,GA,USACE,Allatoona Lake,34.120833,-84.579167,True,reservable,57,True,True,True,True,True,70,False,https://www.recreation.gov/camping/campgrounds/232665,
232667,Pendleton Bend,AR,USACE,Arkansas River - Wilbur D. Mills Pool,33.986944,-91.360833,True,reservable,32,True,True,False,True,True,115,False,https://www.recreation.gov/camping/campgrounds/232667,
232668,Petersburg,GA,USACE,J. Strom Thurmond Lake,33.661944,-82.260833,True,reservable,94,True,True,False,True,True,45,False,https://www.recreation.gov/camping/campgrounds/232668,
232669,Pickensville CG (Pickensville Al),AL,USACE,Tennessee-Tombigbee Waterway,33.226389,-88.276667,True,reservable,176,True,True,True,True,True,140,False,https://www.recreation.gov/camping/campgrounds/232669,
232670,Piedmont Park,MO,USACE,Clearwater Lake,37.142500,-90.770278,True,reservable,99,True,True,False,True,True,120,False,https://www.recreation.gov/camping/campgrounds/232670,
232671,Pine Ridge,AR,USACE,Dequeen Lake,34.097722,-94.415151,True,reservable,44,True,True,False,True,True,84,False,https://www.recreation.gov/camping/campgrounds/232671,
232672,Piney Bay,AR,USACE,Dardanelle Lake,35.399444,-93.314444,True,reservable,92,True,True,False,True,True,80,False,https://www.recreation.gov/camping/campgrounds/232672,
232673,Piney Grove,MS,USACE,Tennessee-Tombigbee Waterway,34.568889,-88.327222,True,reservable,141,True,True,False,True,False,80,False,https://www.recreation.gov/camping/campgrounds/232673,
232674,Piney Point,TX,USACE,Wright Patman Lake,33.298611,-94.168056,True,reservable,53,True,True,False,True,True,55,False,https://www.recreation.gov/camping/campgrounds/232674,
232676,Plowman Creek,TX,USACE,Whitney Lake,32.070000,-97.493333,True,reservable,44,True,True,False,True,False,50,False,https://www.recreation.gov/camping/campgrounds/232676,
232677,Poole Knobs,TN,USACE,J Percy Priest Lake,36.050833,-86.510278,True,reservable,78,True,True,False,True,True,40,False,https://www.recreation.gov/camping/campgrounds/232677,
232679,Prairie Creek,AL,USACE,Alabama River Lakes,32.337500,-86.769444,True,reservable,62,True,True,True,True,True,120,False,https://www.recreation.gov/camping/campgrounds/232679,
232680,Prairie Creek,AR,USACE,Beaver Lake,36.354722,-94.050556,True,reservable,114,True,True,False,True,True,37,False,https://www.recreation.gov/camping/campgrounds/232680,
232681,Promontory,TX,USACE,Proctor Lake,31.980000,-98.490000,True,reservable,77,True,True,False,True,True,140,False,https://www.recreation.gov/camping/campgrounds/232681,
232682,Quarry Cove,AR,USACE,Nimrod Lake,34.959072,-93.165046,True,reservable,32,True,True,False,True,True,80,False,https://www.recreation.gov/camping/campgrounds/232682,
232683,R Shaefer Heard,GA,USACE,West Point Lake,32.927222,-85.163889,True,reservable,117,True,True,False,True,True,100,False,https://www.recreation.gov/camping/campgrounds/232683,
232684,Ragland Bottom,TN,USACE,Center Hill Lake,35.977400,-85.720867,True,reservable,57,True,True,True,True,True,125,False,https://www.recreation.gov/camping/campgrounds/232684,
232685,Rayburn,TX,USACE,Sam Rayburn Reservoir,31.106667,-94.107222,True,reservable,27,True,True,False,True,True,99,False,https://www.recreation.gov/camping/campgrounds/232685,
232687,Ridge Road,GA,USACE,J. Strom Thurmond Lake,33.680000,-82.258611,True,reservable,69,True,True,False,True,False,50,False,https://www.recreation.gov/camping/campgrounds/232687,
232688,Rising Star,AR,USACE,Arkansas River - Pool 3,34.168889,-91.736667,True,reservable,25,True,True,False,True,True,97,False,https://www.recreation.gov/camping/campgrounds/232688,
232690,River Road,AR,USACE,Nimrod Lake,34.951617,-93.154227,True,reservable,22,True,True,False,True,True,78,False,https://www.recreation.gov/camping/campgrounds/232690,
232691,River Road Park,MO,USACE,Clearwater Lake,37.133611,-90.766944,True,reservable,116,True,True,False,True,True,120,False,https://www.recreation.gov/camping/campgrounds/232691,
232694,Robinson Point,AR,USACE,Norfork Lake,36.352778,-92.239444,True,reservable,98,True,True,False,True,True,60,False,https://www.recreation.gov/camping/campgrounds/232694,
232695,Rocky Creek (Somerville Lake),TX,USACE,Somerville Lake,30.298611,-96.568056,True,reservable,150,True,True,False,True,True,111,False,https://www.recreation.gov/camping/campgrounds/232695,
232696,Rocky Point,TX,USACE,Wright Patman Lake,33.286944,-94.165833,True,reservable,125,True,True,True,True,True,98,False,https://www.recreation.gov/camping/campgrounds/232696,
232697,Salt Lick Creek,TN,USACE,Cordell Hull Lake,36.322778,-85.808611,True,reservable,151,True,True,True,True,True,106,False,https://www.recreation.gov/camping/campgrounds/232697,
232698,San Augustine,TX,USACE,Sam Rayburn Reservoir,31.199167,-94.078889,True,reservable,101,True,True,False,True,True,104,False,https://www.recreation.gov/camping/campgrounds/232698,
232699,Sandy Creek,TX,USACE,Steinhagen Lake,30.808333,-94.158333,True,reservable,76,True,True,False,True,True,200,False,https://www.recreation.gov/camping/campgrounds/232699,
232700,Sawnee,GA,USACE,Lake Sidney Lanier,34.176260,-84.078754,True,reservable,60,True,True,False,True,True,85,False,https://www.recreation.gov/camping/campgrounds/232700,
232701,Service,AL,USACE,Black Warrior and Tombigbee Lakes,31.745000,-88.143056,True,reservable,32,True,True,False,True,False,101,False,https://www.recreation.gov/camping/campgrounds/232701,
232702,Seven Points,TN,USACE,J Percy Priest Lake,36.133056,-86.570278,True,reservable,61,True,True,False,True,True,70,False,https://www.recreation.gov/camping/campgrounds/232702,
232703,Shiloh,AR,USACE,Greers Ferry Lake,35.537500,-92.145833,True,reservable,119,True,True,False,True,True,84,False,https://www.recreation.gov/camping/campgrounds/232703,
232704,Shoal Bay,AR,USACE,Dardanelle Lake,35.310000,-93.430556,True,reservable,79,True,True,False,True,True,82,False,https://www.recreation.gov/camping/campgrounds/232704,
232707,Six Mile Creek,AL,USACE,Alabama River Lakes,32.324167,-87.015833,True,reservable,33,True,True,False,True,True,123,False,https://www.recreation.gov/camping/campgrounds/232707,
232708,Sowell Creek,TX,USACE,Proctor Lake,31.990000,-98.460000,True,reservable,62,True,True,True,True,False,175,False,https://www.recreation.gov/camping/campgrounds/232708,
232709,Reynolds Creek,TX,USACE,Waco Lake,31.581714,-97.267967,True,reservable,51,True,True,False,True,True,100,False,https://www.recreation.gov/camping/campgrounds/232709,
232710,Springhill,AR,USACE,John Paul Hammerschmidt Lake,35.341111,-94.296944,True,reservable,53,True,True,True,True,True,113,False,https://www.recreation.gov/camping/campgrounds/232710,
232711,Springfield,SC,USACE,Hartwell Lake,34.446389,-82.821667,True,reservable,79,True,True,True,True,True,60,False,https://www.recreation.gov/camping/campgrounds/232711,
232713,Sugar Loaf,AR,USACE,Greers Ferry Lake,35.545833,-92.272222,True,reservable,78,True,True,False,True,True,200,False,https://www.recreation.gov/camping/campgrounds/232713,
232714,Sunlight Bay,AR,USACE,Nimrod Lake,34.954722,-93.303889,True,reservable,30,True,True,False,True,True,72,False,https://www.recreation.gov/camping/campgrounds/232714,
232715,Sweetwater Campground,GA,USACE,Allatoona Lake,34.194444,-84.578889,True,reservable,151,True,True,True,True,False,78,False,https://www.recreation.gov/camping/campgrounds/232715,
232717,Tar Camp,AR,USACE,Arkansas River - Pool 5,34.449722,-92.112500,True,reservable,47,True,True,False,True,True,98,False,https://www.recreation.gov/camping/campgrounds/232717,
232718,Taylor,TX,USACE,Granger Lake,30.664167,-97.364444,True,reservable,48,True,True,False,True,True,50,False,https://www.recreation.gov/camping/campgrounds/232718,
232720,Theodosia Park,MO,USACE,Bull Shoals Lake,36.573333,-92.653611,True,reservable,28,True,True,False,True,True,46,False,https://www.recreation.gov/camping/campgrounds/232720,
232721,Toad Suck,AR,USACE,Arkansas River - Toad Suck Ferry Pool,35.073889,-92.544722,True,reservable,53,True,True,False,True,True,85,False,https://www.recreation.gov/camping/campgrounds/232721,
232722,Town Creek Campground - West Point - Ms,MS,USACE,Tennessee-Tombigbee Waterway,33.608333,-88.504167,True,reservable,110,True,True,True,True,True,120,False,https://www.recreation.gov/camping/campgrounds/232722,
232723,Tucker Hollow Park,AR,USACE,Bull Shoals Lake,36.476111,-93.006944,True,reservable,29,True,True,False,True,True,42,False,https://www.recreation.gov/camping/campgrounds/232723,
232725,Twiltley Branch,MS,USACE,Okatibbee Lake,32.495833,-88.809722,True,reservable,65,True,True,False,True,True,130,False,https://www.recreation.gov/camping/campgrounds/232725,
232726,Twin Dikes,TX,USACE,Sam Rayburn Reservoir,31.072500,-94.059444,True,reservable,48,True,True,True,True,True,156,False,https://www.recreation.gov/camping/campgrounds/232726,
232727,Twin Lakes,SC,USACE,Hartwell Lake,34.628056,-82.865556,True,reservable,100,True,True,True,True,True,62,False,https://www.recreation.gov/camping/campgrounds/232727,
232728,Union Grove,TX,USACE,Stillhouse Hollow Lake,31.010753,-97.620731,True,reservable,40,True,True,False,True,True,85,False,https://www.recreation.gov/camping/campgrounds/232728,
232730,Victoria Campground,GA,USACE,Allatoona Lake,34.151389,-84.619444,True,reservable,74,True,True,True,True,True,80,False,https://www.recreation.gov/camping/campgrounds/232730,
232732,Viola,MO,USACE,Table Rock Lake,36.561667,-93.594722,True,reservable,51,True,True,False,True,True,84,False,https://www.recreation.gov/camping/campgrounds/232732,
232733,Waitsboro Campground,KY,USACE,Lake Cumberland,37.003611,-84.623056,True,reservable,24,True,True,False,True,True,70,False,https://www.recreation.gov/camping/campgrounds/232733,
232735,Watsadler,GA,USACE,Hartwell Lake,34.343889,-82.841389,True,reservable,49,True,True,False,True,True,50,False,https://www.recreation.gov/camping/campgrounds/232735,
232736,Waveland Park,AR,USACE,Blue Mountain Lake,35.107500,-93.658056,True,reservable,52,True,True,False,False,True,70,False,https://www.recreation.gov/camping/campgrounds/232736,
232737,Waxahachie Ck,TX,USACE,Bardwell Lake,32.293056,-96.693889,True,reservable,60,True,True,False,True,True,60,False,https://www.recreation.gov/camping/campgrounds/232737,
232740,Westcliff,TX,USACE,Belton Lake,31.115042,-97.517636,True,reservable,31,True,True,False,True,True,70,False,https://www.recreation.gov/camping/campgrounds/232740,
232741,White Oak (Creek) Campground,AL,USACE,Walter F. George Lake,31.776122,-85.154156,True,reservable,129,True,True,False,True,True,40,False,https://www.recreation.gov/camping/campgrounds/232741,
232742,Whitetail Ridge,GA,USACE,West Point Lake,33.022222,-85.191667,True,reservable,58,True,True,False,True,True,75,False,https://www.recreation.gov/camping/campgrounds/232742,
232743,Whitten Park,MS,USACE,Tennessee-Tombigbee Waterway,34.289722,-88.415833,True,reservable,61,True,True,False,True,False,98,False,https://www.recreation.gov/camping/campgrounds/232743,
232744,Wilbur D. Mills,AR,USACE,Arkansas River - Wilbur D. Mills Pool,33.978889,-91.308611,True,reservable,21,True,True,False,True,True,60,False,https://www.recreation.gov/camping/campgrounds/232744,
232745,Willis Creek,TX,USACE,Granger Lake,30.695833,-97.401389,True,reservable,44,True,True,True,True,True,50,False,https://www.recreation.gov/camping/campgrounds/232745,
232746,Willow Beach,AR,USACE,Arkansas River - Terry Lock and Dam,34.699167,-92.137222,True,reservable,24,True,True,False,True,False,84,False,https://www.recreation.gov/camping/campgrounds/232746,
232747,Willow Grove Campground,TN,USACE,Dale Hollow Lake,36.587328,-85.342119,True,reservable,84,True,True,False,True,True,81,False,https://www.recreation.gov/camping/campgrounds/232747,
232748,Wilson H Fox,TX,USACE,Granger Lake,30.680064,-97.342269,True,reservable,50,True,True,False,True,True,50,False,https://www.recreation.gov/camping/campgrounds/232748,
232749,Winfield,GA,USACE,J. Strom Thurmond Lake,33.651944,-82.421944,True,reservable,80,True,True,False,True,False,65,False,https://www.recreation.gov/camping/campgrounds/232749,
232750,Wolf Creek,TX,USACE,Navarro Mills Lake,31.973736,-96.692589,True,reservable,73,True,True,False,True,True,110,False,https://www.recreation.gov/camping/campgrounds/232750,
232751,Woodring Campground,GA,USACE,Carters Lake,34.617916,-84.642242,True,reservable,43,True,True,False,True,True,40,False,https://www.recreation.gov/camping/campgrounds/232751,
232752,Yegua Creek,TX,USACE,Somerville Lake,30.302778,-96.544722,True,reservable,81,True,True,False,True,True,104,False,https://www.recreation.gov/camping/campgrounds/232752,
232753,Antlers,CA,FS,Shasta-Trinity National Forest,40.887500,-122.377500,True,reservable,60,False,False,False,True,False,55,False,https://www.recreation.gov/camping/campgrounds/232753,
232754,Dekkas Rock,CA,FS,Shasta-Trinity National Forest,40.874722,-122.237500,True,reservable,1,False,False,False,True,False,30,False,https://www.recreation.gov/camping/campgrounds/232754,
232755,Goose Meadows,CA,FS,Tahoe National Forest,39.257500,-120.209167,True,reservable,25,False,False,False,True,True,30,False,https://www.recreation.gov/camping/campgrounds/232755,
232756,Fir Top Campground,CA,FS,Tahoe National Forest,39.485556,-120.550278,True,reservable,12,False,False,False,True,True,45,False,https://www.recreation.gov/camping/campgrounds/232756,
232757,Findley Campground,CA,FS,Tahoe National Forest,39.484722,-120.553056,True,reservable,14,False,False,False,True,True,80,False,https://www.recreation.gov/camping/campgrounds/232757,
232758,Lakeshore East,CA,FS,Shasta-Trinity National Forest,40.871944,-122.388056,True,reservable,33,False,False,False,True,False,45,False,https://www.recreation.gov/camping/campgrounds/232758,
232759,Woodcamp Campground,CA,FS,Tahoe National Forest,39.485556,-120.547778,True,reservable,20,False,False,False,True,True,42,False,https://www.recreation.gov/camping/campgrounds/232759,
232760,Bailey Cove,CA,FS,Shasta-Trinity National Forest,40.801667,-122.281944,True,reservable,9,False,False,False,True,False,45,False,https://www.recreation.gov/camping/campgrounds/232760,
232761,Ellery Creek,CA,FS,Shasta-Trinity National Forest,40.915833,-122.240833,True,reservable,20,False,False,False,True,False,40,False,https://www.recreation.gov/camping/campgrounds/232761,
232762,Hirz Bay,CA,FS,Shasta-Trinity National Forest,40.866667,-122.253056,True,reservable,52,False,False,False,True,False,50,False,https://www.recreation.gov/camping/campgrounds/232762,
232763,Moore Creek,CA,FS,Shasta-Trinity National Forest,40.883889,-122.217778,True,reservable,14,False,False,False,True,False,40,False,https://www.recreation.gov/camping/campgrounds/232763,
232764,Nelson Point,CA,FS,Shasta-Trinity National Forest,40.848333,-122.345833,True,reservable,10,False,False,False,True,False,35,False,https://www.recreation.gov/camping/campgrounds/232764,
232765,Pine Point,CA,FS,Shasta-Trinity National Forest,40.927222,-122.248056,True,reservable,16,False,False,False,True,False,40,False,https://www.recreation.gov/camping/campgrounds/232765,
232766,Pass Creek Campground,CA,FS,Tahoe National Forest,39.504067,-120.534378,True,reservable,30,False,False,False,True,True,50,False,https://www.recreation.gov/camping/campgrounds/232766,
232767,East Meadow Campground,CA,FS,Tahoe National Forest,39.500833,-120.532500,True,reservable,44,False,False,False,True,True,48,False,https://www.recreation.gov/camping/campgrounds/232767,
232768,Nevada Beach Campground,NV,FS,Lake Tahoe Basin Management Unit,38.981464,-119.951540,True,reservable,54,False,False,False,True,True,60,False,https://www.recreation.gov/camping/campgrounds/232768,
232769,Fallen Leaf Campground,CA,FS,Lake Tahoe Basin Management Unit,38.926376,-120.046995,True,reservable,208,False,False,False,True,True,187,False,https://www.recreation.gov/camping/campgrounds/232769,
232770,Basin Montana Campground,MT,FS,Custer Gallatin National Forest,45.162500,-109.391667,True,reservable,30,False,False,False,True,True,45,False,https://www.recreation.gov/camping/campgrounds/232770,
232771,Greenough Lake,MT,FS,Custer Gallatin National Forest,45.056111,-109.412778,True,reservable,18,False,False,False,True,True,60,False,https://www.recreation.gov/camping/campgrounds/232771,
232772,Limber Pine,MT,FS,Custer Gallatin National Forest,45.058333,-109.412222,True,reservable,13,False,False,False,True,True,60,False,https://www.recreation.gov/camping/campgrounds/232772,
232773,Parkside,MT,FS,Custer Gallatin National Forest,45.061944,-109.408889,True,reservable,28,False,False,False,True,True,50,False,https://www.recreation.gov/camping/campgrounds/232773,
232774,Rattin Campground,MT,FS,Custer Gallatin National Forest,45.083056,-109.300000,True,reservable,7,False,False,False,True,True,30,False,https://www.recreation.gov/camping/campgrounds/232774,
232775,Sheridan,MT,FS,Custer Gallatin National Forest,45.100132,-109.308907,True,reservable,9,False,False,False,True,True,33,False,https://www.recreation.gov/camping/campgrounds/232775,
232777,Logger Flat Group,CA,FS,Sequoia National Forest,36.776003,-118.894600,True,reservable,1,False,False,False,False,True,30,False,https://www.recreation.gov/camping/campgrounds/232777,
232778,Whitefish Horse Camp,OR,FS,Deschutes National Forest,43.465556,-122.031389,True,reservable,17,False,False,False,True,True,50,False,https://www.recreation.gov/camping/campgrounds/232778,
232779,Simax Group Camp,OR,FS,Deschutes National Forest,43.494444,-121.961944,True,reservable,5,True,False,False,True,True,40,False,https://www.recreation.gov/camping/campgrounds/232779,
232780,Aspen Hollow Group,CA,FS,Sequoia National Forest,36.781225,-118.903799,True,reservable,1,False,False,False,True,True,35,False,https://www.recreation.gov/camping/campgrounds/232780,
232781,Hume Lake,CA,FS,Sequoia National Forest,36.795433,-118.907395,True,reservable,71,False,False,False,True,True,40,False,https://www.recreation.gov/camping/campgrounds/232781,
232782,Princess,CA,FS,Sequoia National Forest,36.802784,-118.938083,True,reservable,89,False,False,False,True,True,50,False,https://www.recreation.gov/camping/campgrounds/232782,
232783,Cove Group,CA,FS,Sequoia National Forest,36.665041,-118.838729,True,reservable,1,False,False,False,False,True,25,False,https://www.recreation.gov/camping/campgrounds/232783,
232784,Fir Group,CA,FS,Sequoia National Forest,36.664285,-118.842719,True,reservable,1,False,False,False,False,False,30,False,https://www.recreation.gov/camping/campgrounds/232784,
232785,Stony Creek Sequoia,CA,FS,Sequoia National Forest,36.665245,-118.832783,True,reservable,48,False,False,False,True,True,30,False,https://www.recreation.gov/camping/campgrounds/232785,
232786,French Gulch,CA,FS,Sequoia National Forest,35.657833,-118.480560,True,reservable,1,False,False,False,True,True,,False,https://www.recreation.gov/camping/campgrounds/232786,
232787,Blue Bay,OR,FS,Deschutes National Forest,44.420000,-121.731944,True,reservable,25,False,False,False,True,True,50,False,https://www.recreation.gov/camping/campgrounds/232787,
232788,Link Creek,OR,FS,Deschutes National Forest,44.415833,-121.755278,True,reservable,34,False,False,False,True,True,50,False,https://www.recreation.gov/camping/campgrounds/232788,
232789,Scout Lake,OR,FS,Deschutes National Forest,44.410950,-121.747278,True,reservable,10,False,False,False,True,True,40,False,https://www.recreation.gov/camping/campgrounds/232789,
232790,Live Oak,CA,FS,Sequoia National Forest,35.702152,-118.460662,False,first-come,1,False,False,False,True,False,30,False,,
232791,South Shore,OR,FS,Deschutes National Forest,44.419444,-121.738333,True,reservable,37,False,False,False,True,True,40,False,https://www.recreation.gov/camping/campgrounds/232791,
232792,Paradise Cove,CA,FS,Sequoia National Forest,35.649569,-118.427020,True,reservable,51,False,False,False,True,True,40,False,https://www.recreation.gov/camping/campgrounds/232792,
232793,Pioneer Point,CA,FS,Sequoia National Forest,35.650210,-118.486713,False,first-come,80,False,False,False,True,True,30,False,,
232794,Hungry Gulch,CA,FS,Sequoia National Forest,35.670944,-118.471121,True,reservable,81,False,False,False,True,True,30,False,https://www.recreation.gov/camping/campgrounds/232794,
232795,Boulder Gulch,CA,FS,Sequoia National Forest,35.671211,-118.470561,True,reservable,65,False,False,False,True,True,30,False,https://www.recreation.gov/camping/campgrounds/232795,
232796,Tillie Creek,CA,FS,Sequoia National Forest,35.701451,-118.459378,True,reservable,137,False,False,False,True,True,40,False,https://www.recreation.gov/camping/campgrounds/232796,
232797,Atkisson Group Camp,WA,FS,Gifford Pinchot National Forest,45.962500,-121.608889,True,reservable,1,False,False,False,True,True,99,False,https://www.recreation.gov/camping/campgrounds/232797,
232799,Moss Creek Campground,WA,FS,Gifford Pinchot National Forest,45.797778,-121.639167,True,reservable,17,False,False,False,True,True,40,False,https://www.recreation.gov/camping/campgrounds/232799,
232800,Oklahoma Campground,WA,FS,Gifford Pinchot National Forest,45.870000,-121.627222,True,reservable,14,False,False,False,True,True,40,False,https://www.recreation.gov/camping/campgrounds/232800,
232801,Spring Cove,CA,FS,Sierra National Forest,37.301819,-119.541463,True,reservable,62,False,False,False,True,True,42,False,https://www.recreation.gov/camping/campgrounds/232801,
232802,Lupine,CA,FS,Sierra National Forest,37.309503,-119.547201,True,reservable,51,False,False,False,True,False,40,False,https://www.recreation.gov/camping/campgrounds/232802,
232803,Jackass Meadow,CA,FS,Sierra National Forest,37.279161,-118.965697,True,reservable,40,False,False,False,True,True,46,False,https://www.recreation.gov/camping/campgrounds/232803,
232804,Mono Creek,CA,FS,Sierra National Forest,37.355428,-118.996790,True,reservable,13,False,False,False,True,True,40,False,https://www.recreation.gov/camping/campgrounds/232804,
232805,Mono Hot Springs,CA,FS,Sierra National Forest,37.326320,-119.018939,True,reservable,23,False,False,False,True,True,40,False,https://www.recreation.gov/camping/campgrounds/232805,
232806,Vermillion,CA,FS,Sierra National Forest,37.377661,-119.013861,True,reservable,31,False,False,False,True,True,50,False,https://www.recreation.gov/camping/campgrounds/232806,
232807,Wishon,CA,FS,Sequoia National Forest,36.190136,-118.664130,True,reservable,35,False,False,False,True,True,30,False,https://www.recreation.gov/camping/campgrounds/232807,
232808,Badger Flats Group,CA,FS,Sierra National Forest,37.271486,-119.118977,True,reservable,1,False,False,False,True,True,35,False,https://www.recreation.gov/camping/campgrounds/232808,
232809,Belknap,CA,FS,Sequoia National Forest,36.141696,-118.599674,True,reservable,15,False,False,False,True,True,20,False,https://www.recreation.gov/camping/campgrounds/232809,
232810,Upper Billy Creek CG,CA,FS,Sierra National Forest,37.238257,-119.227043,True,reservable,37,False,False,False,True,True,40,False,https://www.recreation.gov/camping/campgrounds/232810,
232811,Catavee,CA,FS,Sierra National Forest,37.252774,-119.178783,True,reservable,24,False,False,False,True,True,30,False,https://www.recreation.gov/camping/campgrounds/232811,
232812,College,CA,FS,Sierra National Forest,37.252510,-119.170252,True,reservable,10,False,False,False,True,True,39,False,https://www.recreation.gov/camping/campgrounds/232812,
232813,Deer Creek,CA,FS,Sierra National Forest,37.252462,-119.177384,True,reservable,28,False,False,False,True,True,40,False,https://www.recreation.gov/camping/campgrounds/232813,
232814,Kinnikinnick,CA,FS,Sierra National Forest,37.252852,-119.177922,True,reservable,27,False,False,False,True,True,40,False,https://www.recreation.gov/camping/campgrounds/232814,
232815,Rancheria,CA,FS,Sierra National Forest,37.253724,-119.160400,True,reservable,128,True,True,False,True,True,71,False,https://www.recreation.gov/camping/campgrounds/232815,
232816,Hospital Flat,CA,FS,Sequoia National Forest,35.828046,-118.458108,True,reservable,36,False,False,False,True,True,40,False,https://www.recreation.gov/camping/campgrounds/232816,
232817,Mammoth Pool,CA,FS,Sierra National Forest,37.344662,-119.333142,True,reservable,52,False,False,False,True,True,30,False,https://www.recreation.gov/camping/campgrounds/232817,
232818,Rock Creek,CA,FS,Sierra National Forest,37.291111,-119.359444,True,reservable,24,False,False,False,True,True,30,False,https://www.recreation.gov/camping/campgrounds/232818,
232819,Headquarters,CA,FS,Sequoia National Forest,35.796301,-118.450008,True,reservable,42,False,False,False,True,True,30,False,https://www.recreation.gov/camping/campgrounds/232819,
232820,Fish Creek,CA,FS,Sierra National Forest,37.261167,-119.356135,True,reservable,9,False,False,False,True,True,20,False,https://www.recreation.gov/camping/campgrounds/232820,
232821,Dorabelle Campground,CA,FS,Sierra National Forest,37.111666,-119.312350,True,reservable,65,False,False,False,True,True,,False,https://www.recreation.gov/camping/campgrounds/232821,
232822,Long Meadow Group,CA,FS,Sequoia National Forest,35.979450,-118.582024,True,reservable,1,False,False,False,True,True,20,False,https://www.recreation.gov/camping/campgrounds/232822,
232823,Holey Meadow,CA,FS,Sequoia National Forest,35.953496,-118.618569,True,reservable,9,False,False,False,True,True,20,False,https://www.recreation.gov/camping/campgrounds/232823,
232824,Big Cove,CA,FS,Plumas National Forest,39.901944,-120.172500,True,partly,67,False,False,False,True,False,95,False,https://www.recreation.gov/camping/campgrounds/232824,
232825,Redwood Meadow,CA,FS,Sequoia National Forest,35.977174,-118.593868,True,reservable,14,False,False,False,True,True,30,False,https://www.recreation.gov/camping/campgrounds/232825,
232826,Chilcoot,CA,FS,Plumas National Forest,39.865556,-120.166111,True,partly,40,False,False,False,True,False,40,False,https://www.recreation.gov/camping/campgrounds/232826,
232827,Quaking Aspen,CA,FS,Sequoia National Forest,36.121133,-118.543681,True,reservable,39,False,False,False,True,True,35,False,https://www.recreation.gov/camping/campgrounds/232827,
232828,Cottonwood,CA,FS,Plumas National Forest,39.884722,-120.236667,True,partly,26,False,False,False,True,False,67,False,https://www.recreation.gov/camping/campgrounds/232828,
232829,Spring Creek,CA,FS,Plumas National Forest,39.895833,-120.176389,True,reservable,56,False,False,False,True,True,,False,https://www.recreation.gov/camping/campgrounds/232829,
232830,Grasshopper Flat,CA,FS,Plumas National Forest,39.890556,-120.476944,True,partly,71,False,False,False,True,False,54,False,https://www.recreation.gov/camping/campgrounds/232830,
232831,Trillium,OR,FS,Mt. Hood National Forest,45.270695,-121.734511,True,partly,65,False,False,False,True,False,95,False,https://www.recreation.gov/camping/campgrounds/232831,
232832,Lightning Tree,CA,FS,Plumas National Forest,39.925456,-120.510494,True,partly,40,False,False,False,True,False,45,False,https://www.recreation.gov/camping/campgrounds/232832,
232833,Grizzly,CA,FS,Plumas National Forest,39.887222,-120.472500,True,partly,57,False,False,False,True,False,,False,https://www.recreation.gov/camping/campgrounds/232833,
232834,Riley Horse Campground,OR,FS,Mt. Hood National Forest,45.382545,-121.861533,True,reservable,14,False,False,False,True,False,35,False,https://www.recreation.gov/camping/campgrounds/232834,
232835,Still Creek,OR,FS,Mt. Hood National Forest,45.300445,-121.735172,True,reservable,27,False,False,False,True,False,30,False,https://www.recreation.gov/camping/campgrounds/232835,
232836,Tollgate,OR,FS,Mt. Hood National Forest,45.322123,-121.905572,True,reservable,15,False,False,False,True,False,40,False,https://www.recreation.gov/camping/campgrounds/232836,
232837,Camp Creek,OR,FS,Mt. Hood National Forest,45.305163,-121.867252,True,reservable,24,False,False,False,True,False,30,False,https://www.recreation.gov/camping/campgrounds/232837,
232838,Lost Creek,OR,FS,Mt. Hood National Forest,45.382076,-121.836551,True,reservable,15,False,False,False,True,True,40,False,https://www.recreation.gov/camping/campgrounds/232838,
232839,Fish Creek,OR,FS,Mt. Hood National Forest,45.160502,-122.151444,True,reservable,24,False,False,False,True,True,,False,https://www.recreation.gov/camping/campgrounds/232839,
232840,Riverside,OR,FS,Mt. Hood National Forest,45.057053,-122.052751,True,reservable,16,False,False,False,True,False,24,False,https://www.recreation.gov/camping/campgrounds/232840,
232841,Lazy Bend,OR,FS,Mt. Hood National Forest,45.190487,-122.207334,True,partly,22,False,False,False,True,False,23,False,https://www.recreation.gov/camping/campgrounds/232841,
232842,Lockaby,OR,FS,Mt. Hood National Forest,45.163541,-122.152031,True,reservable,30,False,False,False,True,False,26,False,https://www.recreation.gov/camping/campgrounds/232842,
232843,Armstrong,OR,FS,Mt. Hood National Forest,45.162987,-122.152048,True,reservable,11,False,False,False,True,False,26,False,https://www.recreation.gov/camping/campgrounds/232843,
232844,Ripplebrook,OR,FS,Mt. Hood National Forest,45.080028,-122.042821,True,reservable,14,False,False,False,True,False,34,False,https://www.recreation.gov/camping/campgrounds/232844,
232845,Rainbow,OR,FS,Mt. Hood National Forest,45.078932,-122.043110,True,reservable,17,False,False,False,True,False,,False,https://www.recreation.gov/camping/campgrounds/232845,
232846,Sunstrip,OR,FS,Mt. Hood National Forest,45.152287,-122.107149,True,reservable,8,False,False,False,True,False,,False,https://www.recreation.gov/camping/campgrounds/232846,
232847,Roaring River,OR,FS,Mt. Hood National Forest,45.157197,-122.114230,True,reservable,14,False,False,False,True,False,20,False,https://www.recreation.gov/camping/campgrounds/232847,
232848,Frog Lake,OR,FS,Mt. Hood National Forest,45.224166,-121.694361,True,reservable,32,False,False,False,True,False,26,False,https://www.recreation.gov/camping/campgrounds/232848,
232849,Clear Lake,OR,FS,Mt. Hood National Forest,45.179450,-121.696750,True,reservable,28,False,False,False,True,True,34,False,https://www.recreation.gov/camping/campgrounds/232849,
232850,Raab,OR,FS,Mt. Hood National Forest,45.025031,-122.067144,True,reservable,6,False,False,False,True,True,26,False,https://www.recreation.gov/camping/campgrounds/232850,
232851,Indian Henry,OR,FS,Mt. Hood National Forest,45.108807,-122.075848,True,partly,26,False,False,False,True,False,30,False,https://www.recreation.gov/camping/campgrounds/232851,
232852,North Fork Campground,WA,FS,Gifford Pinchot National Forest,46.450833,-121.787778,True,partly,20,False,False,False,True,True,40,False,https://www.recreation.gov/camping/campgrounds/232852,
232853,Iron Creek Campground,WA,FS,Gifford Pinchot National Forest,46.429722,-121.986944,True,partly,99,False,False,False,True,True,40,False,https://www.recreation.gov/camping/campgrounds/232853,
232854,Kingfisher,OR,FS,Mt. Hood National Forest,44.977266,-122.092535,True,reservable,23,False,False,False,True,False,35,False,https://www.recreation.gov/camping/campgrounds/232854,
232855,Tower Rock Campground,WA,FS,Gifford Pinchot National Forest,46.445000,-121.868056,True,partly,22,False,False,False,True,True,40,False,https://www.recreation.gov/camping/campgrounds/232855,
232856,Lake Harriet Campground,OR,FS,Mt. Hood National Forest,45.073611,-121.958611,True,partly,8,False,False,False,True,True,40,False,https://www.recreation.gov/camping/campgrounds/232856,
232857,Adams Fork Campground,WA,FS,Gifford Pinchot National Forest,46.338889,-121.646944,True,partly,24,False,False,False,True,True,42,False,https://www.recreation.gov/camping/campgrounds/232857,
232858,Logger Campground,CA,FS,Tahoe National Forest,39.464733,-120.121623,True,reservable,205,False,False,False,True,True,50,False,https://www.recreation.gov/camping/campgrounds/232858,
232859,Emigrant Group,CA,FS,Tahoe National Forest,39.470556,-120.116389,True,reservable,6,False,False,False,True,True,45,False,https://www.recreation.gov/camping/campgrounds/232859,
232860,Walupt Lake Campground,WA,FS,Gifford Pinchot National Forest,46.423056,-121.473611,True,partly,42,False,False,False,True,True,30,False,https://www.recreation.gov/camping/campgrounds/232860,
232861,Takhlakh Lake Campground,WA,FS,Gifford Pinchot National Forest,46.280833,-121.598611,True,partly,54,False,False,False,True,True,99,False,https://www.recreation.gov/camping/campgrounds/232861,
232862,Paradise Creek Campground,WA,FS,Gifford Pinchot National Forest,45.950000,-121.936667,True,reservable,42,False,False,False,True,True,40,False,https://www.recreation.gov/camping/campgrounds/232862,
232863,Joe Graham Horse Campground,OR,FS,Mt. Hood National Forest,45.101285,-121.747550,True,reservable,14,False,False,False,True,False,40,False,https://www.recreation.gov/camping/campgrounds/232863,
232864,Beaver Campground,WA,FS,Gifford Pinchot National Forest,45.856111,-121.956944,True,reservable,25,False,False,False,True,True,40,False,https://www.recreation.gov/camping/campgrounds/232864,
232865,Pine Point Campground,OR,FS,Mt. Hood National Forest,45.113333,-121.801667,True,partly,27,False,False,False,True,True,,False,https://www.recreation.gov/camping/campgrounds/232865,
232866,Gone Creek Campground,OR,FS,Mt. Hood National Forest,45.112778,-121.775556,True,partly,50,False,False,False,True,True,60,False,https://www.recreation.gov/camping/campgrounds/232866,
232867,Hoodview Campground,OR,FS,Mt. Hood National Forest,45.107778,-121.791667,True,partly,45,False,False,False,True,True,35,False,https://www.recreation.gov/camping/campgrounds/232867,
232868,Oak Fork Campground,OR,FS,Mt. Hood National Forest,45.115000,-121.770833,True,partly,50,False,False,False,True,True,60,False,https://www.recreation.gov/camping/campgrounds/232868,
232869,Cold Creek,CA,FS,Tahoe National Forest,39.542778,-120.314722,True,reservable,13,False,False,False,True,True,30,False,https://www.recreation.gov/camping/campgrounds/232869,
232870,Clackamas Lake,OR,FS,Mt. Hood National Forest,45.095598,-121.746535,True,partly,45,False,False,False,True,False,120,False,https://www.recreation.gov/camping/campgrounds/232870,
232871,Cottonwood Creek,CA,FS,Tahoe National Forest,39.549444,-120.316389,True,reservable,48,False,False,False,True,True,45,False,https://www.recreation.gov/camping/campgrounds/232871,
232872,Little Crater Lake,OR,FS,Mt. Hood National Forest,45.148354,-121.745550,True,reservable,15,False,False,False,True,False,26,False,https://www.recreation.gov/camping/campgrounds/232872,
232873,Rock Creek Campground,OR,FS,Mt. Hood National Forest,45.216939,-121.385283,True,partly,33,False,False,False,True,False,40,False,https://www.recreation.gov/camping/campgrounds/232873,
232874,William Kent Campground,CA,FS,Lake Tahoe Basin Management Unit,39.139629,-120.155411,True,reservable,81,False,False,False,True,True,57,False,https://www.recreation.gov/camping/campgrounds/232874,
232875,Kaspian Campground,CA,FS,Lake Tahoe Basin Management Unit,39.113747,-120.158660,True,reservable,9,False,False,False,True,True,,False,https://www.recreation.gov/camping/campgrounds/232875,
232877,Sweetwater,CA,FS,Sierra National Forest,37.365000,-119.352222,True,reservable,12,False,False,False,True,True,20,False,https://www.recreation.gov/camping/campgrounds/232877,
232878,Forks Campground (Sierra),CA,FS,Sierra National Forest,37.312674,-119.570030,True,reservable,27,False,False,False,True,False,40,False,https://www.recreation.gov/camping/campgrounds/232878,
232879,Texas Flats,CA,FS,Sierra National Forest,37.425452,-119.544476,True,reservable,4,False,False,False,False,True,20,False,https://www.recreation.gov/camping/campgrounds/232879,
232880,Kelty Meadow,CA,FS,Sierra National Forest,37.439994,-119.543717,True,reservable,18,False,False,False,True,True,30,False,https://www.recreation.gov/camping/campgrounds/232880,
232881,Soquel Campground,CA,FS,Sierra National Forest,37.407883,-119.563577,True,reservable,24,False,False,False,True,True,30,False,https://www.recreation.gov/camping/campgrounds/232881,
232882,Chilkoot,CA,FS,Sierra National Forest,37.367487,-119.537357,True,reservable,34,False,False,False,True,True,54,False,https://www.recreation.gov/camping/campgrounds/232882,
232883,Granite Flat (California),CA,FS,Tahoe National Forest,39.299167,-120.203611,True,reservable,75,False,False,False,True,True,65,False,https://www.recreation.gov/camping/campgrounds/232883,
232884,Silver Creek-Truckee,CA,FS,Tahoe National Forest,39.223264,-120.202597,True,reservable,36,False,False,False,True,True,30,False,https://www.recreation.gov/camping/campgrounds/232884,
232887,Shirttail Creek,CA,FS,Tahoe National Forest,39.141923,-120.786486,True,reservable,41,False,False,False,True,False,100,False,https://www.recreation.gov/camping/campgrounds/232887,
232888,Giant Gap,CA,FS,Tahoe National Forest,39.138889,-120.792222,True,reservable,30,False,False,False,True,False,60,False,https://www.recreation.gov/camping/campgrounds/232888,
232889,Camp Three Campground,CA,FS,Sequoia National Forest,35.809269,-118.453606,True,reservable,55,False,False,False,True,True,40,False,https://www.recreation.gov/camping/campgrounds/232889,
232890,Fairview Campground,CA,FS,Sequoia National Forest,35.928642,-118.490765,True,reservable,55,False,False,False,True,True,40,False,https://www.recreation.gov/camping/campgrounds/232890,
232891,Goldledge Campground,CA,FS,Sequoia National Forest,35.873904,-118.456501,True,reservable,37,False,False,False,True,True,30,False,https://www.recreation.gov/camping/campgrounds/232891,
232892,Indian Creek Campground,WA,FS,Okanogan-Wenatchee National Forest,46.645000,-121.242500,True,reservable,39,False,False,False,True,True,40,False,https://www.recreation.gov/camping/campgrounds/232892,
232893,Coy Flat,CA,FS,Sequoia National Forest,36.127579,-118.618891,True,reservable,19,False,False,False,True,True,26,False,https://www.recreation.gov/camping/campgrounds/232893,
232894,Packard Creek,OR,FS,Willamette National Forest,43.699722,-122.431667,True,partly,40,False,False,False,True,True,45,False,https://www.recreation.gov/camping/campgrounds/232894,
232895,Peterson Prairie Campground,WA,FS,Gifford Pinchot National Forest,45.969444,-121.660833,True,reservable,31,False,False,False,True,True,40,False,https://www.recreation.gov/camping/campgrounds/232895,
232896,North Fork Bear Group Camp,WA,FS,Gifford Pinchot National Forest,46.450833,-121.787778,True,reservable,1,False,False,False,True,True,35,False,https://www.recreation.gov/camping/campgrounds/232896,
232897,North Fork Beaver Group Camp,WA,FS,Gifford Pinchot National Forest,46.450833,-121.787778,True,reservable,1,False,False,False,True,True,30,False,https://www.recreation.gov/camping/campgrounds/232897,
232898,North Fork Elk Group Camp,WA,FS,Gifford Pinchot National Forest,46.452500,-121.788889,True,reservable,1,False,False,False,False,True,25,False,https://www.recreation.gov/camping/campgrounds/232898,
232899,Narrows Campground,WY,FS,Bridger-Teton National Forest,43.103056,-109.941111,True,reservable,35,False,False,False,True,True,30,False,https://www.recreation.gov/camping/campgrounds/232899,
232900,Ogden Group,OR,FS,Deschutes National Forest,43.728333,-121.423333,True,reservable,2,False,False,False,True,True,40,False,https://www.recreation.gov/camping/campgrounds/232900,
232901,Christie Campground,CA,FS,Lassen National Forest,40.566389,-120.838783,True,partly,69,False,False,False,True,True,65,False,https://www.recreation.gov/camping/campgrounds/232901,
232902,Merrill Campground,CA,FS,Lassen National Forest,40.548119,-120.812006,True,reservable,302,True,True,True,True,True,178,False,https://www.recreation.gov/camping/campgrounds/232902,
232903,Iron Ridge,OH,FS,Wayne National Forest,38.610754,-82.615067,True,partly,34,True,True,True,True,True,58,False,https://www.recreation.gov/camping/campgrounds/232903,
232904,Oak Hill,OH,FS,Wayne National Forest,38.618992,-82.633459,True,partly,32,True,True,True,True,True,64,False,https://www.recreation.gov/camping/campgrounds/232904,
232906,Lower Billy Creek,CA,FS,Sierra National Forest,37.237856,-119.228892,True,reservable,10,False,False,False,True,False,38,False,https://www.recreation.gov/camping/campgrounds/232906,
232907,Lower Little Truckee,CA,FS,Tahoe National Forest,39.485785,-120.237027,True,reservable,15,False,False,False,True,True,45,False,https://www.recreation.gov/camping/campgrounds/232907,
232908,Upper Little Truckee,CA,FS,Tahoe National Forest,39.491404,-120.244858,True,reservable,22,False,False,False,True,False,60,False,https://www.recreation.gov/camping/campgrounds/232908,
232909,Crane Valley,CA,FS,Sierra National Forest,37.333279,-119.586071,True,reservable,7,False,False,False,True,True,45,False,https://www.recreation.gov/camping/campgrounds/232909,
232910,Recreation Point,CA,FS,Sierra National Forest,37.328579,-119.579930,True,reservable,7,False,False,False,True,True,,False,https://www.recreation.gov/camping/campgrounds/232910,
232911,Wishon Bass Lake,CA,FS,Sierra National Forest,37.297464,-119.534606,True,reservable,47,False,False,False,True,False,24,False,https://www.recreation.gov/camping/campgrounds/232911,
232912,Cedar Bluff,CA,FS,Sierra National Forest,37.309554,-119.547104,True,reservable,22,False,False,False,True,False,50,False,https://www.recreation.gov/camping/campgrounds/232912,
232913,Lone Rock,CA,FS,Plumas National Forest,40.195278,-120.617222,True,reservable,87,False,False,False,True,True,53,False,https://www.recreation.gov/camping/campgrounds/232913,
232914,Long Point,CA,FS,Plumas National Forest,40.178333,-120.578333,True,reservable,36,False,False,False,True,True,88,False,https://www.recreation.gov/camping/campgrounds/232914,
232915,Boulder Creek,CA,FS,Plumas National Forest,40.183333,-120.611944,True,partly,44,False,False,False,True,True,51,False,https://www.recreation.gov/camping/campgrounds/232915,
232916,West Eagle Campground,CA,FS,Lassen National Forest,40.548611,-120.781389,True,reservable,2,False,False,False,True,True,40,False,https://www.recreation.gov/camping/campgrounds/232916,
232917,Bear Creek,TX,USACE,Benbrook Lake,32.599722,-97.500000,True,reservable,47,True,True,True,True,True,85,False,https://www.recreation.gov/camping/campgrounds/232917,
232918,Lower Fir Group Area,NM,FS,Lincoln National Forest,32.966944,-105.718889,True,reservable,1,False,False,False,True,True,35,False,https://www.recreation.gov/camping/campgrounds/232918,
233032,Goulding Lake Cabin,AK,FS,Tongass National Forest,57.815384,-136.161781,True,reservable,1,False,False,False,False,False,,False,https://www.recreation.gov/camping/campgrounds/233032,
233033,Kook Lake Cabin,AK,FS,Tongass National Forest,57.665194,-135.009361,True,reservable,1,False,False,False,False,False,,False,https://www.recreation.gov/camping/campgrounds/233033,
233034,Sitkoh Lake (East) Cabin,AK,FS,Tongass National Forest,57.513881,-135.052316,True,reservable,1,False,False,False,False,False,,False,https://www.recreation.gov/camping/campgrounds/233034,
233035,Sitkoh Lake (West) Cabin,AK,FS,Tongass National Forest,57.506262,-135.093921,True,reservable,1,False,False,False,False,False,,False,https://www.recreation.gov/camping/campgrounds/233035,
233036,Suloia Lake Cabin,AK,FS,Tongass National Forest,57.421111,-135.719433,True,reservable,1,False,False,False,False,False,,False,https://www.recreation.gov/camping/campgrounds/233036,
233037,Lake Eva Cabin,AK,FS,Tongass National Forest,57.403846,-135.106770,True,reservable,1,False,False,False,False,False,,False,https://www.recreation.gov/camping/campgrounds/233037,
233038,Shelikof Cabin,AK,FS,Tongass National Forest,57.164084,-135.744339,True,reservable,1,False,False,False,False,False,,False,https://www.recreation.gov/camping/campgrounds/233038,
233039,Brents Beach Cabin,AK,FS,Tongass National Forest,57.138289,-135.566139,True,reservable,1,False,False,False,False,False,,False,https://www.recreation.gov/camping/campgrounds/233039,
233040,Freds Creek Cabin,AK,FS,Tongass National Forest,57.066389,-135.607339,True,reservable,1,False,False,False,False,False,,False,https://www.recreation.gov/camping/campgrounds/233040,
233041,Baranof Lake Cabin,AK,FS,Tongass National Forest,57.068322,-134.897398,True,reservable,1,False,False,False,False,False,,False,https://www.recreation.gov/camping/campgrounds/233041,
233042,Avoss Lake Cabin,AK,FS,Tongass National Forest,56.703782,-134.926917,True,reservable,1,False,False,False,False,False,,False,https://www.recreation.gov/camping/campgrounds/233042,
233043,Davidof Lake Cabin,AK,FS,Tongass National Forest,56.620833,-134.840833,True,reservable,1,False,False,False,False,False,,False,https://www.recreation.gov/camping/campgrounds/233043,
233044,Plotnikof Lake Cabin,AK,FS,Tongass National Forest,56.588925,-134.860324,True,reservable,1,False,False,False,False,False,,False,https://www.recreation.gov/camping/campgrounds/233044,
233045,Samsing Cove Cabin,AK,FS,Tongass National Forest,56.980625,-135.352744,True,reservable,1,False,False,False,False,False,,False,https://www.recreation.gov/camping/campgrounds/233045,
233046,Sevenfathom Bay Cabin,AK,FS,Tongass National Forest,56.794444,-135.296667,True,reservable,1,False,False,False,False,False,,False,https://www.recreation.gov/camping/campgrounds/233046,
233047,Allan Point Cabin,AK,FS,Tongass National Forest,57.242778,-135.397778,True,reservable,1,False,False,False,False,False,,False,https://www.recreation.gov/camping/campgrounds/233047,
233048,Moser Island Cabin,AK,FS,Tongass National Forest,57.702274,-135.716522,True,reservable,1,False,False,False,False,False,,False,https://www.recreation.gov/camping/campgrounds/233048,
233049,Appleton Cove Cabin,AK,FS,Tongass National Forest,57.466944,-135.270000,True,reservable,1,False,False,False,False,False,,False,https://www.recreation.gov/camping/campgrounds/233049,
233050,North Beach Cabin,AK,FS,Tongass National Forest,57.170375,-135.755559,True,reservable,1,False,False,False,False,False,,False,https://www.recreation.gov/camping/campgrounds/233050,
233051,Piper Island Cabin,AK,FS,Tongass National Forest,57.391471,-135.597474,True,reservable,1,False,False,False,False,False,,False,https://www.recreation.gov/camping/campgrounds/233051,
233052,Kanga Bay Cabin,AK,FS,Tongass National Forest,56.878846,-135.342816,True,reservable,1,False,False,False,False,False,,False,https://www.recreation.gov/camping/campgrounds/233052,
233053,White Sulphur Springs Cabin,AK,FS,Tongass National Forest,57.805377,-136.343737,True,reservable,1,False,False,False,False,False,,False,https://www.recreation.gov/camping/campgrounds/233053,
233096,Hirz Bay Group 1,CA,FS,Shasta-Trinity National Forest,40.866667,-122.253056,True,reservable,1,False,False,False,True,False,40,False,https://www.recreation.gov/camping/campgrounds/233096,
233097,Hirz Bay Group 2,CA,FS,Shasta-Trinity National Forest,40.866667,-122.253056,True,reservable,1,False,False,False,True,False,40,False,https://www.recreation.gov/camping/campgrounds/233097,
233098,Maumelle,AR,USACE,Arkansas River - Murray Lock and Dam,34.829444,-92.431944,True,reservable,148,True,True,False,True,True,100,False,https://www.recreation.gov/camping/campgrounds/233098,
233099,Dam Site River,AR,USACE,Beaver Lake,36.421944,-93.845833,True,reservable,58,True,True,False,True,True,78,False,https://www.recreation.gov/camping/campgrounds/233099,
233100,Lost Bridge South,AR,USACE,Beaver Lake,36.397136,-93.904111,True,reservable,36,True,True,False,True,True,45,False,https://www.recreation.gov/camping/campgrounds/233100,
233101,Aspen Group (Inyo),CA,FS,Inyo National Forest,37.523611,-118.711944,True,reservable,1,False,False,False,True,True,30,False,https://www.recreation.gov/camping/campgrounds/233101,
233102,Robinson Creek South,CA,FS,Humboldt-Toiyabe National Forest Headquarters,38.186111,-119.317500,True,reservable,26,False,False,False,False,False,40,False,https://www.recreation.gov/camping/campgrounds/233102,
233103,Panther Creek Campground,WA,FS,Gifford Pinchot National Forest,45.819722,-121.879722,True,reservable,33,False,False,False,True,True,40,False,https://www.recreation.gov/camping/campgrounds/233103,
233105,Salmon Lake Cabin Sitka,AK,FS,Tongass National Forest,56.961190,-135.147950,True,reservable,1,False,False,False,False,False,,False,https://www.recreation.gov/camping/campgrounds/233105,
233108,Cove Creek Lower Group Camp,NC,FS,National Forests in North Carolina,35.299722,-82.816389,True,reservable,1,False,False,False,True,False,35,False,https://www.recreation.gov/camping/campgrounds/233108,
233109,White Pine South Group Camp,NC,FS,National Forests in North Carolina,35.291944,-82.738611,True,reservable,1,False,False,False,True,True,,False,https://www.recreation.gov/camping/campgrounds/233109,
233110,Tahkenitch Campground,OR,FS,Siuslaw National Forest,43.795806,-124.148957,True,reservable,30,False,False,False,False,True,50,False,https://www.recreation.gov/camping/campgrounds/233110,
233111,Tyee Campground - Oregon Dunes,OR,FS,Siuslaw National Forest,43.884544,-124.120384,True,reservable,15,False,False,False,False,True,20,False,https://www.recreation.gov/camping/campgrounds/233111,
233112,Eel Creek Campground,OR,FS,Siuslaw National Forest,43.588389,-124.186694,True,reservable,52,False,False,False,False,True,54,False,https://www.recreation.gov/camping/campgrounds/233112,
233113,Windy Group Camp,OR,FS,Deschutes National Forest,43.460833,-122.030278,True,reservable,1,False,False,False,True,True,,False,https://www.recreation.gov/camping/campgrounds/233113,
233114,Boardman Group Camp,WA,FS,Mt. Baker-Snoqualmie National Forest,48.069965,-121.676385,True,reservable,1,False,False,False,True,True,,False,https://www.recreation.gov/camping/campgrounds/233114,
233115,Union Creek Campground,OR,FS,Wallowa Whitman National Forest,44.414900,-118.010700,True,reservable,59,True,True,True,False,True,60,False,https://www.recreation.gov/camping/campgrounds/233115,
233116,Kirk Creek Campground,CA,FS,Los Padres National Forest,35.991667,-121.494167,True,reservable,32,False,False,False,True,False,56,False,https://www.recreation.gov/camping/campgrounds/233116,
233117,Cerro Alto Campground,CA,FS,Los Padres National Forest,35.427500,-120.738333,True,reservable,22,False,False,False,True,False,35,False,https://www.recreation.gov/camping/campgrounds/233117,
233118,Ponderosa Campground,CA,FS,Los Padres National Forest,36.005000,-121.376389,True,partly,23,False,False,False,True,False,40,False,https://www.recreation.gov/camping/campgrounds/233118,
233119,Tyler Bend Campground,AR,NPS,Buffalo National River,35.986667,-92.763889,True,reservable,44,False,False,False,True,True,,False,https://www.recreation.gov/camping/campgrounds/233119,https://www.nps.gov/buff/planyourvisit/tyler-bend-campground.htm
233120,Ozark Campground,AR,NPS,Buffalo National River,36.062131,-93.159722,True,reservable,32,False,False,False,True,True,25,False,https://www.recreation.gov/camping/campgrounds/233120,https://www.nps.gov/buff/planyourvisit/camping.htm
233122,Buck Lake Group Campground,FL,FS,National Forests in Florida,29.098056,-81.650556,True,reservable,1,False,False,False,True,False,40,False,https://www.recreation.gov/camping/campgrounds/233122,
233123,Maroon Bells Amphitheatre,CO,FS,White River National Forest,39.091667,-106.941667,True,reservable,1,False,False,False,False,False,,False,https://www.recreation.gov/camping/campgrounds/233123,
233125,Speegleville Park,TX,USACE,Waco Lake,31.552994,-97.242075,True,reservable,32,True,True,False,True,True,,False,https://www.recreation.gov/camping/campgrounds/233125,
233127,Winkler Park,TX,USACE,Belton Lake,31.251111,-97.473056,True,reservable,14,False,True,False,True,True,75,True,https://www.recreation.gov/camping/campgrounds/233127,
233130,Little Lasier Meadows Campground,CA,FS,Tahoe National Forest,39.490574,-120.515565,True,reservable,11,False,False,False,True,True,40,False,https://www.recreation.gov/camping/campgrounds/233130,
233131,Rainbow Point Campground,MT,FS,Custer Gallatin National Forest,44.779167,-111.180278,True,reservable,85,True,False,False,True,True,52,False,https://www.recreation.gov/camping/campgrounds/233131,
233134,South Pike Bay,MN,FS,Chippewa National Forest,47.328842,-94.579706,True,reservable,22,False,False,False,True,False,35,False,https://www.recreation.gov/camping/campgrounds/233134,
233135,Cobb Ridge,MO,FS,Mark Twain National Forest,36.894675,-93.099937,True,partly,49,True,False,False,True,True,,False,https://www.recreation.gov/camping/campgrounds/233135,
233136,Anthony Lake,OR,FS,Wallowa Whitman National Forest,44.963192,-118.233553,True,reservable,41,False,False,False,True,True,35,False,https://www.recreation.gov/camping/campgrounds/233136,
233137,Bellaire Lake Campground,CO,FS,Arapaho & Roosevelt National Forests Pawnee NG,40.765142,-105.611867,True,reservable,27,True,False,False,True,True,60,False,https://www.recreation.gov/camping/campgrounds/233137,
233138,Sherando Lake Group Camp,VA,FS,George Washington & Jefferson National Forest,37.929722,-78.979722,True,reservable,5,False,False,False,False,True,,False,https://www.recreation.gov/camping/campgrounds/233138,
233139,Cave Mountain Lake Group Camp,VA,FS,George Washington & Jefferson National Forest,37.575833,-79.534167,True,reservable,1,False,False,False,True,True,,False,https://www.recreation.gov/camping/campgrounds/233139,
233140,Cass Lake Loop,MN,FS,Chippewa National Forest,47.382222,-94.601667,True,reservable,13,False,False,False,True,True,,False,https://www.recreation.gov/camping/campgrounds/233140,
233141,Wanaki Loop,MN,FS,Chippewa National Forest,47.378611,-94.521389,True,reservable,42,False,False,False,True,False,70,False,https://www.recreation.gov/camping/campgrounds/233141,
233142,Boise Creek,CA,FS,Six Rivers National Forest,40.944722,-123.658333,True,partly,18,False,False,False,False,True,40,False,https://www.recreation.gov/camping/campgrounds/233142,
233144,Winnie Campground - USFS,MN,FS,Chippewa National Forest,47.425000,-94.316389,True,reservable,34,False,True,False,True,True,70,False,https://www.recreation.gov/camping/campgrounds/233144,
233145,Bimijiwan Recreation Area,MN,FS,Chippewa National Forest,47.451111,-94.483333,True,reservable,14,False,False,False,True,False,40,False,https://www.recreation.gov/camping/campgrounds/233145,
233146,Crescent Lake,MN,FS,Superior National Forest,47.836756,-90.773144,True,partly,34,False,False,False,True,True,45,False,https://www.recreation.gov/camping/campgrounds/233146,
233147,Sawbill Lake Campground,MN,FS,Superior National Forest,47.863056,-90.885278,True,partly,53,False,False,False,True,True,45,False,https://www.recreation.gov/camping/campgrounds/233147,
233148,Rosebud ATV,UT,FS,Fishlake National Forest,38.100556,-111.326111,True,reservable,4,False,False,False,True,True,83,False,https://www.recreation.gov/camping/campgrounds/233148,
233149,Lower Bowns,UT,FS,Fishlake National Forest,38.106372,-111.276836,True,reservable,5,False,False,False,True,True,99,False,https://www.recreation.gov/camping/campgrounds/233149,
233150,Tasha Equestrian,UT,FS,Fishlake National Forest,38.623611,-111.660833,True,reservable,10,False,False,False,True,True,99,False,https://www.recreation.gov/camping/campgrounds/233150,
233152,Joes Valley Pavilion Group Site A,UT,FS,Manti-La Sal National Forest,39.306389,-111.286944,True,reservable,2,False,False,False,True,True,45,False,https://www.recreation.gov/camping/campgrounds/233152,
233153,Eagleview Group Campground,OR,BLM,North Umpqua Wild and Scenic River ,43.497778,-123.493056,True,reservable,12,False,False,False,True,True,64,False,https://www.recreation.gov/camping/campgrounds/233153,
233154,Lone Pine Group Campground,OR,BLM,North Umpqua Wild and Scenic River ,43.383611,-122.946389,True,reservable,13,False,False,False,True,False,100,False,https://www.recreation.gov/camping/campgrounds/233154,
233161,Masterson Group Campground,CA,FS,Mendocino National Forest,39.737778,-122.847222,True,reservable,1,False,False,False,False,False,70,False,https://www.recreation.gov/camping/campgrounds/233161,
233162,Gray Pine Group Campground,CA,FS,Mendocino National Forest,39.357222,-122.653333,True,reservable,1,False,False,False,False,False,70,False,https://www.recreation.gov/camping/campgrounds/233162,
233164,Hopper Creek Group Camp,VA,FS,George Washington & Jefferson National Forest,37.560278,-79.508889,True,reservable,1,False,False,False,False,False,,False,https://www.recreation.gov/camping/campgrounds/233164,
233165,East Bearskin Lake Campground,MN,FS,Superior National Forest,48.036944,-90.393889,True,partly,32,False,False,False,True,True,30,False,https://www.recreation.gov/camping/campgrounds/233165,
233170,Kimball Bend Park,TX,USACE,Whitney Lake,32.123333,-97.498056,True,reservable,36,True,True,False,True,True,45,False,https://www.recreation.gov/camping/campgrounds/233170,
233172,Au Train Lake Campground,MI,FS,Hiawatha National Forest,46.391667,-86.838056,True,partly,34,False,False,False,True,True,60,False,https://www.recreation.gov/camping/campgrounds/233172,
233173,Bay Furnace Campground,MI,FS,Hiawatha National Forest,46.438333,-86.708333,True,partly,49,False,False,False,True,True,65,False,https://www.recreation.gov/camping/campgrounds/233173,
233174,Pete’S Lake Campground,MI,FS,Hiawatha National Forest,46.228189,-86.597000,True,partly,48,False,False,False,True,True,75,False,https://www.recreation.gov/camping/campgrounds/233174,
233176,Elizabeth Furnace Group Camp,VA,FS,George Washington & Jefferson National Forest,38.931667,-78.320833,True,reservable,2,False,False,False,True,True,,False,https://www.recreation.gov/camping/campgrounds/233176,
233180,Lewis,CA,FS,Tahoe National Forest,39.132125,-120.416891,True,reservable,40,False,False,False,True,False,45,False,https://www.recreation.gov/camping/campgrounds/233180,
233181,Beaver Creek Campground,MT,FS,Custer Gallatin National Forest,44.861389,-111.372778,True,reservable,64,False,False,False,True,True,56,False,https://www.recreation.gov/camping/campgrounds/233181,
233182,Sandy Flat,CA,FS,Sequoia National Forest,35.574714,-118.529933,True,reservable,32,False,False,False,True,True,50,False,https://www.recreation.gov/camping/campgrounds/233182,
233183,Pines Group Site,CA,BOR,Stony Gorge Reservoir,39.594167,-122.529444,True,reservable,1,False,False,False,True,False,,False,https://www.recreation.gov/camping/campgrounds/233183,
233185,Kenosha Pass Campground,CO,FS,Pike and San Isabel National Forests & Cimarron and Comanche National Grasslands,39.413056,-105.756667,True,reservable,25,False,False,False,True,True,55,False,https://www.recreation.gov/camping/campgrounds/233185,
233186,Hart-Tish Park At Applegate Lake,OR,FS,Rogue River-Siskiyou National Forest,42.054722,-123.114444,True,reservable,17,False,False,False,True,True,40,False,https://www.recreation.gov/camping/campgrounds/233186,
233187,Rocky Mountain National Park Aspenglen Campground,CO,NPS,Rocky Mountain National Park,40.400190,-105.592550,True,reservable,55,False,False,False,True,True,30,False,https://www.recreation.gov/camping/campgrounds/233187,
233189,Jumbo Campground,CO,FS,"Grand Mesa, Uncompahgre and Gunnison National Forest",39.053056,-108.093611,True,partly,26,True,False,False,True,False,45,False,https://www.recreation.gov/camping/campgrounds/233189,
233192,Cinder Hill Campground,OR,FS,Deschutes National Forest,43.736944,-121.200278,True,reservable,110,False,False,False,True,True,85,False,https://www.recreation.gov/camping/campgrounds/233192,
233193,Gull Point Campground,OR,FS,Deschutes National Forest,43.703342,-121.763192,True,reservable,80,False,False,False,True,True,40,False,https://www.recreation.gov/camping/campgrounds/233193,
233194,Chief Paulina Horse Camp,OR,FS,Deschutes National Forest,43.703611,-121.255000,True,reservable,14,False,False,False,True,True,50,False,https://www.recreation.gov/camping/campgrounds/233194,
233195,Trapper Creek Campground,OR,FS,Deschutes National Forest,43.582500,-122.045000,True,reservable,28,False,False,False,True,True,40,False,https://www.recreation.gov/camping/campgrounds/233195,
233196,Paulina Lake Campground,OR,FS,Deschutes National Forest,43.711944,-121.276111,True,reservable,67,False,False,False,True,True,90,False,https://www.recreation.gov/camping/campgrounds/233196,
233197,Smiling River Campground,OR,FS,Deschutes National Forest,44.493333,-121.640556,True,reservable,36,False,False,False,True,True,50,False,https://www.recreation.gov/camping/campgrounds/233197,
233198,Camp Sherman Campground,OR,FS,Deschutes National Forest,44.481944,-121.639167,True,reservable,15,False,False,False,True,True,40,False,https://www.recreation.gov/camping/campgrounds/233198,
233200,Boles Field Campground,TX,FS,National Forests and Grasslands in Texas,31.444167,-93.769722,True,partly,22,True,True,False,False,False,,False,https://www.recreation.gov/camping/campgrounds/233200,
233202,Lake Inez Point 6 (Group Camp Site),MT,FS,Lolo National Forest,47.291667,-113.564408,True,partly,4,False,False,False,True,True,20,False,https://www.recreation.gov/camping/campgrounds/233202,
233204,Lakeside Lolo Campground,MT,FS,Lolo National Forest,47.319361,-113.577342,True,reservable,8,False,False,False,True,True,58,False,https://www.recreation.gov/camping/campgrounds/233204,
233206,Happy Meadows,CO,FS,Pike and San Isabel National Forests & Cimarron and Comanche National Grasslands,39.037733,-105.607397,True,reservable,8,False,False,False,True,True,40,False,https://www.recreation.gov/camping/campgrounds/233206,
233207,Marion Lake Group Site,MI,FS,Ottawa National Forest,46.268056,-89.086389,True,reservable,1,False,False,False,False,True,,False,https://www.recreation.gov/camping/campgrounds/233207,
233209,Fox Creek Group Camp,OR,FS,Willamette National Forest,44.783200,-122.049700,True,reservable,1,False,False,False,True,False,40,False,https://www.recreation.gov/camping/campgrounds/233209,
233210,Council Lake Campsites,MI,FS,Hiawatha National Forest,46.241633,-86.647175,True,reservable,4,False,False,False,True,True,,False,https://www.recreation.gov/camping/campgrounds/233210,
233211,Cookson Lake Campsites,MI,FS,Hiawatha National Forest,46.195597,-86.561514,True,reservable,5,False,False,False,True,True,,False,https://www.recreation.gov/camping/campgrounds/233211,
233212,Ewing Point Campsite,MI,FS,Hiawatha National Forest,46.217881,-86.588739,True,reservable,1,False,False,False,True,True,,False,https://www.recreation.gov/camping/campgrounds/233212,
233214,Browne Lake Group Sites,UT,FS,Ashley National Forest,40.863333,-109.808333,True,partly,4,False,False,False,True,True,,False,https://www.recreation.gov/camping/campgrounds/233214,
233215,Little Lava Lake,OR,FS,Deschutes National Forest,43.910117,-121.761697,True,reservable,16,False,False,False,True,True,40,False,https://www.recreation.gov/camping/campgrounds/233215,
233217,Big River,OR,FS,Deschutes National Forest,43.818333,-121.498611,True,reservable,13,False,False,False,True,True,40,False,https://www.recreation.gov/camping/campgrounds/233217,
233218,Fir Cove Campground,CA,FS,Six Rivers National Forest,40.344167,-123.403056,True,reservable,14,False,False,False,True,True,45,False,https://www.recreation.gov/camping/campgrounds/233218,
233221,Calabasas,AZ,FS,Coronado National Forest,31.385000,-111.051944,True,reservable,1,False,False,False,True,False,22,False,https://www.recreation.gov/camping/campgrounds/233221,
233222,Peppersauce,AZ,FS,Coronado National Forest,32.538333,-110.716389,True,partly,1,False,False,False,True,False,22,False,https://www.recreation.gov/camping/campgrounds/233222,
233223,Molino,AZ,FS,Coronado National Forest,32.335000,-110.695833,True,reservable,1,False,False,False,True,True,22,False,https://www.recreation.gov/camping/campgrounds/233223,
233224,Reef Townsite Group Area,AZ,FS,Coronado National Forest,31.429167,-110.290556,True,reservable,1,False,False,False,True,True,,False,https://www.recreation.gov/camping/campgrounds/233224,
233225,Spring,OR,FS,Deschutes National Forest,43.461667,-122.016667,True,partly,62,False,False,False,True,True,40,False,https://www.recreation.gov/camping/campgrounds/233225,
233226,Rock Bluff Group Site,AZ,FS,Coronado National Forest,31.433889,-110.452778,True,reservable,1,False,False,False,True,True,,False,https://www.recreation.gov/camping/campgrounds/233226,
233227,Camp Rucker Group Site,AZ,FS,Coronado National Forest,31.753611,-109.358056,True,reservable,1,False,False,False,True,True,41,False,https://www.recreation.gov/camping/campgrounds/233227,
233228,Boy Scout,UT,FS,Uinta-Wasatch-Cache National Forest,40.491667,-112.578333,True,reservable,12,False,False,False,True,True,25,False,https://www.recreation.gov/camping/campgrounds/233228,
233230,Peace Valley Campground,ID,FS,Boise National Forest,44.353889,-115.782778,True,reservable,1,False,False,False,True,True,30,False,https://www.recreation.gov/camping/campgrounds/233230,
233233,Treasure Park - East,AZ,FS,Coronado National Forest,32.663611,-109.871111,True,reservable,1,False,False,False,True,True,40,False,https://www.recreation.gov/camping/campgrounds/233233,
233234,Treasure Park - North,AZ,FS,Coronado National Forest,32.663611,-109.871111,True,reservable,1,False,False,False,True,True,40,False,https://www.recreation.gov/camping/campgrounds/233234,
233235,Reversed Creek Campground,CA,FS,Inyo National Forest,37.771241,-119.083375,True,reservable,16,False,False,False,True,False,45,False,https://www.recreation.gov/camping/campgrounds/233235,
233236,Mud Lake Campground,OR,FS,Wallowa Whitman National Forest,44.964444,-118.231944,True,reservable,8,True,False,False,True,True,30,False,https://www.recreation.gov/camping/campgrounds/233236,
233238,Woodbine Campground,MT,FS,Custer Gallatin National Forest,45.352222,-109.896389,True,reservable,44,True,True,True,True,True,90,False,https://www.recreation.gov/camping/campgrounds/233238,
233246,Graham Creek Campground,CO,FS,San Juan National Forest,37.390278,-107.540000,True,reservable,24,False,False,False,True,True,60,False,https://www.recreation.gov/camping/campgrounds/233246,
233250,Cayton Campground,CO,FS,San Juan National Forest,37.771389,-107.977222,True,reservable,27,True,False,False,True,True,70,False,https://www.recreation.gov/camping/campgrounds/233250,
233251,West Dolores Campground,CO,FS,San Juan National Forest,37.659722,-108.276111,True,reservable,18,True,False,False,True,True,65,False,https://www.recreation.gov/camping/campgrounds/233251,
233253,Monument Campground,MI,FS,Huron-Manistee National Forests,44.433611,-83.618333,True,reservable,19,False,False,False,False,False,50,False,https://www.recreation.gov/camping/campgrounds/233253,
233254,Haviland Lake Campground,CO,FS,San Juan National Forest,37.534722,-107.805833,True,reservable,41,True,False,False,True,True,48,False,https://www.recreation.gov/camping/campgrounds/233254,
233255,Rollways Campground,MI,FS,Huron-Manistee National Forests,44.459444,-83.773611,True,reservable,19,False,False,False,True,False,55,False,https://www.recreation.gov/camping/campgrounds/233255,
233256,Camp 4 Group Campground,CA,FS,Shasta-Trinity National Forest,41.233889,-121.983889,True,reservable,1,False,False,False,True,False,30,False,https://www.recreation.gov/camping/campgrounds/233256,
233258,Riverside At Detroit,OR,FS,Willamette National Forest,44.642419,-121.945333,True,partly,39,False,False,False,True,True,95,False,https://www.recreation.gov/camping/campgrounds/233258,
233259,Cleator Bend,OR,FS,Willamette National Forest,44.777986,-121.999419,True,reservable,1,False,False,False,True,False,,False,https://www.recreation.gov/camping/campgrounds/233259,
233263,Bartoo Island Boat-In Campground,ID,FS,Idaho Panhandle National Forests,48.551111,-116.865556,True,reservable,25,False,False,False,True,True,,False,https://www.recreation.gov/camping/campgrounds/233263,
233264,Kalispell Island Boat-In Campground,ID,FS,Idaho Panhandle National Forests,48.563889,-116.893333,True,reservable,52,False,False,False,True,True,,False,https://www.recreation.gov/camping/campgrounds/233264,
233265,North Canyon Campground,CO,FS,San Juan National Forest,37.393889,-107.538889,True,reservable,21,False,False,False,True,True,45,False,https://www.recreation.gov/camping/campgrounds/233265,
233267,Beauty Creek Campground,ID,FS,Idaho Panhandle National Forests,47.606389,-116.668611,True,partly,20,False,False,False,True,True,44,False,https://www.recreation.gov/camping/campgrounds/233267,
233268,West Fork Campground,CO,FS,San Juan National Forest,37.444722,-106.903056,True,reservable,27,False,False,False,True,True,40,False,https://www.recreation.gov/camping/campgrounds/233268,
233269,East Fork Campground,CO,FS,San Juan National Forest,37.374167,-106.886667,True,reservable,25,False,False,False,True,True,40,False,https://www.recreation.gov/camping/campgrounds/233269,
233270,Mokins Bay Campground,ID,FS,Idaho Panhandle National Forests,47.784444,-116.665556,True,reservable,16,False,False,False,True,True,50,False,https://www.recreation.gov/camping/campgrounds/233270,
233277,Starkey Campground,AR,USACE,Beaver Lake,36.390000,-93.876933,True,reservable,24,True,True,True,True,True,29,False,https://www.recreation.gov/camping/campgrounds/233277,
233278,Indian Creek Campground,AR,USACE,Beaver Lake,36.418619,-93.888203,True,reservable,33,True,False,False,True,True,35,False,https://www.recreation.gov/camping/campgrounds/233278,
233279,War Eagle Campground,AR,USACE,Beaver Lake,36.218419,-94.015911,True,reservable,27,True,False,False,True,True,30,False,https://www.recreation.gov/camping/campgrounds/233279,
233280,Rocky Branch Campground,AR,USACE,Beaver Lake,36.334300,-93.933575,True,reservable,43,True,True,False,True,True,82,False,https://www.recreation.gov/camping/campgrounds/233280,
233281,Pine Point,CO,FS,San Juan National Forest,37.400278,-107.535000,True,reservable,30,False,False,False,True,True,45,False,https://www.recreation.gov/camping/campgrounds/233281,
233283,Pyramid Lake - Los Alamos Campground,CA,FS,Angeles National Forest,34.650000,-118.766667,True,reservable,96,False,True,True,True,True,35,False,https://www.recreation.gov/camping/campgrounds/233283,
233284,Cataloochee Campground,NC,NPS,Great Smoky Mountains National Park,35.631186,-83.085541,True,reservable,27,False,False,False,True,True,34,False,https://www.recreation.gov/camping/campgrounds/233284,https://www.nps.gov/grsm/planyourvisit/cataloochee-campground.htm
233285,Ponderosa Cove Campground,CA,FS,Eldorado National Forest,38.874167,-120.602778,True,reservable,1,False,False,False,True,True,45,False,https://www.recreation.gov/camping/campgrounds/233285,
233286,West Ashtabula Crossing,ND,USACE,Ashtabula Lake,47.105989,-98.010134,True,reservable,31,True,False,False,True,True,55,False,https://www.recreation.gov/camping/campgrounds/233286,
233288,North Fork Campground - St. Charles Canyon,ID,FS,Caribou-Targhee National Forest,42.096111,-111.533056,True,reservable,1,False,False,False,True,True,24,False,https://www.recreation.gov/camping/campgrounds/233288,
233290,Davis Canyon Campground,ID,FS,Caribou-Targhee National Forest,42.107314,-111.488922,True,reservable,1,False,False,False,True,True,30,False,https://www.recreation.gov/camping/campgrounds/233290,
233292,Clearwater Campground,WY,FS,Shoshone National Forest,44.462222,-109.668333,True,partly,12,False,False,False,False,False,30,False,https://www.recreation.gov/camping/campgrounds/233292,
233293,Threemile Campground,WY,FS,Shoshone National Forest,44.496111,-109.951111,True,reservable,21,False,False,False,True,True,75,False,https://www.recreation.gov/camping/campgrounds/233293,
233294,House Rock Campground,OR,FS,Willamette National Forest,44.393611,-122.243889,True,partly,17,False,False,False,True,True,65,False,https://www.recreation.gov/camping/campgrounds/233294,
233295,Trout Creek Campground - Willamette,OR,FS,Willamette National Forest,44.396940,-122.075560,True,partly,25,False,False,False,True,True,115,False,https://www.recreation.gov/camping/campgrounds/233295,
233297,Swift Creek Campground,WA,FS,Mt. Baker-Snoqualmie National Forest,48.729637,-121.658618,True,reservable,43,False,False,False,True,True,75,False,https://www.recreation.gov/camping/campgrounds/233297,
233300,Observatory Campground,CA,FS,Cleveland National Forest,33.341667,-116.878611,True,reservable,28,False,False,False,True,True,35,False,https://www.recreation.gov/camping/campgrounds/233300,
233301,Breitenbush Campground,OR,FS,Willamette National Forest,44.781400,-121.991489,True,partly,31,False,False,False,True,True,51,False,https://www.recreation.gov/camping/campgrounds/233301,
233303,Fry Creek Campground,CA,FS,Cleveland National Forest,33.345000,-116.880000,True,reservable,12,False,False,False,True,True,12,False,https://www.recreation.gov/camping/campgrounds/233303,
233306,Eagle Ridge Group Campground,AZ,FS,Prescott National Forest,34.510278,-112.387222,True,reservable,2,False,False,False,False,False,35,False,https://www.recreation.gov/camping/campgrounds/233306,
233308,Hurricane Campground,VA,FS,George Washington & Jefferson National Forest,36.722682,-81.488343,True,reservable,27,False,False,False,True,True,65,False,https://www.recreation.gov/camping/campgrounds/233308,
233309,Camp Gateway- Brooklyn Ny,NY,NPS,Gateway National Recreation Area,40.594889,-73.884165,True,reservable,54,False,False,False,False,True,50,False,https://www.recreation.gov/camping/campgrounds/233309,
233310,Mahaffey Point,OK,USACE,Hugo Lake,34.057500,-95.384722,True,reservable,4,False,False,False,True,True,,False,https://www.recreation.gov/camping/campgrounds/233310,
233312,Cedar Point Campground,NC,FS,National Forests in North Carolina,34.693056,-77.082222,True,partly,40,True,True,False,True,True,75,False,https://www.recreation.gov/camping/campgrounds/233312,
233313,Macks Creek Campground,ID,USACE,Lucky Peak Lake,43.610278,-115.938056,True,reservable,14,False,False,False,True,True,45,False,https://www.recreation.gov/camping/campgrounds/233313,
233314,Trimmer Campground,CA,USACE,Pine Flat Lake,36.904444,-119.293611,True,reservable,10,False,False,False,True,True,30,False,https://www.recreation.gov/camping/campgrounds/233314,
233318,Blanco River Group Campground,CO,FS,San Juan National Forest,37.145278,-106.883056,True,reservable,1,False,False,False,True,True,,False,https://www.recreation.gov/camping/campgrounds/233318,
233319,Beaver Dam Campground,LA,FS,Kisatchie National Forest,32.673611,-93.305556,True,reservable,30,True,True,False,True,True,114,False,https://www.recreation.gov/camping/campgrounds/233319,
233321,Adirondack Shelters,MD,NPS,Catoctin Mountain Park,39.644354,-77.486067,True,reservable,2,False,False,False,False,True,,False,https://www.recreation.gov/camping/campgrounds/233321,https://www.recreation.gov/camping/campgrounds/233321?q=Adirondack%20Shelters
233323,Spring Drive RV Campground,OR,FS,Mt. Hood National Forest,45.114494,-121.516829,True,reservable,8,True,True,True,True,True,50,False,https://www.recreation.gov/camping/campgrounds/233323,
233324,Rocky Knob Campground,VA,NPS,Blue Ridge Parkway,36.831389,-80.344444,True,partly,110,False,False,False,True,True,55,False,https://www.recreation.gov/camping/campgrounds/233324,https://www.nps.gov/blri/planyourvisit/rocky-knob-cg.htm
233327,Hopewell Lake Campground,NM,FS,Carson National Forest,36.704444,-106.235556,True,partly,33,False,False,False,True,True,45,False,https://www.recreation.gov/camping/campgrounds/233327,
233331,Lonesomehurst Campground,MT,FS,Custer Gallatin National Forest,44.735989,-111.231300,True,reservable,27,True,False,False,True,True,45,False,https://www.recreation.gov/camping/campgrounds/233331,
233334,Cabin Creek Campground,MT,FS,Custer Gallatin National Forest,44.871650,-111.344000,True,reservable,16,False,False,False,True,True,40,False,https://www.recreation.gov/camping/campgrounds/233334,
233335,Palisades Horse Camp,CO,FS,San Juan National Forest,37.546389,-107.196667,True,reservable,12,False,False,False,False,True,45,False,https://www.recreation.gov/camping/campgrounds/233335,
233339,Slide Creek,OR,FS,Willamette National Forest,44.074722,-122.224722,True,partly,15,False,False,False,True,False,90,False,https://www.recreation.gov/camping/campgrounds/233339,
233340,Delta,OR,FS,Willamette National Forest,44.163611,-122.281667,True,partly,38,False,False,False,True,False,60,False,https://www.recreation.gov/camping/campgrounds/233340,
233341,Mona,OR,FS,Willamette National Forest,44.201100,-122.262969,True,partly,22,False,False,False,True,True,70,False,https://www.recreation.gov/camping/campgrounds/233341,
233342,Peterson Bridge,MI,FS,Huron-Manistee National Forests,44.204167,-85.796111,True,reservable,31,False,False,False,True,False,64,False,https://www.recreation.gov/camping/campgrounds/233342,
233343,Cherry Hill Campground,SC,FS,Francis Marion and Sumter National Forests,34.941667,-83.087500,True,reservable,29,False,False,False,True,True,60,False,https://www.recreation.gov/camping/campgrounds/233343,
233344,Mary Smith Campground,CA,FS,Shasta-Trinity National Forest,40.926111,-122.915278,True,reservable,20,False,False,False,True,True,,False,https://www.recreation.gov/camping/campgrounds/233344,
233345,Alpine View Campground,CA,FS,Shasta-Trinity National Forest,40.887064,-122.765814,True,reservable,55,False,False,False,True,True,32,False,https://www.recreation.gov/camping/campgrounds/233345,
233346,Ackerman Campground,CA,FS,Shasta-Trinity National Forest,40.785556,-122.771667,True,reservable,52,False,False,False,True,True,40,False,https://www.recreation.gov/camping/campgrounds/233346,
233347,Minersville Campground,CA,FS,Shasta-Trinity National Forest,40.851667,-122.811389,True,reservable,14,True,False,False,True,True,36,False,https://www.recreation.gov/camping/campgrounds/233347,
233349,Edna Creek Campground,ID,FS,Boise National Forest,43.908611,-115.696389,True,partly,11,False,False,False,True,True,52,False,https://www.recreation.gov/camping/campgrounds/233349,
233350,Target Tree Campground,CO,FS,San Juan National Forest,37.340950,-108.187980,True,reservable,20,False,False,False,True,True,60,False,https://www.recreation.gov/camping/campgrounds/233350,
233351,Chinquapin Group Campground,OR,FS,Rogue River-Siskiyou National Forest,42.140330,-123.456603,True,reservable,1,False,False,False,True,True,,False,https://www.recreation.gov/camping/campgrounds/233351,
233352,Bad Bear Campground,ID,FS,Boise National Forest,43.908611,-115.696389,True,partly,6,False,False,False,True,True,40,False,https://www.recreation.gov/camping/campgrounds/233352,
233355,Boundary Creek Campground,ID,FS,Salmon-Challis National Forest,44.531389,-115.293056,True,partly,5,False,False,False,True,True,,False,https://www.recreation.gov/camping/campgrounds/233355,
233356,Butte Lake Stock Corral,CA,NPS,Lassen Volcanic National Park,40.565000,-121.305278,True,reservable,1,False,False,False,False,True,35,False,https://www.recreation.gov/camping/campgrounds/233356,
233357,Juniper Lake Stock Corral,CA,NPS,Lassen Volcanic National Park,40.451111,-121.295833,True,reservable,1,False,False,False,False,True,,False,https://www.recreation.gov/camping/campgrounds/233357,
233358,Summit Lake Stock Corral,CA,NPS,Lassen Volcanic National Park,40.494444,-121.417500,True,reservable,1,False,False,False,False,True,,False,https://www.recreation.gov/camping/campgrounds/233358,
233359,Point Reyes National Seashore Campground,CA,NPS,Point Reyes National Seashore,38.041210,-122.800354,True,reservable,73,False,False,False,False,True,,False,https://www.recreation.gov/camping/campgrounds/233359,
233360,Mcgregor Lake Campground,MT,FS,Kootenai National Forest,48.031944,-114.902222,True,partly,28,True,True,False,True,True,60,False,https://www.recreation.gov/camping/campgrounds/233360,
233361,Sulphur Campground,UT,FS,Uinta-Wasatch-Cache National Forest,40.788733,-110.884956,True,reservable,25,False,False,False,True,True,38,False,https://www.recreation.gov/camping/campgrounds/233361,
233363,Eshom Campground,CA,FS,Sequoia National Forest,36.690115,-118.948403,True,reservable,24,False,False,False,True,True,35,False,https://www.recreation.gov/camping/campgrounds/233363,
233364,North Waldo,OR,FS,Willamette National Forest,43.758056,-122.003889,True,partly,43,False,False,False,True,True,50,False,https://www.recreation.gov/camping/campgrounds/233364,
233366,Meadow Group Campground,CA,FS,Angeles National Forest,34.323889,-118.017778,True,reservable,2,False,False,False,True,False,30,False,https://www.recreation.gov/camping/campgrounds/233366,
233369,Doughton Park Campground,NC,NPS,Blue Ridge Parkway,36.428889,-81.154444,True,partly,135,False,False,False,True,True,88,False,https://www.recreation.gov/camping/campgrounds/233369,https://www.nps.gov/blri/planyourvisit/doughton-park-cg.htm
233371,Kents Lake Campground,UT,FS,Fishlake National Forest,38.236967,-112.459072,True,reservable,32,False,False,False,True,True,99,False,https://www.recreation.gov/camping/campgrounds/233371,
233372,Manzanita Lake Group Campground,CA,NPS,Lassen Volcanic National Park,40.529167,-121.563889,True,reservable,5,False,False,False,True,True,45,False,https://www.recreation.gov/camping/campgrounds/233372,
233375,Chewalla Lake Recreation Area,MS,FS,National Forests in Mississippi,34.732778,-89.339722,True,reservable,40,True,True,False,True,True,60,False,https://www.recreation.gov/camping/campgrounds/233375,
233379,Oak Ridge Campground,VA,NPS,Prince William Forest Park,38.601799,-77.414299,True,reservable,99,False,False,False,True,True,32,False,https://www.recreation.gov/camping/campgrounds/233379,https://www.nps.gov/prwi/planyourvisit/oakridge.htm
233381,Circle X Ranch Group Campground,CA,NPS,Santa Monica Mountains National Recreation Area,34.109722,-118.937222,True,reservable,1,False,True,False,True,False,,False,https://www.recreation.gov/camping/campgrounds/233381,
233383,Friendship Park,TX,USACE,Granger Lake,30.730000,-97.339722,True,reservable,1,True,False,False,True,True,,False,https://www.recreation.gov/camping/campgrounds/233383,
233384,Coho Campground,WA,FS,Olympic National Forest,47.390403,-123.604732,True,reservable,58,False,False,False,True,True,32,False,https://www.recreation.gov/camping/campgrounds/233384,
233385,Twin Lake Campground,UT,FS,Manti-La Sal National Forest,39.120833,-111.600556,True,partly,4,False,False,False,True,True,40,False,https://www.recreation.gov/camping/campgrounds/233385,
233387,Island Lake Campground,CO,FS,"Grand Mesa, Uncompahgre and Gunnison National Forest",39.031944,-108.010556,True,partly,32,True,False,True,True,True,140,False,https://www.recreation.gov/camping/campgrounds/233387,
233388,Fawn Lakes Campground,NM,FS,Carson National Forest,36.723333,-105.448333,True,reservable,19,False,False,False,True,True,45,False,https://www.recreation.gov/camping/campgrounds/233388,
233389,Cimarron Campground,NM,FS,Carson National Forest,36.770300,-105.205400,True,reservable,36,False,False,False,True,True,180,False,https://www.recreation.gov/camping/campgrounds/233389,
233390,San Antonio Campground,NM,FS,Santa Fe National Forest,35.886667,-106.646111,True,reservable,30,True,True,False,True,True,52,False,https://www.recreation.gov/camping/campgrounds/233390,
233391,Grandview Campground (Idaho),ID,FS,Caribou-Targhee National Forest,44.175000,-111.313889,True,reservable,8,True,False,False,True,True,65,False,https://www.recreation.gov/camping/campgrounds/233391,
233392,Point Supreme Campground,UT,NPS,Cedar Breaks National Monument,37.611523,-112.831561,True,reservable,25,False,False,False,True,True,40,False,https://www.recreation.gov/camping/campgrounds/233392,https://www.nps.gov/cebr/planyourvisit/psc.htm
233394,Ponderosa Group Campground,NM,NPS,Bandelier National Monument,35.832778,-106.356944,True,reservable,2,False,False,False,True,True,,False,https://www.recreation.gov/camping/campgrounds/233394,
233395,Juniper Campground,NM,NPS,Bandelier National Monument,35.796111,-106.279167,True,partly,56,False,False,False,True,True,50,False,https://www.recreation.gov/camping/campgrounds/233395,
233397,Cave Mountain Lake Family Camp,VA,FS,George Washington & Jefferson National Forest,37.575833,-79.534167,True,reservable,40,False,False,False,True,True,55,False,https://www.recreation.gov/camping/campgrounds/233397,
233398,Upper Hospital Flat Group Site,AZ,FS,Coronado National Forest,32.666944,-109.874444,True,reservable,1,False,False,False,True,True,40,True,https://www.recreation.gov/camping/campgrounds/233398,
233399,Stockton Pass,AZ,FS,Coronado National Forest,32.591667,-109.849444,True,partly,1,False,False,False,True,True,40,False,https://www.recreation.gov/camping/campgrounds/233399,
233400,Upper Arcadia,AZ,FS,Coronado National Forest,32.649444,-109.818611,True,reservable,2,False,False,False,True,True,40,False,https://www.recreation.gov/camping/campgrounds/233400,
233403,Peaks Of Otter Campground,VA,NPS,Blue Ridge Parkway,37.443147,-79.604714,True,partly,143,False,False,False,True,True,77,False,https://www.recreation.gov/camping/campgrounds/233403,https://www.nps.gov//blri/planyourvisit/peaks-otter-cg.htm
233404,Lake Mary Campground,CA,FS,Inyo National Forest,37.607321,-119.006422,True,reservable,48,False,False,False,True,True,21,False,https://www.recreation.gov/camping/campgrounds/233404,
233406,Ochoco Divide Group Site,OR,FS,Ochoco NF - FS,44.500575,-120.387186,True,reservable,1,False,False,False,True,True,,False,https://www.recreation.gov/camping/campgrounds/233406,
233408,Axtel,KY,USACE,Rough River Lake,37.622500,-86.453056,True,reservable,153,True,True,True,True,True,80,False,https://www.recreation.gov/camping/campgrounds/233408,
233409,North Fork,KY,USACE,Rough River Lake,37.629722,-86.436667,True,reservable,81,True,True,False,True,True,95,False,https://www.recreation.gov/camping/campgrounds/233409,
233410,Laurel Branch,KY,USACE,Rough River Lake,37.607500,-86.453611,True,reservable,62,True,True,False,True,True,82,False,https://www.recreation.gov/camping/campgrounds/233410,
233411,Cave Creek,KY,USACE,Rough River Lake,37.573333,-86.495278,True,reservable,64,True,True,False,True,True,125,False,https://www.recreation.gov/camping/campgrounds/233411,
233412,Acorn Valley,IA,USACE,Saylorville Lake,41.737778,-93.723611,True,reservable,91,True,True,False,True,True,82,False,https://www.recreation.gov/camping/campgrounds/233412,
233413,Whitebreast Camp,IA,USACE,Lake Red Rock,41.364167,-93.025000,True,reservable,132,True,False,False,True,True,65,False,https://www.recreation.gov/camping/campgrounds/233413,
233414,Codorniz Recreation Area Campground,CA,USACE,Eastman Lake,37.215833,-119.968611,True,reservable,68,True,True,True,True,True,75,False,https://www.recreation.gov/camping/campgrounds/233414,
233415,Alpine Ridge,AR,USACE,Degray Lake,34.258611,-93.228333,True,reservable,49,True,True,False,True,True,65,False,https://www.recreation.gov/camping/campgrounds/233415,
233417,Arlie Moore,AR,USACE,Degray Lake,34.271667,-93.204167,True,reservable,87,True,True,False,True,True,60,False,https://www.recreation.gov/camping/campgrounds/233417,
233418,Arrow Rock,KS,USACE,Melvern Lake,38.490853,-95.759517,True,reservable,43,True,True,False,True,True,78,False,https://www.recreation.gov/camping/campgrounds/233418,
233419,East Ashtabula Crossing,ND,USACE,Ashtabula Lake,47.157891,-98.004224,True,reservable,37,True,False,False,True,True,79,False,https://www.recreation.gov/camping/campgrounds/233419,
233420,Baileys Point,KY,USACE,Barren River Lake,36.890833,-86.095278,True,reservable,215,True,True,False,True,True,107,False,https://www.recreation.gov/camping/campgrounds/233420,
233421,Bandits Roost,NC,USACE,W. Kerr Scott Dam & Reservoir,36.121950,-81.250719,True,reservable,103,True,True,False,True,True,148,False,https://www.recreation.gov/camping/campgrounds/233421,
233422,Battle Run,WV,USACE,Summersville Lake,38.221667,-80.909722,True,reservable,117,True,False,False,False,False,90,False,https://www.recreation.gov/camping/campgrounds/233422,
233423,Bear Creek Cove,OK,USACE,Kaw Lake,36.839983,-96.910817,True,reservable,22,True,True,True,True,True,40,False,https://www.recreation.gov/camping/campgrounds/233423,
233424,Belle Starr,OK,USACE,Eufaula Lake,35.332579,-95.539691,True,reservable,113,True,True,False,True,False,60,False,https://www.recreation.gov/camping/campgrounds/233424,
233425,Berry Bend,MO,USACE,Harry S. Truman Lake,38.199722,-93.510000,True,reservable,95,True,True,True,True,True,75,False,https://www.recreation.gov/camping/campgrounds/233425,
233426,Big Bend,OK,USACE,Canton Lake,36.115971,-98.618913,True,reservable,116,True,True,False,True,True,48,False,https://www.recreation.gov/camping/campgrounds/233426,
233427,Blanding Landing,IL,USACE,Mississippi River - Pools 11-22,42.285833,-90.403333,True,reservable,38,True,False,False,True,True,40,False,https://www.recreation.gov/camping/campgrounds/233427,
233429,Blue Bill Point,OK,USACE,Fort Gibson Lake,36.043153,-95.336889,True,reservable,41,True,True,False,True,True,50,False,https://www.recreation.gov/camping/campgrounds/233429,
233430,Blue Creek,OK,USACE,Oologah Lake,36.452222,-95.592500,True,reservable,51,True,False,False,True,True,100,False,https://www.recreation.gov/camping/campgrounds/233430,
233431,Boat-In Sites,CA,USACE,Lake Sonoma,38.708333,-123.000000,True,reservable,108,False,False,False,True,False,,False,https://www.recreation.gov/camping/campgrounds/233431,
233432,Bob Shetler Recreation Area,IA,USACE,Saylorville Lake,41.701667,-93.685278,True,reservable,67,True,True,True,True,True,62,False,https://www.recreation.gov/camping/campgrounds/233432,
233433,Boulder Campground,IL,USACE,Carlyle Lake,38.694722,-89.233611,True,reservable,82,True,True,True,True,True,101,False,https://www.recreation.gov/camping/campgrounds/233433,
233434,Brady Mountain,AR,USACE,Lake Ouachita,34.582272,-93.265442,True,reservable,78,True,False,False,True,True,20,False,https://www.recreation.gov/camping/campgrounds/233434,
233435,Bridgeview,IA,USACE,Rathbun Lake,40.878611,-93.026667,True,reservable,104,True,False,False,True,True,58,False,https://www.recreation.gov/camping/campgrounds/233435,
233436,Brooken Cove,OK,USACE,Eufaula Lake,35.290278,-95.384444,True,reservable,75,True,True,False,True,False,75,False,https://www.recreation.gov/camping/campgrounds/233436,
233437,Bushay Recreation Area,CA,USACE,Mendocino Lake,39.235006,-123.165933,True,reservable,167,True,True,False,True,True,78,False,https://www.recreation.gov/camping/campgrounds/233437,
233438,Buck Creek,IA,USACE,Rathbun Lake,40.862778,-92.867778,True,reservable,42,True,False,False,True,True,,False,https://www.recreation.gov/camping/campgrounds/233438,
233439,Buckhorn,CA,USACE,Black Butte Lake,39.812097,-122.366839,True,reservable,93,False,False,False,True,True,150,False,https://www.recreation.gov/camping/campgrounds/233439,
233441,Bucksaw,MO,USACE,Harry S. Truman Lake,38.260000,-93.605556,True,reservable,148,True,True,True,True,True,83,False,https://www.recreation.gov/camping/campgrounds/233441,
233442,Buffalo Park,VA,USACE,John H. Kerr Dam and Reservoir,36.661944,-78.631389,True,reservable,22,True,True,False,True,True,40,False,https://www.recreation.gov/camping/campgrounds/233442,
233443,Bulltown Camp,WV,USACE,Burnsville Lake,38.791667,-80.566389,True,reservable,204,True,True,True,True,True,98,False,https://www.recreation.gov/camping/campgrounds/233443,
233444,Buncombe Creek,OK,USACE,Lake Texoma,33.896715,-96.810250,True,reservable,54,True,True,False,True,True,55,False,https://www.recreation.gov/camping/campgrounds/233444,
233445,Burns Run East,OK,USACE,Lake Texoma,33.851389,-96.574722,True,reservable,48,True,True,True,True,True,95,False,https://www.recreation.gov/camping/campgrounds/233445,
233446,Caddo Drive,AR,USACE,Degray Lake,34.261111,-93.187500,True,reservable,72,True,False,False,True,True,58,False,https://www.recreation.gov/camping/campgrounds/233446,
233447,Canadian,OK,USACE,Canton Lake,36.084999,-98.607900,True,reservable,131,True,True,False,True,True,77,False,https://www.recreation.gov/camping/campgrounds/233447,
233448,Caney Creek,OK,USACE,Lake Texoma,33.930155,-96.705810,True,reservable,53,True,True,False,True,True,80,False,https://www.recreation.gov/camping/campgrounds/233448,
233449,Canning Creek,KS,USACE,Council Grove Lake,38.692472,-96.537306,True,reservable,45,True,True,True,True,True,120,False,https://www.recreation.gov/camping/campgrounds/233449,
233450,Carbolyn Park,KS,USACE,Pomona Lake,38.675000,-95.679167,True,reservable,26,True,True,False,True,True,55,False,https://www.recreation.gov/camping/campgrounds/233450,
233451,Birch Cove,OK,USACE,Birch Lake,36.534444,-96.162222,True,reservable,98,True,True,False,True,True,132,False,https://www.recreation.gov/camping/campgrounds/233451,
233453,Cedar Ridge,MO,USACE,Stockton Lake,37.575556,-93.681389,True,reservable,57,True,False,False,True,True,60,False,https://www.recreation.gov/camping/campgrounds/233453,
233454,Charbonneau Park And Campground,WA,USACE,Lake Sacajawea,46.255556,-118.844722,True,reservable,54,True,True,True,True,True,142,False,https://www.recreation.gov/camping/campgrounds/233454,
233455,Cherry Glen Campground,IA,USACE,Saylorville Lake,41.731389,-93.680000,True,reservable,125,True,False,True,True,True,53,False,https://www.recreation.gov/camping/campgrounds/233455,
233456,Chickasaw Hill,MS,USACE,Enid Lake,34.163889,-89.822222,True,reservable,54,True,True,True,True,True,104,False,https://www.recreation.gov/camping/campgrounds/233456,
233457,Chicken Creek,OK,USACE,Tenkiller Ferry Lake,35.681667,-94.962778,True,reservable,103,True,True,False,True,False,146,False,https://www.recreation.gov/camping/campgrounds/233457,
233458,Chisholm Trail Ridge,OK,USACE,Waurika Lake,34.259167,-98.035000,True,reservable,95,True,True,False,False,False,60,False,https://www.recreation.gov/camping/campgrounds/233458,
233459,Clarks Ferry,IA,USACE,Mississippi River - Pools 11-22,41.466389,-90.809444,True,reservable,45,True,False,False,True,True,70,False,https://www.recreation.gov/camping/campgrounds/233459,
233460,Clear Creek,MS,USACE,Sardis Lake,34.426944,-89.709722,True,reservable,52,True,True,False,True,True,65,False,https://www.recreation.gov/camping/campgrounds/233460,
233461,Cochiti Campground,NM,USACE,Cochiti Lake,35.641667,-106.325000,True,reservable,80,True,True,False,True,False,50,False,https://www.recreation.gov/camping/campgrounds/233461,
233462,Coeur D'Alene,KS,USACE,Melvern Lake,38.497603,-95.717911,True,reservable,60,True,True,True,True,True,100,False,https://www.recreation.gov/camping/campgrounds/233462,
233463,Coles Creek Campground,IL,USACE,Carlyle Lake,38.656944,-89.260278,True,reservable,148,True,True,True,True,True,115,False,https://www.recreation.gov/camping/campgrounds/233463,
233464,Cookson Bend,OK,USACE,Tenkiller Ferry Lake,35.706667,-94.960000,True,reservable,134,True,True,False,True,False,160,False,https://www.recreation.gov/camping/campgrounds/233464,
233465,Coon Creek,IL,USACE,Lake Shelbyville,39.451389,-88.762500,True,reservable,185,True,True,True,True,True,99,False,https://www.recreation.gov/camping/campgrounds/233465,
233466,Coon Creek,OK,USACE,Kaw Lake,36.784917,-96.922967,True,reservable,57,True,True,False,True,True,55,False,https://www.recreation.gov/camping/campgrounds/233466,
233467,Cottonwood,SD,USACE,Lewis and Clark Lake,42.858611,-97.482500,True,reservable,77,True,False,False,True,True,125,False,https://www.recreation.gov/camping/campgrounds/233467,
233468,Cottonwood Point,KS,USACE,Marion Reservoir,38.388889,-97.088889,True,reservable,171,True,True,True,True,True,70,False,https://www.recreation.gov/camping/campgrounds/233468,
233469,Cowhide Cove,AR,USACE,Lake Greeson,34.174444,-93.668611,True,reservable,50,True,True,True,True,True,54,False,https://www.recreation.gov/camping/campgrounds/233469,
233471,Crabtree Cove,MO,USACE,Stockton Lake,37.669722,-93.753056,True,reservable,59,True,False,False,True,True,50,False,https://www.recreation.gov/camping/campgrounds/233471,
233472,Cross Lake Recreation Area,MN,USACE,Mississippi River Headwaters - Cross Lake,46.669722,-94.108333,True,reservable,122,True,True,True,True,True,87,False,https://www.recreation.gov/camping/campgrounds/233472,
233473,Crystal Springs,AR,USACE,Lake Ouachita,34.542507,-93.354369,True,reservable,75,True,True,True,True,True,20,False,https://www.recreation.gov/camping/campgrounds/233473,
233474,Curtis Creek,KS,USACE,Milford Lake,39.092778,-96.955000,True,reservable,71,True,True,False,True,False,80,False,https://www.recreation.gov/camping/campgrounds/233474,
233475,Dale Miller Youth,IL,USACE,Rend Lake,38.035278,-88.942500,True,reservable,1,True,False,False,True,True,99,False,https://www.recreation.gov/camping/campgrounds/233475,
233476,West Thompson Lake Campground,CT,USACE,West Thompson Lake,41.955623,-71.899092,True,reservable,24,True,True,False,True,True,40,False,https://www.recreation.gov/camping/campgrounds/233476,
233479,Ladybird Landing,OK,USACE,Eufaula Lake,35.294167,-95.367500,True,reservable,59,True,True,False,True,False,53,False,https://www.recreation.gov/camping/campgrounds/233479,
233480,Dam Site,OK,USACE,Fort Gibson Lake,35.867778,-95.233611,True,reservable,26,False,True,False,False,True,,False,https://www.recreation.gov/camping/campgrounds/233480,
233481,Dam Site,KS,USACE,John Redmond Reservoir,38.250000,-95.750000,True,reservable,24,True,True,False,True,True,,False,https://www.recreation.gov/camping/campgrounds/233481,
233483,Dam West Campground,IL,USACE,Carlyle Lake,38.627778,-89.358333,True,reservable,109,True,True,True,True,True,138,False,https://www.recreation.gov/camping/campgrounds/233483,
233485,Damsite,MO,USACE,Pomme De Terre Lake,37.904722,-93.307778,True,reservable,96,True,True,True,True,True,45,False,https://www.recreation.gov/camping/campgrounds/233485,
233486,Denby Point,AR,USACE,Lake Ouachita,34.545599,-93.489956,True,reservable,82,True,True,True,True,True,20,False,https://www.recreation.gov/camping/campgrounds/233486,
233487,Dent Acres,ID,USACE,Dworshak Reservoir,46.623611,-116.218333,True,reservable,52,True,True,True,True,True,35,False,https://www.recreation.gov/camping/campgrounds/233487,
233488,Dog Creek,KY,USACE,Nolin River Lake,37.320833,-86.129167,True,reservable,70,True,True,False,True,True,105,False,https://www.recreation.gov/camping/campgrounds/233488,
233489,Downstream,MT,USACE,Fort Peck Project,48.006718,-106.428098,True,reservable,94,True,True,True,True,True,90,False,https://www.recreation.gov/camping/campgrounds/233489,
233490,Downstream Campground,ND,USACE,Sakakawea Lake,47.482222,-101.426111,True,reservable,114,True,False,False,True,True,79,False,https://www.recreation.gov/camping/campgrounds/233490,
233492,Dub Patton Campground,MS,USACE,Arkabutla Lake,34.774444,-90.114722,True,reservable,63,True,True,False,True,True,54,False,https://www.recreation.gov/camping/campgrounds/233492,
233493,East Fork,WV,USACE,East Lynn Lake,38.093173,-82.319012,True,reservable,168,True,True,False,True,True,68,False,https://www.recreation.gov/camping/campgrounds/233493,
233494,Edgewood,AR,USACE,Degray Lake,34.255556,-93.185000,True,reservable,50,True,True,False,True,True,84,False,https://www.recreation.gov/camping/campgrounds/233494,
233495,Elk Creek Landing,OK,USACE,Tenkiller Ferry Lake,35.751389,-94.902500,True,reservable,43,True,True,False,True,False,84,False,https://www.recreation.gov/camping/campgrounds/233495,
233496,Forrest W. Bo Wood,IL,USACE,Lake Shelbyville,39.551389,-88.622222,True,reservable,141,True,True,True,True,True,150,False,https://www.recreation.gov/camping/campgrounds/233496,
233497,Fairview,OK,USACE,Canton Lake,36.145000,-98.599167,True,reservable,1,False,False,False,True,False,40,False,https://www.recreation.gov/camping/campgrounds/233497,
233498,Fishermans Corner,IL,USACE,Mississippi River - Pools 11-22,41.569722,-90.390000,True,reservable,56,True,False,False,True,True,70,False,https://www.recreation.gov/camping/campgrounds/233498,
233499,Fishhook Park,WA,USACE,Lake Sacajawea,46.315000,-118.766111,True,reservable,52,True,True,True,True,True,133,False,https://www.recreation.gov/camping/campgrounds/233499,
233500,Flat Rock Creek,OK,USACE,Fort Gibson Lake,36.045556,-95.326944,True,reservable,32,True,True,False,True,False,38,False,https://www.recreation.gov/camping/campgrounds/233500,
233501,Frank Russell,MO,USACE,Mark Twain Lake,39.535556,-91.647500,True,reservable,72,True,True,True,True,True,88,False,https://www.recreation.gov/camping/campgrounds/233501,
233502,Gentry Creek,OK,USACE,Eufaula Lake,35.500556,-95.664444,True,reservable,37,True,True,False,True,False,50,False,https://www.recreation.gov/camping/campgrounds/233502,
233503,Grant River,WI,USACE,Mississippi River - Pools 11-22,42.659444,-90.709722,True,reservable,74,True,False,False,True,True,90,False,https://www.recreation.gov/camping/campgrounds/233503,
233504,Gun Creek,IL,USACE,Rend Lake,38.078611,-88.930278,True,reservable,101,True,True,True,True,True,99,False,https://www.recreation.gov/camping/campgrounds/233504,
233505,Hawker Point,MO,USACE,Stockton Lake,37.606389,-93.781111,True,reservable,45,True,False,False,True,True,30,False,https://www.recreation.gov/camping/campgrounds/233505,
233506,Hawthorn Bluff,OK,USACE,Oologah Lake,36.432222,-95.680833,True,reservable,95,True,True,False,True,True,105,False,https://www.recreation.gov/camping/campgrounds/233506,
233507,Hernando Point Campground,MS,USACE,Arkabutla Lake,34.733611,-90.068889,True,reservable,81,True,True,False,True,True,100,False,https://www.recreation.gov/camping/campgrounds/233507,
233508,Heyburn Park,OK,USACE,Heyburn Lake,35.945530,-96.307697,True,reservable,48,True,True,False,True,True,50,False,https://www.recreation.gov/camping/campgrounds/233508,
233509,Hidden View,CA,USACE,Hensley Lake,37.124722,-119.897222,True,reservable,57,True,True,True,True,True,90,False,https://www.recreation.gov/camping/campgrounds/233509,
233510,Highland Ridge,WI,USACE,Eau Galle Lake,44.872622,-92.243219,True,reservable,59,True,True,True,True,True,60,False,https://www.recreation.gov/camping/campgrounds/233510,
233511,Highway 9 Landing,OK,USACE,Eufaula Lake,35.240000,-95.492222,True,reservable,77,True,True,False,True,True,70,False,https://www.recreation.gov/camping/campgrounds/233511,
233512,Hillsboro Cove,KS,USACE,Marion Reservoir,38.362778,-97.099722,True,reservable,53,True,True,True,True,True,70,False,https://www.recreation.gov/camping/campgrounds/233512,
233513,Holmes Bend,KY,USACE,Green River Lake,37.213889,-85.266667,True,reservable,126,True,True,True,True,True,99,False,https://www.recreation.gov/camping/campgrounds/233513,
233514,Hood Park,WA,USACE,Lake Wallula,46.213719,-119.013000,True,reservable,68,True,False,False,True,True,105,False,https://www.recreation.gov/camping/campgrounds/233514,
233515,Horseshoe Point,VA,USACE,Philpott Lake,36.833056,-80.063333,True,reservable,49,True,True,False,True,True,38,False,https://www.recreation.gov/camping/campgrounds/233515,
233516,Howell Station,IA,USACE,Lake Red Rock,41.365000,-92.973611,True,reservable,143,True,False,False,True,True,80,False,https://www.recreation.gov/camping/campgrounds/233516,
233517,Hunter Cove,NE,USACE,Harlan County Lake,40.083056,-99.227700,True,reservable,133,True,True,False,True,True,85,False,https://www.recreation.gov/camping/campgrounds/233517,
233518,Indian Creek,MO,USACE,Mark Twain Lake,39.539167,-91.733056,True,reservable,249,True,True,True,True,True,95,False,https://www.recreation.gov/camping/campgrounds/233518,
233519,Indian Hollow,MA,USACE,Knightville Dam,42.341944,-72.849444,True,reservable,2,False,False,False,True,False,35,False,https://www.recreation.gov/camping/campgrounds/233519,
233520,Iron Mountain,AR,USACE,Degray Lake,34.226944,-93.127778,True,reservable,69,True,True,False,True,True,85,False,https://www.recreation.gov/camping/campgrounds/233520,
233521,Island Park,CA,USACE,Pine Flat Lake,36.864644,-119.315728,True,partly,93,True,True,False,True,True,99,False,https://www.recreation.gov/camping/campgrounds/233521,
233522,Island View,IA,USACE,Rathbun Lake,40.832500,-92.917972,True,reservable,192,True,False,False,True,True,145,False,https://www.recreation.gov/camping/campgrounds/233522,
233523,Ives Run,PA,USACE,Tioga-Hammond Lakes,41.886944,-77.179167,True,reservable,189,True,True,True,True,True,108,False,https://www.recreation.gov/camping/campgrounds/233523,
233525,Johnson Creek,OK,USACE,Lake Texoma,33.999842,-96.570108,True,reservable,55,True,True,False,True,True,90,False,https://www.recreation.gov/camping/campgrounds/233525,
233526,Joplin,AR,USACE,Lake Ouachita,34.575190,-93.442639,True,reservable,64,True,True,True,True,True,20,False,https://www.recreation.gov/camping/campgrounds/233526,
233527,Juniper Point,OK,USACE,Lake Texoma,33.859803,-96.832147,True,reservable,48,True,True,False,True,True,50,False,https://www.recreation.gov/camping/campgrounds/233527,
233529,Kiamichi Park,OK,USACE,Hugo Lake,34.016773,-95.411044,True,reservable,93,True,True,True,True,True,61,False,https://www.recreation.gov/camping/campgrounds/233529,
233530,Kiowa Park I,OK,USACE,Waurika Lake,34.260935,-98.080678,True,reservable,166,True,True,False,False,False,80,False,https://www.recreation.gov/camping/campgrounds/233530,
233531,Kirby Landing,AR,USACE,Lake Greeson,34.231667,-93.693611,True,reservable,105,True,True,True,True,True,75,False,https://www.recreation.gov/camping/campgrounds/233531,
233532,Kyen Campground And Oak Grove Day Use Area,CA,USACE,Mendocino Lake,39.236667,-123.177778,True,reservable,102,True,True,True,True,True,35,False,https://www.recreation.gov/camping/campgrounds/233532,
233533,Winnie Dam Campground - USACE,MN,USACE,Mississippi River Headwaters - Winnibigosh Lake,47.430000,-94.049167,True,reservable,22,True,False,False,True,True,104,False,https://www.recreation.gov/camping/campgrounds/233533,
233534,Lakeside,OK,USACE,Lake Texoma,33.940616,-96.552752,True,reservable,140,True,True,False,True,False,90,False,https://www.recreation.gov/camping/campgrounds/233534,
233535,Leech Lake Recreation Area,MN,USACE,Mississippi River Headwaters - Leech Lake,47.244722,-94.230833,True,reservable,78,True,True,True,True,True,138,False,https://www.recreation.gov/camping/campgrounds/233535,
233536,Lepage Park,OR,USACE,"John Day Lock and Dam, Lake Umatilla",45.728397,-120.651264,True,reservable,42,True,True,False,True,False,56,False,https://www.recreation.gov/camping/campgrounds/233536,
233537,Liberty Glen,CA,USACE,Lake Sonoma,38.713611,-123.056389,True,reservable,99,False,False,False,True,True,38,False,https://www.recreation.gov/camping/campgrounds/233537,
233538,Lightfoot Landing,MO,USACE,Pomme De Terre Lake,37.826111,-93.361389,True,reservable,38,True,True,False,True,True,45,False,https://www.recreation.gov/camping/campgrounds/233538,
233539,Lithia Springs,IL,USACE,Lake Shelbyville,39.434444,-88.760000,True,reservable,109,True,True,True,True,True,100,False,https://www.recreation.gov/camping/campgrounds/233539,
233540,Little River Park,OK,USACE,Pine Creek Lake,34.167260,-95.125000,True,reservable,90,True,True,True,False,True,90,False,https://www.recreation.gov/camping/campgrounds/233540,
233541,Lone Point,IL,USACE,Lake Shelbyville,39.452222,-88.740278,True,reservable,80,True,True,True,True,True,80,False,https://www.recreation.gov/camping/campgrounds/233541,
233542,Long Shoal,MO,USACE,Harry S. Truman Lake,38.276111,-93.469722,True,reservable,97,True,True,True,True,True,103,False,https://www.recreation.gov/camping/campgrounds/233542,
233543,Longdale,OK,USACE,Canton Lake,36.130344,-98.580620,True,reservable,36,True,False,False,True,False,200,False,https://www.recreation.gov/camping/campgrounds/233543,
233544,Longview,KS,USACE,Perry Lake,39.184722,-95.444444,True,reservable,2,True,False,False,True,False,50,False,https://www.recreation.gov/camping/campgrounds/233544,
233545,Longwood Park,VA,USACE,John H. Kerr Dam and Reservoir,36.577222,-78.551389,True,reservable,66,True,True,False,True,True,45,False,https://www.recreation.gov/camping/campgrounds/233545,
233546,Lost Rapids,OK,USACE,Pine Creek Lake,34.177463,-95.104054,True,reservable,31,True,True,False,False,True,,False,https://www.recreation.gov/camping/campgrounds/233546,
233547,Lucas Park,KS,USACE,Wilson Lake,38.955556,-98.519444,True,reservable,96,True,True,False,True,False,148,False,https://www.recreation.gov/camping/campgrounds/233547,
233550,Mel Rieman Rec,ND,USACE,Ashtabula Lake,47.033674,-98.071062,True,reservable,28,True,True,False,True,True,75,False,https://www.recreation.gov/camping/campgrounds/233550,
233551,Methodist Cove,NE,USACE,Harlan County Lake,40.086944,-99.315556,True,reservable,99,True,True,True,True,False,120,False,https://www.recreation.gov/camping/campgrounds/233551,
233552,Michigan Valley,KS,USACE,Pomona Lake,38.664722,-95.548889,True,reservable,81,True,True,True,True,True,114,False,https://www.recreation.gov/camping/campgrounds/233552,
233553,Mill Creek Camping,OH,USACE,Berlin Lake,41.006944,-80.998056,True,reservable,307,True,False,False,True,True,82,False,https://www.recreation.gov/camping/campgrounds/233553,
233554,Minooka Park,KS,USACE,Wilson Lake,38.932778,-98.575000,True,reservable,147,True,True,False,True,False,107,False,https://www.recreation.gov/camping/campgrounds/233554,
233555,Mound Valley,KS,USACE,Big Hill Lake,37.269444,-95.458333,True,reservable,85,True,True,True,True,True,90,False,https://www.recreation.gov/camping/campgrounds/233555,
233556,Moutardier,KY,USACE,Nolin River Lake,37.316389,-86.233056,True,reservable,167,True,True,True,True,True,100,False,https://www.recreation.gov/camping/campgrounds/233556,
233557,John C. Briscoe Group Use,MO,USACE,Mark Twain Lake,39.518889,-91.645833,True,reservable,7,True,False,False,False,False,60,False,https://www.recreation.gov/camping/campgrounds/233557,
233559,North Sandusky Campground,IL,USACE,Rend Lake,38.071111,-89.005556,True,reservable,118,True,True,True,True,True,90,False,https://www.recreation.gov/camping/campgrounds/233559,
233561,Nebraska Tailwaters,SD,USACE,Lewis and Clark Lake,42.848889,-97.470278,True,reservable,37,True,True,False,True,True,84,False,https://www.recreation.gov/camping/campgrounds/233561,
233562,Nemo Landing,MO,USACE,Pomme De Terre Lake,37.866111,-93.273889,True,reservable,115,True,True,False,True,True,45,False,https://www.recreation.gov/camping/campgrounds/233562,
233563,North Bend Park,VA,USACE,John H. Kerr Dam and Reservoir,36.588333,-78.325833,True,reservable,247,True,True,False,True,True,50,False,https://www.recreation.gov/camping/campgrounds/233563,
233564,North Graysport,MS,USACE,Grenada Lake,33.844167,-89.603611,True,reservable,50,True,True,True,True,True,42,False,https://www.recreation.gov/camping/campgrounds/233564,
233565,North Overlook Camp,IA,USACE,Lake Red Rock,41.380278,-92.969722,True,reservable,52,True,False,False,True,True,90,False,https://www.recreation.gov/camping/campgrounds/233565,
233566,Old Town,KS,USACE,Perry Lake,39.225000,-95.437500,True,reservable,40,False,False,False,True,True,96,False,https://www.recreation.gov/camping/campgrounds/233566,
233567,Opossum Creek,IL,USACE,Lake Shelbyville,39.445556,-88.772500,True,reservable,70,True,True,True,True,True,100,False,https://www.recreation.gov/camping/campgrounds/233567,
233568,Orland Buttes,CA,USACE,Black Butte Lake,39.772197,-122.352847,True,reservable,36,False,False,False,True,True,115,False,https://www.recreation.gov/camping/campgrounds/233568,
233569,Orleans Trail,MO,USACE,Stockton Lake,37.659444,-93.783056,True,reservable,62,True,False,False,True,True,50,False,https://www.recreation.gov/camping/campgrounds/233569,
233570,Ortona South,FL,USACE,Lake Okeechobee,26.787222,-81.308611,True,reservable,52,True,True,False,True,True,45,False,https://www.recreation.gov/camping/campgrounds/233570,
233571,Osage Bluff,MO,USACE,Harry S. Truman Lake,38.190561,-93.393331,True,reservable,60,True,True,False,True,True,80,False,https://www.recreation.gov/camping/campgrounds/233571,
233572,Osage Cove,OK,USACE,Kaw Lake,36.713167,-96.898350,True,reservable,95,True,True,False,True,True,60,False,https://www.recreation.gov/camping/campgrounds/233572,
233573,Tionesta Recreation Area Campground,PA,USACE,Tionesta Lake,41.484306,-79.449097,True,reservable,125,True,True,True,True,True,75,False,https://www.recreation.gov/camping/campgrounds/233573,
233574,Outlet,KS,USACE,Pomona Lake,38.645833,-95.559722,True,reservable,36,True,True,False,True,True,65,False,https://www.recreation.gov/camping/campgrounds/233574,
233575,Outlet Park,MO,USACE,Pomme De Terre Lake,37.902778,-93.329167,True,reservable,22,True,True,False,True,True,40,False,https://www.recreation.gov/camping/campgrounds/233575,
233578,Parker Creek,AR,USACE,Lake Greeson,34.141667,-93.745833,True,reservable,60,True,True,True,True,True,50,False,https://www.recreation.gov/camping/campgrounds/233578,
233579,Pat Mayse West,TX,USACE,Pat Mayse Lake,33.847778,-95.606944,True,reservable,88,True,True,False,True,True,90,False,https://www.recreation.gov/camping/campgrounds/233579,
233581,Pettit Bay,OK,USACE,Tenkiller Ferry Lake,35.753611,-94.947778,True,reservable,89,True,True,True,True,False,98,False,https://www.recreation.gov/camping/campgrounds/233581,
233583,Pikes Ridge,KY,USACE,Green River Lake,37.280556,-85.291667,False,first-come,60,True,True,False,True,True,97,False,,
233584,Pine Creek Cove,OK,USACE,Pine Creek Lake,34.108770,-95.090082,True,reservable,42,True,True,True,False,False,64,False,https://www.recreation.gov/camping/campgrounds/233584,
233585,Pine Meadows Campground,OR,USACE,Cottage Grove Lake,43.701049,-123.055135,True,reservable,95,False,False,False,True,True,105,False,https://www.recreation.gov/camping/campgrounds/233585,
233586,Platter Flats,OK,USACE,Lake Texoma,33.921598,-96.547693,True,reservable,66,True,True,False,True,True,65,False,https://www.recreation.gov/camping/campgrounds/233586,
233587,Plymouth Park,WA,USACE,"John Day Lock and Dam, Lake Umatilla",45.933733,-119.350712,True,reservable,33,True,True,True,True,True,55,False,https://www.recreation.gov/camping/campgrounds/233587,
233588,Pokegama Dam Campground,MN,USACE,Mississippi River Headwaters - Pokegema Lake,47.250000,-93.583333,True,reservable,22,True,False,False,True,True,79,False,https://www.recreation.gov/camping/campgrounds/233588,
233589,Porum Landing,OK,USACE,Eufaula Lake,35.350833,-95.383056,True,reservable,50,True,True,False,True,False,50,False,https://www.recreation.gov/camping/campgrounds/233589,
233590,Potato Hills Central,OK,USACE,Sardis Lake,34.625000,-95.325000,True,reservable,82,True,True,False,True,True,96,False,https://www.recreation.gov/camping/campgrounds/233590,
233591,Post Oak Park,OK,USACE,Copan Lake,36.897525,-95.969733,True,reservable,20,True,True,True,True,False,83,False,https://www.recreation.gov/camping/campgrounds/233591,
233593,Prairie Ridge,IA,USACE,Rathbun Lake,40.876944,-92.887222,True,reservable,56,True,False,False,True,True,75,False,https://www.recreation.gov/camping/campgrounds/233593,
233594,Prairie Flower Recreation Area,IA,USACE,Saylorville Lake,41.748333,-93.687500,True,reservable,252,True,True,True,True,True,85,False,https://www.recreation.gov/camping/campgrounds/233594,
233595,Preston Bend,TX,USACE,Lake Texoma,33.880106,-96.648752,True,reservable,35,True,True,False,True,True,70,False,https://www.recreation.gov/camping/campgrounds/233595,
233596,Priest River,ID,USACE,Lake Pend Oreille,48.179167,-116.892222,True,reservable,21,False,False,False,True,True,72,False,https://www.recreation.gov/camping/campgrounds/233596,
233597,Ray Behrens,MO,USACE,Mark Twain Lake,39.515833,-91.663056,True,reservable,166,True,True,True,True,True,102,False,https://www.recreation.gov/camping/campgrounds/233597,
233598,Riana,NM,USACE,Abiquiu Lake,36.233333,-106.433333,True,reservable,70,True,True,False,True,True,80,False,https://www.recreation.gov/camping/campgrounds/233598,
233599,Richey Cove,KS,USACE,Council Grove Lake,38.701194,-96.497556,True,reservable,39,True,True,True,True,True,95,False,https://www.recreation.gov/camping/campgrounds/233599,
233600,Riley Creek,ID,USACE,Lake Pend Oreille,48.161111,-116.770278,True,reservable,69,True,True,False,True,True,45,False,https://www.recreation.gov/camping/campgrounds/233600,
233601,Riverside,KS,USACE,Kanopolis Lake,38.610264,-97.956994,True,reservable,31,True,True,False,True,True,80,False,https://www.recreation.gov/camping/campgrounds/233601,
233602,Riverside East,KS,USACE,John Redmond Reservoir,38.233333,-95.750000,True,reservable,55,True,True,False,True,True,75,False,https://www.recreation.gov/camping/campgrounds/233602,
233603,Riverside West,KS,USACE,John Redmond Reservoir,38.229167,-95.766667,True,reservable,33,True,True,False,True,True,60,False,https://www.recreation.gov/camping/campgrounds/233603,
233604,Robert W Craig,WV,USACE,Jennings Randolph Lake,39.416767,-79.116111,True,reservable,69,True,False,False,True,False,,False,https://www.recreation.gov/camping/campgrounds/233604,
233605,Rock Creek,KS,USACE,Perry Lake,39.120833,-95.454167,True,reservable,81,True,True,False,True,True,100,False,https://www.recreation.gov/camping/campgrounds/233605,
233606,Rocky Point (Ft Gibson),OK,USACE,Fort Gibson Lake,36.028181,-95.348690,True,reservable,63,True,True,True,True,True,97,False,https://www.recreation.gov/camping/campgrounds/233606,
233608,West Rolling Hills,KS,USACE,Milford Lake,39.075000,-96.923333,True,reservable,65,True,True,False,True,False,165,False,https://www.recreation.gov/camping/campgrounds/233608,
233609,Ruark Bluff East,MO,USACE,Stockton Lake,37.522222,-93.805278,True,reservable,91,True,False,False,True,True,80,False,https://www.recreation.gov/camping/campgrounds/233609,
233610,Rudds Creek Recreation Area,VA,USACE,John H. Kerr Dam and Reservoir,36.655278,-78.440278,True,reservable,99,True,True,True,True,True,45,False,https://www.recreation.gov/camping/campgrounds/233610,
233611,South Marcum Campground,IL,USACE,Rend Lake,38.033844,-88.940156,True,reservable,160,True,True,True,True,True,94,False,https://www.recreation.gov/camping/campgrounds/233611,
233613,South Sandusky Campground,IL,USACE,Rend Lake,38.032404,-89.004276,True,reservable,128,True,True,True,True,True,99,False,https://www.recreation.gov/camping/campgrounds/233613,
233616,Salthouse Branch,VA,USACE,Philpott Lake,36.813611,-80.040000,True,reservable,111,True,True,False,True,True,90,False,https://www.recreation.gov/camping/campgrounds/233616,
233617,Sanders Cove,TX,USACE,Pat Mayse Lake,33.840833,-95.534167,True,reservable,91,True,True,False,True,True,80,False,https://www.recreation.gov/camping/campgrounds/233617,
233618,Sandy Beach Camp,IA,USACE,Coralville Lake,41.813611,-91.595278,True,reservable,58,True,True,True,True,True,66,False,https://www.recreation.gov/camping/campgrounds/233618,
233619,Sandy Cove,OK,USACE,Canton Lake,36.106676,-98.568372,True,reservable,36,True,True,False,True,False,42,False,https://www.recreation.gov/camping/campgrounds/233619,
233620,Sandy Lake,MN,USACE,Mississippi River Headwaters - Sandy Lake,46.788333,-93.328333,True,reservable,61,True,True,False,True,True,92,False,https://www.recreation.gov/camping/campgrounds/233620,
233621,Santa Fe Trail,KS,USACE,Council Grove Lake,38.681889,-96.524861,True,reservable,33,True,True,True,True,True,102,False,https://www.recreation.gov/camping/campgrounds/233621,
233622,Sarge Creek,OK,USACE,Kaw Lake,36.766717,-96.808150,True,reservable,52,True,True,False,True,True,60,False,https://www.recreation.gov/camping/campgrounds/233622,
233623,Schwarz Park,OR,USACE,Dorena Lake,43.787461,-122.967133,True,reservable,65,False,False,False,True,True,114,False,https://www.recreation.gov/camping/campgrounds/233623,
233624,Shady Creek,IA,USACE,Mississippi River - Pools 11-22,41.447500,-90.877222,True,reservable,56,True,False,False,True,True,92,False,https://www.recreation.gov/camping/campgrounds/233624,
233626,Seven Points,PA,USACE,Raystown Lake,40.383056,-78.078333,True,reservable,267,True,False,False,True,True,140,False,https://www.recreation.gov/camping/campgrounds/233626,
233627,Shenango Recreation Area Campground,PA,USACE,Shenango River Lake,41.288889,-80.438333,True,reservable,328,True,False,False,True,True,199,False,https://www.recreation.gov/camping/campgrounds/233627,
233628,Sheppard Point,OK,USACE,Heyburn Lake,35.956944,-96.315278,True,reservable,40,True,True,False,True,True,70,False,https://www.recreation.gov/camping/campgrounds/233628,
233630,Shouse Ford,AR,USACE,Degray Lake,34.289444,-93.267778,True,reservable,100,True,False,False,True,True,75,False,https://www.recreation.gov/camping/campgrounds/233630,
233631,Slough Creek,KS,USACE,Perry Lake,39.134722,-95.430556,True,reservable,177,True,True,True,True,True,72,False,https://www.recreation.gov/camping/campgrounds/233631,
233632,Snake Creek,OK,USACE,Tenkiller Ferry Lake,35.647500,-94.972222,True,reservable,112,True,True,True,True,False,,False,https://www.recreation.gov/camping/campgrounds/233632,
233633,Smith Ridge,KY,USACE,Green River Lake,37.295833,-85.300000,True,reservable,80,True,True,False,True,True,84,False,https://www.recreation.gov/camping/campgrounds/233633,
233634,Persimmon Hill,MS,USACE,Enid Lake,34.135556,-89.886111,True,reservable,77,True,True,True,True,True,125,False,https://www.recreation.gov/camping/campgrounds/233634,
233635,Sparrowfoot,MO,USACE,Harry S. Truman Lake,38.296389,-93.726389,True,reservable,85,True,True,False,True,True,91,False,https://www.recreation.gov/camping/campgrounds/233635,
233636,Spencer Creek,OK,USACE,Oologah Lake,36.510833,-95.561111,True,reservable,70,True,True,False,True,True,75,False,https://www.recreation.gov/camping/campgrounds/233636,
233637,Springy Point,ID,USACE,Lake Pend Oreille,48.237500,-116.583333,True,reservable,39,False,False,False,True,True,40,False,https://www.recreation.gov/camping/campgrounds/233637,
233638,St Lucie South,FL,USACE,Lake Okeechobee,27.110278,-80.285000,True,reservable,21,True,True,False,True,True,38,False,https://www.recreation.gov/camping/campgrounds/233638,
233639,Stockdale,KS,USACE,Tuttle Creek Lake,39.305194,-96.653333,True,reservable,12,True,True,False,True,True,135,False,https://www.recreation.gov/camping/campgrounds/233639,
233641,Strayhorn Landing,OK,USACE,Tenkiller Ferry Lake,35.616111,-95.056944,True,reservable,43,True,True,True,True,False,125,False,https://www.recreation.gov/camping/campgrounds/233641,
233642,Sugar Bottom Campground,IA,USACE,Coralville Lake,41.756389,-91.559167,True,reservable,244,True,True,True,True,True,89,False,https://www.recreation.gov/camping/campgrounds/233642,
233643,Supply Park,OK,USACE,Fort Supply Lake,36.549293,-99.575902,True,reservable,115,True,True,False,True,True,113,False,https://www.recreation.gov/camping/campgrounds/233643,
233644,Susquehannock,PA,USACE,Raystown Lake,40.387500,-78.050000,True,reservable,64,False,False,False,True,True,75,False,https://www.recreation.gov/camping/campgrounds/233644,
233645,Tall Chief Cove,OK,USACE,Skiatook Lake,36.321944,-96.120833,True,reservable,50,True,True,False,True,True,90,False,https://www.recreation.gov/camping/campgrounds/233645,
233647,Taylor Ferry,OK,USACE,Fort Gibson Lake,35.934494,-95.284300,True,reservable,91,True,True,False,True,True,50,False,https://www.recreation.gov/camping/campgrounds/233647,
233648,Gull Lake Recreation Area,MN,USACE,Mississippi River Headwaters - Gull Lake,46.410833,-94.351389,True,reservable,43,True,True,False,True,True,122,False,https://www.recreation.gov/camping/campgrounds/233648,
233649,Tetilla Peak,NM,USACE,Cochiti Lake,35.647222,-106.304444,True,reservable,45,True,True,False,True,False,50,False,https://www.recreation.gov/camping/campgrounds/233649,
233650,The Narrows,KY,USACE,Barren River Lake,36.904167,-86.070833,True,reservable,90,True,True,False,True,True,111,False,https://www.recreation.gov/camping/campgrounds/233650,
233651,Thomson Causeway,IL,USACE,Mississippi River - Pools 11-22,41.951667,-90.110833,True,reservable,133,True,True,False,True,True,99,False,https://www.recreation.gov/camping/campgrounds/233651,
233652,Tompkins,PA,USACE,Cowanesque Lake,41.980833,-77.189444,True,reservable,122,True,True,True,True,False,68,False,https://www.recreation.gov/camping/campgrounds/233652,
233653,Tompkins Bend,AR,USACE,Lake Ouachita,34.568785,-93.469888,True,reservable,78,True,True,False,True,True,20,False,https://www.recreation.gov/camping/campgrounds/233653,
233655,Tule,CA,USACE,Success Lake,36.080278,-118.902222,True,reservable,104,True,True,False,True,True,80,False,https://www.recreation.gov/camping/campgrounds/233655,
233656,Turkey Creek,OK,USACE,Pine Creek Lake,34.215007,-95.127216,True,reservable,31,True,True,False,False,True,51,False,https://www.recreation.gov/camping/campgrounds/233656,
233657,Turkey Point,KS,USACE,Melvern Lake,38.498617,-95.789747,True,reservable,49,True,True,False,True,True,65,False,https://www.recreation.gov/camping/campgrounds/233657,
233658,Twin Points,OK,USACE,Skiatook Lake,36.384167,-96.217778,True,reservable,52,True,False,False,True,True,96,False,https://www.recreation.gov/camping/campgrounds/233658,
233659,Venango Park,KS,USACE,Kanopolis Lake,38.633056,-97.987500,True,reservable,131,True,True,False,True,True,65,False,https://www.recreation.gov/camping/campgrounds/233659,
233660,Virgil Point,OK,USACE,Hugo Lake,34.049715,-95.377865,True,reservable,52,True,True,False,True,True,53,False,https://www.recreation.gov/camping/campgrounds/233660,
233661,W.P. Franklin N,FL,USACE,Lake Okeechobee,26.724167,-81.692778,True,reservable,39,True,True,False,True,True,40,False,https://www.recreation.gov/camping/campgrounds/233661,
233662,Wallace Creek,MS,USACE,Enid Lake,34.161111,-89.891667,True,reservable,102,True,True,True,True,True,141,False,https://www.recreation.gov/camping/campgrounds/233662,
233663,Wallashuck,IA,USACE,Lake Red Rock,41.400000,-92.994367,True,reservable,83,True,False,False,True,True,71,False,https://www.recreation.gov/camping/campgrounds/233663,
233665,Warrior Creek,NC,USACE,W. Kerr Scott Dam & Reservoir,36.100810,-81.285645,True,reservable,63,True,True,False,True,True,145,False,https://www.recreation.gov/camping/campgrounds/233665,
233666,Washington Cove,OK,USACE,Copan Lake,36.907631,-95.937489,True,reservable,107,True,True,False,True,False,75,False,https://www.recreation.gov/camping/campgrounds/233666,
233667,Washington Irving South,OK,USACE,Keystone Lake,36.198533,-96.259028,True,reservable,21,True,True,False,True,True,62,False,https://www.recreation.gov/camping/campgrounds/233667,
233668,Washunga Bay,OK,USACE,Kaw Lake,36.792150,-96.845350,True,reservable,37,True,True,False,True,True,60,False,https://www.recreation.gov/camping/campgrounds/233668,
233669,Water Valley Landing,MS,USACE,Enid Lake,34.143056,-89.763889,True,reservable,27,True,True,True,True,True,110,False,https://www.recreation.gov/camping/campgrounds/233669,
233670,Wax,KY,USACE,Nolin River Lake,37.341667,-86.129167,False,first-come,110,True,True,True,True,True,120,False,,
233671,West Overlook Campground,IA,USACE,Coralville Lake,41.725278,-91.535556,True,reservable,89,True,True,False,True,True,73,False,https://www.recreation.gov/camping/campgrounds/233671,
233672,Wheatland Park,MO,USACE,Pomme De Terre Lake,37.875556,-93.374444,True,reservable,79,True,True,False,True,True,45,False,https://www.recreation.gov/camping/campgrounds/233672,
233675,Windust Park,WA,USACE,Lake Sacajawea,46.533056,-118.583333,False,first-come,24,False,False,False,False,False,,False,,
233676,Winhall Brook Camping Area,VT,USACE,Ball Mountain Lake,43.162965,-72.810414,True,reservable,111,True,True,False,True,True,40,False,https://www.recreation.gov/camping/campgrounds/233676,
233677,Wolf Creek,KS,USACE,Pomona Lake,38.676389,-95.568056,True,reservable,56,True,True,False,True,True,55,False,https://www.recreation.gov/camping/campgrounds/233677,
233678,Gerald Freeman Campground,WV,USACE,Sutton Lake,38.680000,-80.546944,True,reservable,156,True,True,True,True,False,75,False,https://www.recreation.gov/camping/campgrounds/233678,
233679,Outflow Camping,PA,USACE,Youghiogheny River Lake,39.805000,-79.366944,True,reservable,96,True,True,True,True,True,64,False,https://www.recreation.gov/camping/campgrounds/233679,
233680,Thibaut Point,MO,USACE,Harry S. Truman Lake,38.296389,-93.396389,True,reservable,48,True,True,False,True,True,68,False,https://www.recreation.gov/camping/campgrounds/233680,
233681,Oso Group,CA,FS,San Bernardino National Forest,34.175705,-116.862455,True,reservable,1,False,False,False,True,True,40,False,https://www.recreation.gov/camping/campgrounds/233681,
233682,Cle Elum River Group Site,WA,FS,Okanogan-Wenatchee National Forest,47.351055,-121.104394,True,reservable,1,False,False,False,True,True,40,False,https://www.recreation.gov/camping/campgrounds/233682,
233683,Acorn Campground,CA,USACE,New Hogan Lake,38.176261,-120.799722,True,reservable,128,False,False,False,True,True,20,False,https://www.recreation.gov/camping/campgrounds/233683,
233684,South Abutment Campground,MS,USACE,Arkabutla Lake,34.746667,-90.132500,True,reservable,78,True,True,False,True,True,85,False,https://www.recreation.gov/camping/campgrounds/233684,
233685,Wild Horse Equestrian Family,CA,FS,San Bernardino National Forest,34.155262,-116.781601,True,reservable,11,False,False,False,True,True,30,False,https://www.recreation.gov/camping/campgrounds/233685,
233687,Goose Point,VA,USACE,Philpott Lake,36.803889,-80.057222,True,reservable,63,True,True,False,True,True,82,False,https://www.recreation.gov/camping/campgrounds/233687,
233688,Greenville Recreation Area,MO,USACE,Wappapello Lake,37.100372,-90.455833,True,reservable,104,True,True,True,True,True,,False,https://www.recreation.gov/camping/campgrounds/233688,
233689,Peoples Creek,MO,USACE,Wappapello Lake,36.946442,-90.275253,True,reservable,57,True,True,True,True,True,59,False,https://www.recreation.gov/camping/campgrounds/233689,
233690,Redman Creek Recreation Area,MO,USACE,Wappapello Lake,36.927372,-90.283797,True,reservable,115,True,True,True,True,True,80,False,https://www.recreation.gov/camping/campgrounds/233690,
233692,Horse Creek,CA,USACE,Kaweah Lake,36.390556,-118.954722,True,reservable,84,True,True,False,True,True,50,False,https://www.recreation.gov/camping/campgrounds/233692,
233693,Hoover Campground,OR,FS,Willamette National Forest,44.713297,-122.124031,True,partly,40,True,True,False,True,True,99,False,https://www.recreation.gov/camping/campgrounds/233693,
233694,Cove Creek,OR,FS,Willamette National Forest,44.712017,-122.158611,True,partly,66,False,False,False,True,True,99,False,https://www.recreation.gov/camping/campgrounds/233694,
233695,Outlet(Melvern),KS,USACE,Melvern Lake,38.513708,-95.706236,True,reservable,152,True,True,True,True,True,80,False,https://www.recreation.gov/camping/campgrounds/233695,
233696,Cherryvale Park,KS,USACE,Big Hill Lake,37.269444,-95.458333,True,reservable,24,True,True,True,True,True,68,False,https://www.recreation.gov/camping/campgrounds/233696,
233697,Blackhawk Park,WI,USACE,Mississippi River - Pool 9,43.462153,-91.223912,True,reservable,150,True,True,False,True,True,99,False,https://www.recreation.gov/camping/campgrounds/233697,
233698,Tailwater,KY,USACE,Barren River Lake,36.894444,-86.133056,True,reservable,49,True,True,False,True,True,115,False,https://www.recreation.gov/camping/campgrounds/233698,
233699,Ruark Bluff West,MO,USACE,Stockton Lake,37.525833,-93.809444,True,reservable,75,True,False,False,True,True,55,False,https://www.recreation.gov/camping/campgrounds/233699,
233700,Bloomington East,KS,USACE,Clinton Lake,38.907900,-95.375261,True,reservable,323,True,True,True,True,True,100,False,https://www.recreation.gov/camping/campgrounds/233700,
233702,Potato Hills South,OK,USACE,Sardis Lake,34.625000,-95.325000,True,reservable,20,True,True,False,True,True,84,False,https://www.recreation.gov/camping/campgrounds/233702,
233703,Burns Run West,OK,USACE,Lake Texoma,33.863266,-96.580229,True,reservable,122,True,True,True,True,True,99,False,https://www.recreation.gov/camping/campgrounds/233703,
233705,Sunset,OR,FS,Fremont-Winema National Forest,42.372222,-122.196944,True,reservable,59,True,False,False,True,True,65,False,https://www.recreation.gov/camping/campgrounds/233705,
233706,Rainbow Bay,OR,FS,Fremont-Winema National Forest,42.377636,-122.208075,True,reservable,1,False,False,False,True,False,21,False,https://www.recreation.gov/camping/campgrounds/233706,
233707,Aspen Point,OR,FS,Fremont-Winema National Forest,42.384722,-122.212500,True,reservable,50,False,False,False,True,True,120,False,https://www.recreation.gov/camping/campgrounds/233707,
233709,Buffalo Springs,CO,FS,Pike and San Isabel National Forests & Cimarron and Comanche National Grasslands,39.033889,-105.989167,True,reservable,18,False,False,False,True,True,40,False,https://www.recreation.gov/camping/campgrounds/233709,
233710,Aspen,CO,FS,Pike and San Isabel National Forests & Cimarron and Comanche National Grasslands,39.425278,-105.840833,True,reservable,12,False,False,False,True,True,30,False,https://www.recreation.gov/camping/campgrounds/233710,
233711,Blue Mountain,CO,FS,Pike and San Isabel National Forests & Cimarron and Comanche National Grasslands,38.961389,-105.361389,True,reservable,21,False,False,False,True,True,35,False,https://www.recreation.gov/camping/campgrounds/233711,
233712,Round Mountain,CO,FS,Pike and San Isabel National Forests & Cimarron and Comanche National Grasslands,39.030556,-105.431111,True,reservable,16,False,False,False,True,True,30,False,https://www.recreation.gov/camping/campgrounds/233712,
233713,Blue Lake Creek Campground,WA,FS,Gifford Pinchot National Forest,46.403611,-121.736389,True,reservable,11,False,False,False,True,True,48,False,https://www.recreation.gov/camping/campgrounds/233713,
233714,Lake Michigan At Manistee,MI,FS,Huron-Manistee National Forests,44.119167,-86.427500,True,reservable,53,False,False,False,True,True,54,False,https://www.recreation.gov/camping/campgrounds/233714,
233715,Sand Lake Campground,MI,FS,Huron-Manistee National Forests,44.168056,-85.929444,True,reservable,44,False,False,False,True,False,40,False,https://www.recreation.gov/camping/campgrounds/233715,
233716,Lofers Bend West,TX,USACE,Whitney Lake,31.885278,-97.361111,True,reservable,69,True,True,False,True,True,45,False,https://www.recreation.gov/camping/campgrounds/233716,
233717,Bowman Bridge,MI,FS,Huron-Manistee National Forests,43.888333,-85.942222,True,reservable,17,False,False,False,True,True,50,False,https://www.recreation.gov/camping/campgrounds/233717,
233718,Springer Gulch,CO,FS,Pike and San Isabel National Forests & Cimarron and Comanche National Grasslands,38.927383,-105.424892,True,reservable,15,False,False,False,True,True,28,False,https://www.recreation.gov/camping/campgrounds/233718,
233719,Upper Stillwater,UT,FS,Ashley National Forest,40.560556,-110.699722,True,reservable,11,False,False,False,False,True,30,False,https://www.recreation.gov/camping/campgrounds/233719,
233720,Riverside,CO,FS,Pike and San Isabel National Forests & Cimarron and Comanche National Grasslands,38.943889,-105.441111,True,reservable,19,False,False,False,True,True,50,False,https://www.recreation.gov/camping/campgrounds/233720,
233721,Spillway Campground,CO,FS,Pike and San Isabel National Forests & Cimarron and Comanche National Grasslands,38.906667,-105.467778,True,reservable,23,False,False,False,True,True,40,False,https://www.recreation.gov/camping/campgrounds/233721,
233722,Cove Campground,CO,FS,Pike and San Isabel National Forests & Cimarron and Comanche National Grasslands,38.910556,-105.460278,True,reservable,4,False,False,False,True,True,25,False,https://www.recreation.gov/camping/campgrounds/233722,
233723,Jefferson Creek,CO,FS,Pike and San Isabel National Forests & Cimarron and Comanche National Grasslands,39.436944,-105.860833,True,reservable,17,False,False,False,True,True,40,False,https://www.recreation.gov/camping/campgrounds/233723,
233724,Horseshoe Campground,CO,FS,Pike and San Isabel National Forests & Cimarron and Comanche National Grasslands,39.201667,-106.086111,True,reservable,19,False,False,False,True,True,40,False,https://www.recreation.gov/camping/campgrounds/233724,
233725,Jess Judy,WV,FS,Monongahela National Forest,38.895694,-79.246250,True,reservable,3,False,False,False,True,False,,False,https://www.recreation.gov/camping/campgrounds/233725,
233728,Running Deer Campground,CA,FS,Plumas National Forest,39.735278,-120.953056,True,partly,41,False,False,False,True,True,33,False,https://www.recreation.gov/camping/campgrounds/233728,
233729,Horse Campground,CA,FS,Plumas National Forest,39.735278,-120.953056,True,reservable,10,False,False,False,True,True,,False,https://www.recreation.gov/camping/campgrounds/233729,
233730,Mirror Lake,UT,FS,Uinta-Wasatch-Cache National Forest,40.700833,-110.883611,True,reservable,82,False,False,False,True,True,74,False,https://www.recreation.gov/camping/campgrounds/233730,
233732,Jackson Flats,CA,FS,Angeles National Forest,34.360833,-117.799167,True,reservable,5,False,False,False,True,False,,False,https://www.recreation.gov/camping/campgrounds/233732,
233733,Mountain Oak,CA,FS,Angeles National Forest,34.394722,-117.729444,True,reservable,28,False,False,False,True,False,38,False,https://www.recreation.gov/camping/campgrounds/233733,
233734,Lake Campground,CA,FS,Angeles National Forest,34.390556,-117.723333,True,reservable,8,False,False,False,True,False,48,False,https://www.recreation.gov/camping/campgrounds/233734,
233735,Table Mountain (Angeles),CA,FS,Angeles National Forest,34.386389,-117.689444,True,reservable,178,False,False,False,True,False,61,False,https://www.recreation.gov/camping/campgrounds/233735,
233736,Red Cliff Campground,MT,FS,Custer Gallatin National Forest,45.174167,-111.241667,True,reservable,62,True,False,False,True,True,,False,https://www.recreation.gov/camping/campgrounds/233736,
233737,Moose Creek Group Site,MT,FS,Custer Gallatin National Forest,45.351389,-111.171389,True,reservable,1,False,False,False,True,True,,False,https://www.recreation.gov/camping/campgrounds/233737,
233738,Moose Creek Flat Campground,MT,FS,Custer Gallatin National Forest,45.356667,-111.171389,True,reservable,14,False,False,False,True,True,,False,https://www.recreation.gov/camping/campgrounds/233738,
233739,Swan Creek Campground,MT,FS,Custer Gallatin National Forest,45.372500,-111.168056,True,reservable,13,False,False,False,True,True,,False,https://www.recreation.gov/camping/campgrounds/233739,
233741,Chisholm Campground,MT,FS,Custer Gallatin National Forest,45.474722,-110.956111,True,reservable,10,False,False,False,True,True,,False,https://www.recreation.gov/camping/campgrounds/233741,
233742,Greek Creek Campground,MT,FS,Custer Gallatin National Forest,45.380556,-111.181667,True,reservable,15,False,False,False,True,True,,False,https://www.recreation.gov/camping/campgrounds/233742,
233744,Hood Creek Campground,MT,FS,Custer Gallatin National Forest,45.485000,-110.967778,True,reservable,26,False,False,False,True,True,45,False,https://www.recreation.gov/camping/campgrounds/233744,
233745,Langohr Campground,MT,FS,Custer Gallatin National Forest,45.533611,-111.015000,True,reservable,20,False,False,False,True,True,45,False,https://www.recreation.gov/camping/campgrounds/233745,
233746,Spire Rock Campground,MT,FS,Custer Gallatin National Forest,45.441389,-111.206389,True,reservable,20,False,False,False,True,True,,False,https://www.recreation.gov/camping/campgrounds/233746,
233747,Bloomington West,KS,USACE,Clinton Lake,38.923328,-95.400492,True,reservable,1,True,True,False,True,True,,False,https://www.recreation.gov/camping/campgrounds/233747,
233753,Wilborn Creek (Group Camp),IL,USACE,Lake Shelbyville,39.575556,-88.703333,True,reservable,1,True,True,True,True,True,80,False,https://www.recreation.gov/camping/campgrounds/233753,
233754,Coyote Point,CA,USACE,New Hogan Lake,37.984444,-120.844722,True,reservable,1,False,False,False,True,True,20,False,https://www.recreation.gov/camping/campgrounds/233754,
233755,Bountiful Peak Campground,UT,FS,Uinta-Wasatch-Cache National Forest,40.979722,-111.803889,True,reservable,38,False,False,False,True,True,,False,https://www.recreation.gov/camping/campgrounds/233755,
233756,Moose Lake,WI,FS,Chequamegon-Nicolet NF,46.016111,-91.020278,True,partly,15,False,False,False,True,True,40,False,https://www.recreation.gov/camping/campgrounds/233756,
233757,Beaver Lake,WI,FS,Chequamegon-Nicolet NF,46.300833,-90.878333,True,partly,10,False,False,False,True,True,35,False,https://www.recreation.gov/camping/campgrounds/233757,
233758,Black Lake,WI,FS,Chequamegon-Nicolet NF,45.983611,-90.934444,True,partly,29,False,False,False,True,True,45,False,https://www.recreation.gov/camping/campgrounds/233758,
233759,East Twin,WI,FS,Chequamegon-Nicolet NF,46.191944,-90.860000,True,partly,10,False,False,False,True,True,45,False,https://www.recreation.gov/camping/campgrounds/233759,
233760,Namekagon,WI,FS,Chequamegon-Nicolet NF,46.350278,-90.923611,True,partly,35,True,False,False,True,True,55,False,https://www.recreation.gov/camping/campgrounds/233760,
233761,Day Lake,WI,FS,Chequamegon-Nicolet NF,46.176389,-90.909167,True,partly,52,False,False,False,True,True,60,False,https://www.recreation.gov/camping/campgrounds/233761,
233762,Sailor Lake,WI,FS,Chequamegon-Nicolet NF,45.843056,-90.277222,True,partly,25,False,False,False,True,True,81,False,https://www.recreation.gov/camping/campgrounds/233762,
233763,Eastwood,WI,FS,Chequamegon-Nicolet NF,45.330833,-90.443889,True,partly,26,False,False,False,True,True,35,False,https://www.recreation.gov/camping/campgrounds/233763,
233764,Twin Lakes,WI,FS,Chequamegon-Nicolet NF,45.954722,-90.072222,True,partly,18,False,False,False,True,True,35,False,https://www.recreation.gov/camping/campgrounds/233764,
233765,Picnic Point,WI,FS,Chequamegon-Nicolet NF,45.305556,-90.435833,True,reservable,1,False,False,False,True,True,12,False,https://www.recreation.gov/camping/campgrounds/233765,
233766,Spearhead Point,WI,FS,Chequamegon-Nicolet NF,45.328056,-90.446944,True,partly,39,False,False,False,True,True,45,False,https://www.recreation.gov/camping/campgrounds/233766,
233767,Two Lakes,WI,FS,Chequamegon-Nicolet NF,46.292222,-91.193333,True,partly,94,False,False,False,True,True,170,False,https://www.recreation.gov/camping/campgrounds/233767,
233768,Big Silver Group,CA,FS,Eldorado National Forest,38.879167,-120.362500,True,reservable,1,False,False,False,False,False,,False,https://www.recreation.gov/camping/campgrounds/233768,
233769,Gleasons Landing,MI,FS,Huron-Manistee National Forests,43.871111,-85.920278,True,reservable,6,False,False,False,True,False,,False,https://www.recreation.gov/camping/campgrounds/233769,
233770,Sheep Springs Horse Camp,OR,FS,Deschutes National Forest,44.578611,-121.679722,True,reservable,11,False,False,False,True,True,50,False,https://www.recreation.gov/camping/campgrounds/233770,
233771,Cascade,MT,FS,Custer Gallatin National Forest,45.173333,-109.450833,True,reservable,30,False,False,False,True,True,40,False,https://www.recreation.gov/camping/campgrounds/233771,
233772,Dimond O,CA,FS,Stanislaus National Forest,37.825000,-119.861111,True,reservable,26,False,False,False,True,True,48,False,https://www.recreation.gov/camping/campgrounds/233772,
233773,Smith Rapids,WI,FS,Chequamegon-Nicolet NF,45.910556,-90.173889,True,reservable,19,False,False,False,False,True,75,False,https://www.recreation.gov/camping/campgrounds/233773,
233774,Franklin Lake,WI,FS,Chequamegon-Nicolet NF,45.924722,-89.008056,True,partly,77,True,False,False,True,True,40,False,https://www.recreation.gov/camping/campgrounds/233774,
233775,Pines Group Stanislaus,CA,FS,Stanislaus National Forest,37.818308,-120.095702,True,reservable,1,False,False,False,False,False,,False,https://www.recreation.gov/camping/campgrounds/233775,
233776,Sheridan North Cove Grp CG,SD,FS,Black Hills National Forest,43.985500,-103.470072,True,reservable,5,False,False,False,True,True,,False,https://www.recreation.gov/camping/campgrounds/233776,
233777,Boulder Lake,WI,FS,Chequamegon-Nicolet NF,45.139444,-88.639444,True,partly,99,True,False,False,True,True,190,False,https://www.recreation.gov/camping/campgrounds/233777,
233778,North Dickey Lake,MT,FS,Kootenai National Forest,48.719278,-114.833333,True,reservable,25,False,False,False,True,True,50,False,https://www.recreation.gov/camping/campgrounds/233778,
233779,Oak Knoll Campground,CA,USACE,New Hogan Lake,38.182650,-120.803056,True,reservable,49,False,False,False,True,True,20,False,https://www.recreation.gov/camping/campgrounds/233779,
233780,Lotus Group Area,IL,USACE,Carlyle Lake,38.663544,-89.258222,True,reservable,1,True,True,True,True,True,35,False,https://www.recreation.gov/camping/campgrounds/233780,
233781,Chippewa,WI,FS,Chequamegon-Nicolet NF,45.222500,-90.705278,True,partly,76,True,False,False,True,True,,False,https://www.recreation.gov/camping/campgrounds/233781,
233782,Twin Knobs Campground,KY,FS,Daniel Boone National Forest,38.094722,-83.516944,True,reservable,208,True,True,True,True,True,70,False,https://www.recreation.gov/camping/campgrounds/233782,
233786,Dam East - Mcnair Campground,IL,USACE,Carlyle Lake,38.608333,-89.325000,True,reservable,48,True,True,False,True,True,117,False,https://www.recreation.gov/camping/campgrounds/233786,
233787,Little Fawn Campground,OR,FS,Deschutes National Forest,43.963056,-121.795833,True,partly,8,False,False,False,True,True,30,False,https://www.recreation.gov/camping/campgrounds/233787,
233788,Quinn Meadow Horse Camp,OR,FS,Deschutes National Forest,43.997778,-121.786667,True,reservable,26,False,False,False,False,True,40,False,https://www.recreation.gov/camping/campgrounds/233788,
233789,Washington Lake,UT,FS,Uinta-Wasatch-Cache National Forest,40.671667,-110.971667,True,reservable,47,False,False,False,True,True,105,False,https://www.recreation.gov/camping/campgrounds/233789,
233790,Ebenezer Park,TX,USACE,Sam Rayburn Reservoir,31.070278,-94.124722,True,reservable,31,True,True,False,True,True,155,False,https://www.recreation.gov/camping/campgrounds/233790,
233791,Albeni Cove,ID,USACE,Lake Pend Oreille,48.183056,-116.999722,True,reservable,14,True,False,False,True,True,83,False,https://www.recreation.gov/camping/campgrounds/233791,
233792,Aspen,UT,FS,Ashley National Forest,40.497222,-110.845833,True,reservable,30,False,False,False,False,False,60,False,https://www.recreation.gov/camping/campgrounds/233792,
233793,Avintaquin Campground,UT,FS,Ashley National Forest,39.884167,-110.775278,True,reservable,17,False,False,False,True,True,48,False,https://www.recreation.gov/camping/campgrounds/233793,
233794,Hades,UT,FS,Ashley National Forest,40.534167,-110.872778,True,reservable,14,False,False,False,False,True,30,False,https://www.recreation.gov/camping/campgrounds/233794,
233795,Iron Mine,UT,FS,Ashley National Forest,40.554167,-110.886667,True,reservable,26,False,False,False,False,True,60,False,https://www.recreation.gov/camping/campgrounds/233795,
233796,Chute Group,UT,FS,Manti-La Sal National Forest,39.551944,-111.175556,True,reservable,2,False,False,False,True,True,40,False,https://www.recreation.gov/camping/campgrounds/233796,
233797,Big Rock Group,UT,FS,Manti-La Sal National Forest,39.512500,-111.155556,True,reservable,2,False,False,False,False,False,40,False,https://www.recreation.gov/camping/campgrounds/233797,
233798,Little Bear Group,UT,FS,Manti-La Sal National Forest,39.446111,-111.141944,True,reservable,3,False,False,False,True,True,35,False,https://www.recreation.gov/camping/campgrounds/233798,
233804,Ponderosa Group,CO,FS,Pike and San Isabel National Forests & Cimarron and Comanche National Grasslands,37.967778,-105.067222,True,reservable,1,False,False,False,True,True,,False,https://www.recreation.gov/camping/campgrounds/233804,
233805,Spruce Group,CO,FS,Pike and San Isabel National Forests & Cimarron and Comanche National Grasslands,37.967778,-105.067222,True,reservable,1,False,False,False,True,True,,False,https://www.recreation.gov/camping/campgrounds/233805,
233807,Four Jeffrey,CA,FS,Inyo National Forest,37.250000,-118.550000,True,reservable,106,False,False,False,True,False,40,False,https://www.recreation.gov/camping/campgrounds/233807,
233809,Trace Branch Campground,KY,USACE,Buckhorn Lake,37.241667,-83.372778,True,reservable,29,True,True,True,True,True,55,False,https://www.recreation.gov/camping/campgrounds/233809,
233810,Marshall Park,CO,FS,Rio Grande National Forest,37.788889,-106.985833,True,reservable,15,False,False,False,False,True,103,False,https://www.recreation.gov/camping/campgrounds/233810,
233811,River Hill,CO,FS,Rio Grande National Forest,37.730004,-107.231970,True,reservable,18,False,False,False,False,True,125,False,https://www.recreation.gov/camping/campgrounds/233811,
233813,Eggerts Landing,ND,USACE,Ashtabula Lake,47.095717,-98.008318,True,reservable,41,True,False,False,True,True,75,False,https://www.recreation.gov/camping/campgrounds/233813,
233814,Notrebes Bend Park,AR,USACE,Arkansas River - Wilbur D. Mills Pool,33.988056,-91.309167,True,reservable,30,True,True,False,True,True,50,False,https://www.recreation.gov/camping/campgrounds/233814,
233815,Moon Lake Campground,UT,FS,Ashley National Forest,40.566389,-110.517778,True,reservable,54,False,False,False,False,True,60,False,https://www.recreation.gov/camping/campgrounds/233815,
233816,Yellowstone Group Campground,UT,FS,Ashley National Forest,40.541944,-110.336111,True,partly,1,False,False,False,False,True,25,False,https://www.recreation.gov/camping/campgrounds/233816,
233817,Uinta River Group,UT,FS,Ashley National Forest,40.516111,-110.037222,True,reservable,1,False,False,False,False,True,35,False,https://www.recreation.gov/camping/campgrounds/233817,
233818,Cayuse Horse Camp,WA,FS,Okanogan-Wenatchee National Forest,47.399582,-121.094828,True,reservable,14,False,False,False,True,True,65,False,https://www.recreation.gov/camping/campgrounds/233818,
233819,Skull Creek,UT,FS,Ashley National Forest,40.862778,-109.526944,True,partly,17,False,False,False,False,False,80,False,https://www.recreation.gov/camping/campgrounds/233819,
233820,Clark Creek Organization Camp,OR,FS,Willamette National Forest,43.973611,-122.582222,True,reservable,1,False,False,False,True,False,,False,https://www.recreation.gov/camping/campgrounds/233820,
233821,Greendale,UT,FS,Ashley National Forest,40.881667,-109.457778,True,partly,10,False,False,False,True,False,65,False,https://www.recreation.gov/camping/campgrounds/233821,
233822,Greens Lake,UT,FS,Ashley National Forest,40.873333,-109.535833,True,partly,21,False,False,False,False,False,40,False,https://www.recreation.gov/camping/campgrounds/233822,
233823,Canyon Rim,UT,FS,Ashley National Forest,40.882500,-109.549444,True,partly,18,False,False,False,False,False,65,False,https://www.recreation.gov/camping/campgrounds/233823,
233824,Red Canyon,UT,FS,Ashley National Forest,40.889444,-109.559167,True,partly,8,False,False,False,False,False,40,False,https://www.recreation.gov/camping/campgrounds/233824,
233825,Big Springs Warming Hut,ID,FS,Caribou-Targhee National Forest,44.485000,-111.299722,True,partly,1,True,False,False,False,False,,False,https://www.recreation.gov/camping/campgrounds/233825,
233826,Buttermilk,ID,FS,Caribou-Targhee National Forest,44.432500,-111.426111,True,reservable,56,True,True,False,True,True,50,False,https://www.recreation.gov/camping/campgrounds/233826,
233827,Cut Foot Horse Campground,MN,FS,Chippewa National Forest,47.558333,-94.066389,True,reservable,34,False,False,False,True,True,,False,https://www.recreation.gov/camping/campgrounds/233827,
233828,Malden Lake Campground,TX,USACE,Wright Patman Lake,33.274722,-94.347778,True,reservable,39,True,True,False,True,True,55,False,https://www.recreation.gov/camping/campgrounds/233828,
233830,Old Shady Rest Campground,CA,FS,Inyo National Forest,37.650589,-118.961393,True,reservable,45,False,False,False,True,True,58,False,https://www.recreation.gov/camping/campgrounds/233830,
233831,Whitehall Bay,KS,USACE,Fall River Lake,37.667167,-96.072683,True,reservable,30,True,True,True,True,True,93,False,https://www.recreation.gov/camping/campgrounds/233831,
233832,Damsite,KS,USACE,Fall River Lake,37.644933,-96.069267,True,reservable,33,True,True,True,True,True,85,False,https://www.recreation.gov/camping/campgrounds/233832,
233833,Jacks Gulch,CO,FS,Arapaho & Roosevelt National Forests Pawnee NG,40.636836,-105.526947,True,partly,3,False,False,False,True,False,30,False,https://www.recreation.gov/camping/campgrounds/233833,
233834,Cove Lake Recreation Area,AR,FS,Ozark-St. Francis National Forests,35.224444,-93.622500,True,reservable,37,False,False,False,False,False,68,False,https://www.recreation.gov/camping/campgrounds/233834,
233835,Boulder Park Campground,WY,FS,Bighorn National Forest,44.163333,-107.252222,True,reservable,32,False,False,False,True,True,60,False,https://www.recreation.gov/camping/campgrounds/233835,
233836,Hettinger Group Area,WY,FS,Bighorn National Forest,44.297222,-106.951111,True,reservable,1,False,False,False,False,True,50,False,https://www.recreation.gov/camping/campgrounds/233836,
233837,Summerdale Campground,CA,FS,Sierra National Forest,37.489671,-119.632310,True,reservable,62,False,False,False,True,True,30,False,https://www.recreation.gov/camping/campgrounds/233837,
233838,Pine Island Group Area,WY,FS,Bighorn National Forest,44.777778,-107.477500,True,reservable,1,False,False,False,True,True,75,False,https://www.recreation.gov/camping/campgrounds/233838,
233839,Dirt Flat,CA,FS,Sierra National Forest,37.668233,-119.839488,True,reservable,7,False,False,False,True,True,,False,https://www.recreation.gov/camping/campgrounds/233839,
233840,Fenske Lake Campground,MN,FS,Superior National Forest,47.995278,-91.913889,True,partly,16,False,False,False,True,True,80,False,https://www.recreation.gov/camping/campgrounds/233840,
233841,Birch Lake Campground,MN,FS,Superior National Forest,47.756944,-91.783611,True,partly,32,False,False,False,True,True,66,False,https://www.recreation.gov/camping/campgrounds/233841,
233842,Dry Gulch,CA,FS,Sierra National Forest,37.671086,-119.836200,True,reservable,5,False,False,False,True,True,,False,https://www.recreation.gov/camping/campgrounds/233842,
233843,South Kawishiwi River,MN,FS,Superior National Forest,47.815556,-91.731389,True,reservable,33,True,False,False,True,True,107,False,https://www.recreation.gov/camping/campgrounds/233843,
233844,Trail Creek,WY,FS,Caribou-Targhee National Forest,43.540000,-111.039167,True,reservable,10,False,False,False,True,True,40,False,https://www.recreation.gov/camping/campgrounds/233844,
233845,Crow Valley,CO,FS,Arapaho & Roosevelt National Forests Pawnee NG,40.643889,-104.337778,True,reservable,15,False,False,False,True,True,81,False,https://www.recreation.gov/camping/campgrounds/233845,
233846,Bridges Campground,UT,FS,Manti-La Sal National Forest,39.558889,-111.168056,True,reservable,14,False,False,False,True,True,40,False,https://www.recreation.gov/camping/campgrounds/233846,
233847,Mill Hollow,UT,FS,Uinta-Wasatch-Cache National Forest,40.491389,-111.103611,True,reservable,29,False,False,False,True,True,50,False,https://www.recreation.gov/camping/campgrounds/233847,
233848,Mosomo Point,MN,FS,Chippewa National Forest,47.518333,-94.048056,True,reservable,23,False,False,False,True,True,,False,https://www.recreation.gov/camping/campgrounds/233848,
233849,Pines Point Campground,MI,FS,Huron-Manistee National Forests,43.527778,-86.119444,True,reservable,5,False,False,False,True,False,80,False,https://www.recreation.gov/camping/campgrounds/233849,
233850,Williams Narrows,MN,FS,Chippewa National Forest,47.503333,-94.063611,True,reservable,18,False,False,False,True,True,,False,https://www.recreation.gov/camping/campgrounds/233850,
233852,Summit View Campground,ID,FS,Caribou-Targhee National Forest,42.559167,-111.296944,True,reservable,21,False,False,False,True,True,60,False,https://www.recreation.gov/camping/campgrounds/233852,
233853,Montpelier Canyon Campground,ID,FS,Caribou-Targhee National Forest,42.331111,-111.231944,True,reservable,15,False,False,False,True,True,30,False,https://www.recreation.gov/camping/campgrounds/233853,
233854,Willow Flat Campground,ID,FS,Caribou-Targhee National Forest,42.139444,-111.625278,True,reservable,54,False,False,False,True,True,75,False,https://www.recreation.gov/camping/campgrounds/233854,
233855,Paris Springs Campground,ID,FS,Caribou-Targhee National Forest,42.207500,-111.494722,True,reservable,12,False,False,False,True,True,50,False,https://www.recreation.gov/camping/campgrounds/233855,
233856,Emigration Campground,ID,FS,Caribou-Targhee National Forest,42.370000,-111.555278,True,reservable,26,False,False,False,True,True,58,False,https://www.recreation.gov/camping/campgrounds/233856,
233857,Albert Moser,ID,FS,Caribou-Targhee National Forest,42.138611,-111.694722,True,reservable,9,False,False,False,True,True,25,False,https://www.recreation.gov/camping/campgrounds/233857,
233858,Stanley Lake Campground,ID,FS,Sawtooth National Forest,44.248611,-115.052500,True,partly,40,False,False,False,True,True,52,False,https://www.recreation.gov/camping/campgrounds/233858,
233859,Timberline Campground,CO,FS,Pike and San Isabel National Forests & Cimarron and Comanche National Grasslands,39.431944,-105.761944,True,reservable,25,False,False,False,True,True,45,False,https://www.recreation.gov/camping/campgrounds/233859,
233860,New Shady Rest Campground,CA,FS,Inyo National Forest,37.647339,-118.962521,True,reservable,94,False,False,False,True,True,41,False,https://www.recreation.gov/camping/campgrounds/233860,
233861,Buck Creek Campground,WA,FS,Mt. Baker-Snoqualmie National Forest,48.268337,-121.328317,True,reservable,29,False,False,False,True,True,98,False,https://www.recreation.gov/camping/campgrounds/233861,
233862,Marble Creek Campground,WA,FS,Mt. Baker-Snoqualmie National Forest,48.533200,-121.272114,True,reservable,29,False,False,False,True,True,70,False,https://www.recreation.gov/camping/campgrounds/233862,
233863,Sulphur Creek Campground,WA,FS,Mt. Baker-Snoqualmie National Forest,48.248509,-121.194058,True,reservable,22,False,False,False,True,True,40,False,https://www.recreation.gov/camping/campgrounds/233863,
233864,Bedal Campground,WA,FS,Mt. Baker-Snoqualmie National Forest,48.096843,-121.386943,True,reservable,22,False,False,False,True,True,58,False,https://www.recreation.gov/camping/campgrounds/233864,
233865,Clear Creek Campground,WA,FS,Mt. Baker-Snoqualmie National Forest,48.220268,-121.574083,True,reservable,13,False,False,False,True,True,50,False,https://www.recreation.gov/camping/campgrounds/233865,
233866,Red Bridge Campground,WA,FS,Mt. Baker-Snoqualmie National Forest,48.070752,-121.650441,True,reservable,16,False,False,False,True,True,40,False,https://www.recreation.gov/camping/campgrounds/233866,
233867,Renegade,UT,FS,Uinta-Wasatch-Cache National Forest,40.122733,-111.153781,True,reservable,64,False,False,False,True,True,30,False,https://www.recreation.gov/camping/campgrounds/233867,
233869,Diamond,UT,FS,Uinta-Wasatch-Cache National Forest,40.071910,-111.429419,True,reservable,73,False,False,False,True,True,70,False,https://www.recreation.gov/camping/campgrounds/233869,
233870,Paradise Campground,CA,FS,Los Padres National Forest,34.542222,-119.812778,True,reservable,15,False,False,False,True,False,48,False,https://www.recreation.gov/camping/campgrounds/233870,
233871,Tie Hack,WY,FS,Bighorn National Forest,44.283056,-106.942778,True,reservable,20,False,False,False,True,True,45,False,https://www.recreation.gov/camping/campgrounds/233871,
233873,Lost Cabin Campground,WY,FS,Bighorn National Forest,44.148333,-106.953056,True,reservable,19,False,False,False,True,True,90,False,https://www.recreation.gov/camping/campgrounds/233873,
233874,Green River Lakes,WY,FS,Bridger-Teton National Forest,43.311389,-109.861111,False,first-come,42,False,False,False,False,False,30,False,,
233876,Sibley Lake,WY,FS,Bighorn National Forest,44.771389,-107.443056,True,reservable,25,True,False,False,True,True,85,False,https://www.recreation.gov/camping/campgrounds/233876,
233877,La Wis Wis Campground,WA,FS,Gifford Pinchot National Forest,46.673889,-121.587778,True,partly,113,False,False,False,True,True,60,False,https://www.recreation.gov/camping/campgrounds/233877,
233878,Tie Flume,WY,FS,Bighorn National Forest,44.715278,-107.461389,True,reservable,27,False,False,False,True,True,80,False,https://www.recreation.gov/camping/campgrounds/233878,
233879,South Fork Group,CA,FS,Eldorado National Forest,38.948330,-120.402133,True,reservable,1,False,False,False,False,False,50,False,https://www.recreation.gov/camping/campgrounds/233879,
233880,Cutthroat Bay Group,CO,FS,Arapaho & Roosevelt National Forests Pawnee NG,40.191397,-105.873622,True,reservable,2,False,True,False,True,False,16,False,https://www.recreation.gov/camping/campgrounds/233880,
233882,Indian Trees Campground,MT,FS,Bitterroot National Forest,45.755758,-113.954197,True,reservable,15,False,False,False,False,False,75,False,https://www.recreation.gov/camping/campgrounds/233882,
233883,Indian Creek Equestrian Campground,CO,FS,Pike and San Isabel National Forests & Cimarron and Comanche National Grasslands,39.391667,-105.108889,True,reservable,7,False,False,False,False,False,40,False,https://www.recreation.gov/camping/campgrounds/233883,
233884,Spinreel,OR,FS,Siuslaw National Forest,43.569730,-124.203877,True,reservable,37,False,False,False,True,True,61,False,https://www.recreation.gov/camping/campgrounds/233884,
233885,Sutton Campground,OR,FS,Siuslaw National Forest,44.054167,-124.107222,True,reservable,80,True,False,False,True,True,111,False,https://www.recreation.gov/camping/campgrounds/233885,
233886,Tahkenitch Landing,OR,FS,Siuslaw National Forest,43.800341,-124.146752,True,reservable,28,False,False,False,True,True,40,False,https://www.recreation.gov/camping/campgrounds/233886,
233891,Mineral Park Campground,WA,FS,Mt. Baker-Snoqualmie National Forest,48.463774,-121.168329,True,reservable,22,False,False,False,True,True,61,False,https://www.recreation.gov/camping/campgrounds/233891,
233892,Potters Pond,UT,FS,Manti-La Sal National Forest,39.446667,-111.273333,True,partly,22,False,False,False,True,True,50,False,https://www.recreation.gov/camping/campgrounds/233892,
233893,Powell Campground,ID,FS,Nez Perce-Clearwater National Forests,46.512260,-114.717219,True,partly,35,True,False,False,False,False,200,False,https://www.recreation.gov/camping/campgrounds/233893,
233894,Ochoco Forest Camp,OR,FS,Ochoco NF - FS,44.397222,-120.425278,True,partly,1,False,False,False,True,True,,False,https://www.recreation.gov/camping/campgrounds/233894,
233895,Walton Lake,OR,FS,Ochoco NF - FS,44.433056,-120.336667,True,reservable,32,False,False,False,True,True,70,False,https://www.recreation.gov/camping/campgrounds/233895,
233896,Sylvan Park,KS,USACE,Wilson Lake,38.968333,-98.491667,True,reservable,27,True,True,True,True,False,137,False,https://www.recreation.gov/camping/campgrounds/233896,
233898,Sharp Creek,AZ,FS,Tonto National Forest,34.299722,-110.998056,True,partly,20,False,False,False,True,True,120,False,https://www.recreation.gov/camping/campgrounds/233898,
233899,Bumblebee Campground,ID,FS,Idaho Panhandle National Forests,47.633333,-116.279444,True,reservable,24,False,False,False,True,True,80,False,https://www.recreation.gov/camping/campgrounds/233899,
233900,Cape Perpetua,OR,FS,Siuslaw National Forest,44.281111,-124.100278,True,reservable,40,False,False,False,True,True,60,False,https://www.recreation.gov/camping/campgrounds/233900,
233901,Osprey,ID,FS,Idaho Panhandle National Forests,48.499167,-116.894167,True,reservable,16,False,False,False,True,True,64,False,https://www.recreation.gov/camping/campgrounds/233901,
233902,Matterhorn,CO,FS,"Grand Mesa, Uncompahgre and Gunnison National Forest",37.844722,-107.881111,True,partly,28,True,True,True,True,False,40,False,https://www.recreation.gov/camping/campgrounds/233902,
233903,River Edge,OR,FS,Siuslaw National Forest,44.377222,-123.758611,True,reservable,1,False,False,False,False,False,40,False,https://www.recreation.gov/camping/campgrounds/233903,
233907,Rock Creek Lake,CA,FS,Inyo National Forest,37.453822,-118.739014,True,reservable,26,False,False,False,True,True,,False,https://www.recreation.gov/camping/campgrounds/233907,
233908,Bell Bay Campground,ID,FS,Idaho Panhandle National Forests,47.476389,-116.841389,True,partly,16,False,False,False,True,True,43,False,https://www.recreation.gov/camping/campgrounds/233908,
233909,Quartz Creek Campground,AK,FS,Chugach National Forest,60.478611,-149.728056,True,partly,45,False,False,False,False,False,120,False,https://www.recreation.gov/camping/campgrounds/233909,
233910,Arrowhead Campground,NC,FS,National Forests in North Carolina,35.439167,-80.070556,True,reservable,49,True,False,False,True,True,45,False,https://www.recreation.gov/camping/campgrounds/233910,
233911,Badin Lake Campground,NC,FS,National Forests in North Carolina,35.448472,-80.078661,True,reservable,34,False,False,False,True,True,40,False,https://www.recreation.gov/camping/campgrounds/233911,
233912,Badin Lake Group Camp,NC,FS,National Forests in North Carolina,35.451389,-80.072778,True,reservable,3,False,False,False,True,True,,False,https://www.recreation.gov/camping/campgrounds/233912,
233913,Canebrake Horse Camp,NC,FS,National Forests in North Carolina,35.439444,-80.048611,True,reservable,28,True,False,False,True,True,85,False,https://www.recreation.gov/camping/campgrounds/233913,
233914,Shagbark Group Area,IL,USACE,Rend Lake,38.040977,-89.004078,True,reservable,1,True,False,False,True,True,,False,https://www.recreation.gov/camping/campgrounds/233914,
233915,South Fork,UT,FS,Uinta-Wasatch-Cache National Forest,41.281944,-111.653056,True,reservable,44,False,False,False,True,True,,False,https://www.recreation.gov/camping/campgrounds/233915,
233916,Canal Creek,OR,FS,Siuslaw National Forest,44.393056,-123.925278,True,partly,2,False,False,False,True,True,30,False,https://www.recreation.gov/camping/campgrounds/233916,
233918,Shell Creek,WY,FS,Bighorn National Forest,44.550278,-107.514722,True,reservable,15,False,False,False,True,True,75,False,https://www.recreation.gov/camping/campgrounds/233918,
233920,Salt Springs Recreation Area,FL,FS,National Forests in Florida,29.356944,-81.731944,True,reservable,160,True,True,True,True,True,40,False,https://www.recreation.gov/camping/campgrounds/233920,
233921,Grizzly Bear Campground,SD,FS,Black Hills National Forest,43.884444,-103.435278,True,reservable,20,False,True,True,True,True,54,False,https://www.recreation.gov/camping/campgrounds/233921,
233925,North Tongue,WY,FS,Bighorn National Forest,44.780556,-107.533056,True,reservable,12,False,False,False,True,True,100,False,https://www.recreation.gov/camping/campgrounds/233925,
233926,Owen Creek,WY,FS,Bighorn National Forest,44.706667,-107.498056,True,reservable,8,False,False,False,True,True,50,False,https://www.recreation.gov/camping/campgrounds/233926,
233928,Oleary Group Site,AZ,FS,Coconino National Forest Recreation,35.361667,-111.533056,True,reservable,3,False,False,False,True,True,35,False,https://www.recreation.gov/camping/campgrounds/233928,
233929,Pine Creek Campground,MT,FS,Custer Gallatin National Forest,45.295327,-110.312689,True,reservable,28,False,False,False,True,True,20,False,https://www.recreation.gov/camping/campgrounds/233929,
233930,Snowbank Campground,MT,FS,Custer Gallatin National Forest,45.171756,-110.322817,True,reservable,11,False,False,False,True,True,30,False,https://www.recreation.gov/camping/campgrounds/233930,
233931,Barker Recreation Area,UT,FS,Dixie National Forest,37.920556,-111.815278,True,partly,18,False,False,False,True,True,35,False,https://www.recreation.gov/camping/campgrounds/233931,
233934,Rex Hale,WY,FS,Shoshone National Forest,44.456667,-109.725833,True,reservable,29,True,True,False,False,False,40,False,https://www.recreation.gov/camping/campgrounds/233934,
233936,Cobbett Lake,CO,FS,"Grand Mesa, Uncompahgre and Gunnison National Forest",39.041389,-107.983056,True,partly,20,False,False,False,True,False,45,False,https://www.recreation.gov/camping/campgrounds/233936,
233937,Chatter Creek Group Site,WA,FS,Okanogan-Wenatchee National Forest,47.608333,-120.885000,True,reservable,1,False,False,False,True,True,22,False,https://www.recreation.gov/camping/campgrounds/233937,
233938,Bridge Creek Group Site,WA,FS,Okanogan-Wenatchee National Forest,47.563889,-120.780833,True,reservable,1,False,False,False,True,True,25,False,https://www.recreation.gov/camping/campgrounds/233938,
233939,Tumwater Group Site,WA,FS,Okanogan-Wenatchee National Forest,47.678056,-120.730833,False,first-come,1,True,False,False,False,False,25,False,,
233940,Eightmile Group Site,WA,FS,Okanogan-Wenatchee National Forest,47.550833,-120.766111,True,reservable,1,False,False,False,False,False,45,False,https://www.recreation.gov/camping/campgrounds/233940,
233941,Willow Creek Group,CO,FS,Arapaho & Roosevelt National Forests Pawnee NG,40.142500,-105.953056,True,partly,1,False,False,False,True,True,,False,https://www.recreation.gov/camping/campgrounds/233941,
233943,Rattlesnake,ID,FS,Boise National Forest,44.265931,-115.880019,True,reservable,1,False,False,False,False,False,75,False,https://www.recreation.gov/camping/campgrounds/233943,
233946,Burchfield Branch Park,AL,USACE,Black Warrior and Tombigbee Lakes,33.440037,-87.372142,True,reservable,37,True,True,True,True,True,95,False,https://www.recreation.gov/camping/campgrounds/233946,
233947,Briar Bottom Group Campground,NC,FS,National Forests in North Carolina,35.752778,-82.221389,True,reservable,6,False,False,False,True,True,,False,https://www.recreation.gov/camping/campgrounds/233947,
233949,Panhandle,WA,FS,Colville National Forest,48.510000,-117.271389,True,reservable,13,False,False,False,False,True,33,False,https://www.recreation.gov/camping/campgrounds/233949,
233950,Pioneer Park,WA,FS,Colville National Forest,48.214167,-117.053611,True,reservable,18,False,False,False,True,True,40,False,https://www.recreation.gov/camping/campgrounds/233950,
233952,Shady Cove Group Campground,CA,FS,San Bernardino National Forest,34.207894,-117.043617,True,reservable,3,False,True,False,False,True,,False,https://www.recreation.gov/camping/campgrounds/233952,
233953,Crook Campground,AZ,FS,Apache-Sitgreaves National Forest,34.316389,-110.941667,True,reservable,2,False,False,False,True,True,30,False,https://www.recreation.gov/camping/campgrounds/233953,
233954,Carolina Hemlocks Recreation Area,NC,FS,National Forests in North Carolina,35.804444,-82.204444,True,reservable,39,True,False,False,True,True,35,False,https://www.recreation.gov/camping/campgrounds/233954,
233955,White Horse Lake Campground,AZ,FS,Kaibab National Forest,35.115278,-112.017222,True,reservable,88,False,False,False,True,True,50,False,https://www.recreation.gov/camping/campgrounds/233955,
233956,Dogtown Lake Campground And Group,AZ,FS,Kaibab National Forest,35.211167,-112.123833,True,reservable,55,False,False,False,True,True,40,False,https://www.recreation.gov/camping/campgrounds/233956,
233957,Kaibab Lake Sites And Group Areas,AZ,FS,Kaibab National Forest,35.281111,-112.156944,True,reservable,75,False,False,False,True,True,62,False,https://www.recreation.gov/camping/campgrounds/233957,
233963,Rock Creek Oregon Coast,OR,FS,Siuslaw National Forest,44.184722,-124.115000,True,reservable,14,False,False,False,False,False,45,False,https://www.recreation.gov/camping/campgrounds/233963,
233964,Blackberry,OR,FS,Siuslaw National Forest,44.371111,-123.835000,True,reservable,32,False,False,False,True,False,120,False,https://www.recreation.gov/camping/campgrounds/233964,
233965,Tillicum,OR,FS,Siuslaw National Forest,44.367222,-124.091111,True,reservable,61,True,True,False,True,True,66,False,https://www.recreation.gov/camping/campgrounds/233965,
233966,Mink Creek Group Site Campground,ID,FS,Caribou-Targhee National Forest,42.728611,-112.417222,True,reservable,1,False,False,False,True,True,50,False,https://www.recreation.gov/camping/campgrounds/233966,
233967,Big Springs - Caribou,ID,FS,Caribou-Targhee National Forest,42.765556,-112.095278,True,partly,16,False,False,False,True,True,70,False,https://www.recreation.gov/camping/campgrounds/233967,
233968,Scout Mountain Campground,ID,FS,Caribou-Targhee National Forest,42.691667,-112.358889,True,partly,14,False,False,False,True,True,70,False,https://www.recreation.gov/camping/campgrounds/233968,
233969,Malad Summit Campground,ID,FS,Caribou-Targhee National Forest,42.350278,-112.275833,True,partly,8,False,False,False,True,True,125,False,https://www.recreation.gov/camping/campgrounds/233969,
233970,Curlew Campground,ID,FS,Caribou-Targhee National Forest,42.070556,-112.691389,True,partly,15,False,False,False,True,True,70,False,https://www.recreation.gov/camping/campgrounds/233970,
233971,Third Creek Group Site,ID,FS,Caribou-Targhee National Forest,42.191389,-112.123056,True,reservable,1,False,False,False,True,True,65,False,https://www.recreation.gov/camping/campgrounds/233971,
233973,Acorn Woman Lakes,OR,FS,Rogue River-Siskiyou National Forest,42.123056,-123.125000,True,reservable,15,False,False,False,True,False,,False,https://www.recreation.gov/camping/campgrounds/233973,
233974,Harris River Campground,AK,FS,Tongass National Forest,55.467222,-132.855556,True,reservable,14,False,False,False,False,False,89,False,https://www.recreation.gov/camping/campgrounds/233974,
233976,Porcupine,ID,FS,Caribou-Targhee National Forest,42.095000,-111.519444,True,reservable,17,False,False,False,False,True,32,False,https://www.recreation.gov/camping/campgrounds/233976,
233977,Cloverleaf Campground,ID,FS,Caribou-Targhee National Forest,42.095000,-111.531667,True,reservable,19,False,False,False,False,True,40,False,https://www.recreation.gov/camping/campgrounds/233977,
233978,St. Charles Campground,ID,FS,Caribou-Targhee National Forest,42.113611,-111.446389,True,reservable,6,False,False,False,False,True,32,False,https://www.recreation.gov/camping/campgrounds/233978,
233980,Alturas Lake Inlet,ID,FS,Sawtooth National Forest,43.900000,-114.883056,True,reservable,28,False,False,False,False,True,40,False,https://www.recreation.gov/camping/campgrounds/233980,
233981,Capps Crossing,CA,FS,Eldorado National Forest,38.651111,-120.406111,True,reservable,10,False,False,False,True,False,40,False,https://www.recreation.gov/camping/campgrounds/233981,
233983,Watercress,MO,FS,Mark Twain National Forest,37.001944,-91.018611,True,partly,19,True,False,False,True,True,40,False,https://www.recreation.gov/camping/campgrounds/233983,
233985,Kaner Flat Group Site,WA,FS,Okanogan-Wenatchee National Forest,47.010400,-121.131000,True,reservable,1,False,False,False,False,False,30,False,https://www.recreation.gov/camping/campgrounds/233985,
233986,Indian Flat Group Site,WA,FS,Okanogan-Wenatchee National Forest,46.979977,-121.148972,True,reservable,1,False,False,False,False,False,30,False,https://www.recreation.gov/camping/campgrounds/233986,
233987,Pine Needle Group Site,WA,FS,Okanogan-Wenatchee National Forest,46.968889,-121.210000,True,reservable,1,False,False,False,False,False,30,False,https://www.recreation.gov/camping/campgrounds/233987,
233988,Clear Lake Group Site,WA,FS,Okanogan-Wenatchee National Forest,46.631477,-121.267933,True,reservable,1,False,False,False,False,False,30,False,https://www.recreation.gov/camping/campgrounds/233988,
233990,Gatewood Group,WV,FS,Monongahela National Forest,38.717500,-79.584167,True,reservable,1,False,False,False,True,False,30,False,https://www.recreation.gov/camping/campgrounds/233990,
233992,Willow Lake,UT,FS,Manti-La Sal National Forest,39.135030,-111.380670,True,reservable,11,False,False,False,True,True,30,False,https://www.recreation.gov/camping/campgrounds/233992,
233993,Fishermans Group,CA,FS,San Bernardino National Forest,34.246708,-117.110822,True,reservable,5,False,False,False,False,False,,False,https://www.recreation.gov/camping/campgrounds/233993,
233994,Starrigavan Campground And Day Use,AK,FS,Tongass National Forest,57.132778,-135.366389,True,reservable,41,False,False,False,True,True,38,False,https://www.recreation.gov/camping/campgrounds/233994,
233995,Jarvies Family Boat In,UT,FS,Ashley National Forest,40.929444,-109.477778,True,reservable,8,False,False,False,True,False,36,False,https://www.recreation.gov/camping/campgrounds/233995,
233996,Jarvies Boat In Group,UT,FS,Ashley National Forest,40.931944,-109.480556,True,reservable,1,False,False,False,True,False,,False,https://www.recreation.gov/camping/campgrounds/233996,
233997,East Kachess Group Site,WA,FS,Okanogan-Wenatchee National Forest,47.312187,-121.237170,True,reservable,1,False,False,False,False,True,30,False,https://www.recreation.gov/camping/campgrounds/233997,
233998,Silver Falls Group Site,WA,FS,Okanogan-Wenatchee National Forest,47.959500,-120.539000,True,partly,1,False,False,False,True,False,35,False,https://www.recreation.gov/camping/campgrounds/233998,
233999,Pine Flats Group Campground,WA,FS,Okanogan-Wenatchee National Forest,47.758611,-120.425000,True,partly,1,False,False,False,True,False,25,False,https://www.recreation.gov/camping/campgrounds/233999,
234000,Tent Peg Group,CA,FS,San Bernardino National Forest,34.262011,-117.100292,True,reservable,1,False,False,False,True,True,20,False,https://www.recreation.gov/camping/campgrounds/234000,
234001,Los Prietos,CA,FS,Los Padres National Forest,34.541667,-119.809167,True,reservable,38,True,False,False,True,False,35,False,https://www.recreation.gov/camping/campgrounds/234001,
234004,Cagle Recreation Area,TX,FS,National Forests and Grasslands in Texas,30.530000,-95.536111,True,reservable,47,True,True,True,True,True,60,False,https://www.recreation.gov/camping/campgrounds/234004,
234005,Fletcher View,NV,FS,Humboldt-Toiyabe National Forest Headquarters,36.263333,-115.614444,True,reservable,12,True,False,False,True,False,40,False,https://www.recreation.gov/camping/campgrounds/234005,
234007,Black Rock,ID,FS,Boise National Forest,43.795278,-115.587222,True,partly,11,False,False,False,True,True,99,False,https://www.recreation.gov/camping/campgrounds/234007,
234008,Spring Hill Campground,MT,FS,Beaverhead-Deerlodge National Forest,46.171667,-113.163889,True,partly,11,False,False,False,False,False,50,False,https://www.recreation.gov/camping/campgrounds/234008,
234009,Philipsburg Bay Campground,MT,FS,Beaverhead-Deerlodge National Forest,46.206389,-113.290000,True,partly,45,True,False,False,True,True,60,False,https://www.recreation.gov/camping/campgrounds/234009,
234010,Lodgepole Campground,MT,FS,Beaverhead-Deerlodge National Forest,46.211944,-113.272500,True,partly,21,False,False,False,True,True,35,False,https://www.recreation.gov/camping/campgrounds/234010,
234011,Camp 9,CA,FS,Sequoia National Forest,35.698333,-118.429167,True,partly,80,False,False,False,True,True,40,False,https://www.recreation.gov/camping/campgrounds/234011,
234013,Chisos Basin Group Campground,TX,NPS,Big Bend National Park,29.275000,-103.304167,True,reservable,7,False,False,False,True,False,30,False,https://www.recreation.gov/camping/campgrounds/234013,
234014,Rio Grande Village Group Campground,TX,NPS,Big Bend National Park,29.180793,-102.957194,True,reservable,4,False,False,False,True,False,19,False,https://www.recreation.gov/camping/campgrounds/234014,
234015,Pinnacles Campground,CA,NPS,Pinnacles National Park,36.466389,-121.176111,True,reservable,134,True,False,False,True,False,75,False,https://www.recreation.gov/camping/campgrounds/234015,https://www.visitpinnacles.com/
234017,Hause Creek Campground,WA,FS,Okanogan-Wenatchee National Forest,46.675556,-121.076389,True,reservable,42,False,False,False,True,True,74,False,https://www.recreation.gov/camping/campgrounds/234017,
234018,Hells Crossing Campground,WA,FS,Okanogan-Wenatchee National Forest,46.964722,-121.265833,True,reservable,18,False,False,False,True,True,40,False,https://www.recreation.gov/camping/campgrounds/234018,
234019,Little Naches Campground,WA,FS,Okanogan-Wenatchee National Forest,46.990278,-121.097778,True,reservable,16,False,False,False,True,True,48,False,https://www.recreation.gov/camping/campgrounds/234019,
234020,Cougar Flat,WA,FS,Okanogan-Wenatchee National Forest,46.916944,-121.233611,True,reservable,12,False,False,False,False,True,40,False,https://www.recreation.gov/camping/campgrounds/234020,
234021,Pleasant Valley Campground,WA,FS,Okanogan-Wenatchee National Forest,46.942778,-121.325556,True,reservable,17,False,False,False,True,True,40,False,https://www.recreation.gov/camping/campgrounds/234021,
234022,Sawmill Flat Campground,WA,FS,Okanogan-Wenatchee National Forest,46.974444,-121.095278,True,reservable,24,False,False,False,True,True,41,False,https://www.recreation.gov/camping/campgrounds/234022,
234023,Cedar Springs Campground,WA,FS,Okanogan-Wenatchee National Forest,46.973333,-121.163056,True,reservable,15,False,False,False,True,True,40,False,https://www.recreation.gov/camping/campgrounds/234023,
234024,Soda Springs Campground,WA,FS,Okanogan-Wenatchee National Forest,46.925694,-121.214167,True,reservable,23,False,False,False,True,True,100,False,https://www.recreation.gov/camping/campgrounds/234024,
234025,Willows Campground,WA,FS,Okanogan-Wenatchee National Forest,46.672500,-121.039167,True,reservable,16,False,False,False,True,True,40,False,https://www.recreation.gov/camping/campgrounds/234025,
234026,Windy Point Campground,WA,FS,Okanogan-Wenatchee National Forest,46.693333,-120.907500,True,reservable,14,False,False,False,True,True,42,False,https://www.recreation.gov/camping/campgrounds/234026,
234027,Lodgepole Campground (Washington),WA,FS,Okanogan-Wenatchee National Forest,46.915833,-121.384444,True,reservable,34,False,False,False,True,True,106,False,https://www.recreation.gov/camping/campgrounds/234027,
234028,Cold Springs Campground,ID,FS,Payette National Forest,44.948889,-116.440000,True,reservable,34,False,False,False,True,True,24,False,https://www.recreation.gov/camping/campgrounds/234028,
234029,Spring Creek Campground,ID,FS,Payette National Forest,44.570278,-116.946389,True,reservable,16,False,False,False,True,False,32,False,https://www.recreation.gov/camping/campgrounds/234029,
234030,Upper Payette Lake Campground,ID,FS,Payette National Forest,45.122500,-116.028889,True,reservable,23,False,False,False,True,True,,False,https://www.recreation.gov/camping/campgrounds/234030,
234031,Juniper Springs Recreation Area,FL,FS,National Forests in Florida,29.182222,-81.712500,True,reservable,79,False,False,False,True,True,45,False,https://www.recreation.gov/camping/campgrounds/234031,
234032,Alexander Springs Recreation Area,FL,FS,National Forests in Florida,29.078889,-81.580000,True,reservable,69,False,False,False,True,True,44,False,https://www.recreation.gov/camping/campgrounds/234032,
234033,Clearwater Lake Recreation Area,FL,FS,National Forests in Florida,28.979444,-81.555000,True,reservable,42,False,False,False,True,False,40,False,https://www.recreation.gov/camping/campgrounds/234033,
234035,Rio Grande Village,TX,NPS,Big Bend National Park,29.180870,-102.957191,True,reservable,100,False,False,False,True,False,65,False,https://www.recreation.gov/camping/campgrounds/234035,
234036,Linville Falls Campground,NC,NPS,Blue Ridge Parkway,35.968056,-81.932222,True,partly,66,False,False,False,True,False,50,False,https://www.recreation.gov/camping/campgrounds/234036,https://www.nps.gov/blri/planyourvisit/linville-falls-cg.htm
234037,Julian Price Campground,NC,NPS,Blue Ridge Parkway,36.138889,-81.731111,True,partly,194,False,False,False,True,True,92,False,https://www.recreation.gov/camping/campgrounds/234037,
234038,Chisos Basin Campground,TX,NPS,Big Bend National Park,29.275000,-103.304167,True,reservable,62,False,False,False,True,False,24,False,https://www.recreation.gov/camping/campgrounds/234038,
234039,Manzanita Lake,CA,NPS,Lassen Volcanic National Park,40.529167,-121.563889,True,reservable,180,False,False,False,True,True,45,False,https://www.recreation.gov/camping/campgrounds/234039,https://www.nps.gov/lavo/planyourvisit/manzanita-lake-campground.htm
234040,Summit Lake South,CA,NPS,Lassen Volcanic National Park,40.490278,-121.423611,True,reservable,48,False,False,False,True,True,59,False,https://www.recreation.gov/camping/campgrounds/234040,https://www.nps.gov/lavo/planyourvisit/summit-lake-campground.htm
234041,Summit Lake North,CA,NPS,Lassen Volcanic National Park,40.494444,-121.425000,True,reservable,46,False,False,False,True,True,60,False,https://www.recreation.gov/camping/campgrounds/234041,https://www.nps.gov/lavo/planyourvisit/summit-lake-campground.htm
234042,Lost Creek Group,CA,NPS,Lassen Volcanic National Park,40.562500,-121.516667,True,reservable,8,False,False,False,True,True,,False,https://www.recreation.gov/camping/campgrounds/234042,https://www.nps.gov/lavo/planyourvisit/lost-creek-group-campground.htm
234043,Buffalo Point,AR,NPS,Buffalo National River,36.085365,-92.565655,True,reservable,112,True,True,False,True,True,65,False,https://www.recreation.gov/camping/campgrounds/234043,https://www.nps.gov/buff/planyourvisit/buffalo-point-campground.htm
234044,Big Spring,MO,NPS,Ozark National Scenic Riverways,36.962500,-90.983056,True,reservable,137,True,True,False,True,True,76,False,https://www.recreation.gov/camping/campgrounds/234044,https://www.nps.gov/ozar/planyourvisit/big-spring-campground-map11.htm
234045,Round Spring,MO,NPS,Ozark National Scenic Riverways,37.283056,-91.408333,True,reservable,65,True,True,False,True,True,60,False,https://www.recreation.gov/camping/campgrounds/234045,https://www.nps.gov/ozar/planyourvisit/round-spring-campground.htm
234046,Alley Spring,MO,NPS,Ozark National Scenic Riverways,37.147220,-91.449720,True,reservable,165,True,True,False,True,True,64,False,https://www.recreation.gov/camping/campgrounds/234046,https://www.nps.gov/ozar/planyourvisit/alley-spring-campground.htm
234047,Buckhorn Campground (Chickasaw),OK,NPS,Chickasaw National Recreation Area,34.428889,-96.989722,True,reservable,137,True,True,True,True,True,60,False,https://www.recreation.gov/camping/campgrounds/234047,
234048,The Point Campground (Chickasaw),OK,NPS,Chickasaw National Recreation Area,34.460000,-97.020000,True,reservable,16,True,True,False,True,True,60,False,https://www.recreation.gov/camping/campgrounds/234048,
234049,Cold Springs Campground (Chickasaw),OK,NPS,Chickasaw National Recreation Area,34.505000,-96.967500,True,reservable,64,False,False,False,True,True,18,False,https://www.recreation.gov/camping/campgrounds/234049,
234050,Central Group Camp (Chickasaw),OK,NPS,Chickasaw National Recreation Area,34.505000,-96.967500,True,reservable,10,False,False,False,True,True,18,False,https://www.recreation.gov/camping/campgrounds/234050,
234051,Rock Creek Group Camp (Chickasaw),OK,NPS,Chickasaw National Recreation Area,34.505000,-96.967500,True,partly,50,False,False,False,True,True,,False,https://www.recreation.gov/camping/campgrounds/234051,
234052,Black Canyon Of The Gunnison South Rim Campground,CO,NPS,Black Canyon Of The Gunnison National Park,38.550556,-107.686667,True,reservable,89,True,True,False,True,True,65,False,https://www.recreation.gov/camping/campgrounds/234052,
234053,Elk Creek Campground,CO,NPS,Curecanti National Recreation Area,38.467778,-107.175833,True,reservable,153,True,False,False,True,True,62,False,https://www.recreation.gov/camping/campgrounds/234053,https://www.nps.gov/cure/planyourvisit/camp_elk_creek.htm
234054,Lake Fork Campground,CO,NPS,Curecanti National Recreation Area,38.458889,-107.330000,True,reservable,83,False,False,False,True,True,52,False,https://www.recreation.gov/camping/campgrounds/234054,https://www.nps.gov/cure/planyourvisit/camp_lake_fork.htm
234055,Stevens Creek Campground,CO,NPS,Curecanti National Recreation Area,38.491111,-107.096944,True,reservable,55,False,False,False,True,True,40,False,https://www.recreation.gov/camping/campgrounds/234055,https://www.nps.gov/cure/planyourvisit/camp_stevens_creek.htm
234056,Red Creek Group Site,CO,NPS,Curecanti National Recreation Area,38.485278,-107.240000,True,reservable,1,False,False,False,True,True,22,False,https://www.recreation.gov/camping/campgrounds/234056,
234057,East Elk Creek Group Campsite,CO,NPS,Curecanti National Recreation Area,38.485556,-107.172222,True,reservable,1,False,False,False,True,True,,False,https://www.recreation.gov/camping/campgrounds/234057,
234058,North Campground,UT,NPS,Bryce Canyon National Park,37.634444,-112.166944,True,reservable,103,False,False,False,True,True,99,False,https://www.recreation.gov/camping/campgrounds/234058,
234059,Devils Garden Campground,UT,NPS,Arches National Park,38.776944,-109.589167,True,reservable,57,False,False,False,True,True,40,False,https://www.recreation.gov/camping/campgrounds/234059,https://www.nps.gov/arch/planyourvisit/camping.htm
234060,Newhalem Creek Campground,WA,NPS,North Cascades National Park,48.675000,-121.261111,True,reservable,108,False,False,False,True,True,70,False,https://www.recreation.gov/camping/campgrounds/234060,https://www.recreation.gov/camping/campgrounds/234060
234061,Kettle Falls Campground,WA,NPS,Lake Roosevelt National Recreation Area,48.601500,-118.120277,True,reservable,75,False,False,False,True,True,50,False,https://www.recreation.gov/camping/campgrounds/234061,https://www.nps.gov/laro/planyourvisit/cg-kettlefalls.htm
234062,Fort Spokane,WA,NPS,Lake Roosevelt National Recreation Area,47.904603,-118.309153,True,reservable,68,False,False,False,True,True,50,False,https://www.recreation.gov/camping/campgrounds/234062,https://www.nps.gov/laro/planyourvisit/cg-fortspokane.htm
234064,Spring Canyon,WA,NPS,Lake Roosevelt National Recreation Area,47.933056,-118.939072,True,reservable,78,False,False,False,True,True,35,False,https://www.recreation.gov/camping/campgrounds/234064,https://www.nps.gov/laro/planyourvisit/cg-springcanyon.htm
234065,Evans Group Camp,WA,NPS,Lake Roosevelt National Recreation Area,48.702614,-118.114978,True,reservable,1,False,False,False,True,True,25,False,https://www.recreation.gov/camping/campgrounds/234065,
234066,Kettle Falls Locust Grove Group Site,WA,NPS,Lake Roosevelt National Recreation Area,48.592411,-118.114978,True,reservable,2,False,False,False,True,True,,False,https://www.recreation.gov/camping/campgrounds/234066,
234067,Gifford Group Site,WA,NPS,Lake Roosevelt National Recreation Area,48.286383,-118.311903,True,reservable,1,False,False,False,True,True,30,False,https://www.recreation.gov/camping/campgrounds/234067,https://www.nps.gov/laro/planyourvisit/cg-group-gifford.htm
234068,Hunters Group Site,WA,NPS,Lake Roosevelt National Recreation Area,48.124625,-118.311903,True,reservable,3,False,False,False,True,True,30,False,https://www.recreation.gov/camping/campgrounds/234068,
234071,Spring Canyon Group Site,WA,NPS,Lake Roosevelt National Recreation Area,47.933056,-118.939072,True,reservable,2,False,False,False,True,True,30,False,https://www.recreation.gov/camping/campgrounds/234071,
234072,Tuttletown Recreation Area,CA,BOR,New Melones Lake,37.983889,-120.508056,True,reservable,164,False,False,False,True,True,40,False,https://www.recreation.gov/camping/campgrounds/234072,
234073,Glory Hole Recreation Area,CA,BOR,New Melones Lake,38.007500,-120.540278,True,reservable,144,False,False,False,True,True,90,False,https://www.recreation.gov/camping/campgrounds/234073,
234076,Loon Lake Recreation Site,OR,BLM,,43.597222,-123.840278,True,reservable,52,False,False,False,True,True,86,False,https://www.recreation.gov/camping/campgrounds/234076,
234078,Cottonwood,TX,NPS,Big Bend National Park,29.136944,-103.522222,True,reservable,31,False,False,False,True,False,40,False,https://www.recreation.gov/camping/campgrounds/234078,
234079,Sunset Campground,UT,NPS,Bryce Canyon National Park,37.634444,-112.166944,True,reservable,102,False,False,False,True,True,50,False,https://www.recreation.gov/camping/campgrounds/234079,
234080,Brevoort Lake Campground,MI,FS,Hiawatha National Forest,46.007222,-84.972222,True,partly,72,False,False,False,True,True,45,False,https://www.recreation.gov/camping/campgrounds/234080,
234081,Lake Michigan At St. Ignace,MI,FS,Hiawatha National Forest,45.985833,-84.971667,True,partly,33,False,False,False,True,True,45,False,https://www.recreation.gov/camping/campgrounds/234081,
234083,Carp River Campground,MI,FS,Hiawatha National Forest,46.033056,-84.719167,True,partly,20,False,False,False,True,False,45,False,https://www.recreation.gov/camping/campgrounds/234083,
234085,Crane Prairie Campground,OR,FS,Deschutes National Forest,43.796389,-121.760833,True,reservable,132,False,False,False,True,True,90,False,https://www.recreation.gov/camping/campgrounds/234085,
234086,Big Creek,WA,FS,Gifford Pinchot National Forest,46.735278,-121.970278,True,reservable,29,False,False,False,True,True,20,False,https://www.recreation.gov/camping/campgrounds/234086,
234088,Lower Goodell Group Campground,WA,NPS,North Cascades National Park,48.673333,-121.265833,True,reservable,2,False,False,False,True,True,30,False,https://www.recreation.gov/camping/campgrounds/234088,https://www.recreation.gov/camping/campgrounds/234088
234089,Upper Goodell Group Campground,WA,NPS,North Cascades National Park,48.673333,-121.265833,True,reservable,1,False,False,False,True,True,22,False,https://www.recreation.gov/camping/campgrounds/234089,
234093,Mineral Lake,WI,FS,Chequamegon-Nicolet NF,46.290278,-90.828333,True,reservable,10,False,False,False,True,True,45,False,https://www.recreation.gov/camping/campgrounds/234093,
234094,Pecan Point Park,TX,USACE,Navarro Mills Lake,31.966086,-96.741514,True,reservable,35,True,True,False,True,True,150,False,https://www.recreation.gov/camping/campgrounds/234094,
234095,Lake Three,WI,FS,Chequamegon-Nicolet NF,46.318333,-90.858333,True,reservable,8,False,False,False,True,True,40,False,https://www.recreation.gov/camping/campgrounds/234095,
234096,River Side,ID,FS,Boise National Forest,44.347500,-115.663056,True,partly,8,False,False,False,False,False,100,False,https://www.recreation.gov/camping/campgrounds/234096,
234097,Cozy Cove,ID,FS,Boise National Forest,44.291011,-115.652056,True,partly,16,False,False,False,False,False,100,False,https://www.recreation.gov/camping/campgrounds/234097,
234098,Howers,ID,FS,Boise National Forest,44.323611,-115.648611,True,partly,10,False,False,False,True,True,45,False,https://www.recreation.gov/camping/campgrounds/234098,
234100,Barneys Campground,ID,FS,Boise National Forest,44.333917,-115.650072,True,partly,8,False,False,False,True,True,50,False,https://www.recreation.gov/camping/campgrounds/234100,
234102,Big Hank,ID,FS,Idaho Panhandle National Forests,47.822500,-116.097778,True,reservable,30,False,False,False,True,True,45,False,https://www.recreation.gov/camping/campgrounds/234102,
234103,Willow Prairie Horsecamp,OR,FS,Rogue River-Siskiyou National Forest,42.406404,-122.390731,True,reservable,12,False,False,False,False,True,40,False,https://www.recreation.gov/camping/campgrounds/234103,
234104,Purgatoire Campground,CO,FS,Pike and San Isabel National Forests & Cimarron and Comanche National Grasslands,37.252500,-105.109167,True,reservable,23,False,False,False,True,True,45,False,https://www.recreation.gov/camping/campgrounds/234104,
234105,Alvarado Campground,CO,FS,Pike and San Isabel National Forests & Cimarron and Comanche National Grasslands,38.078889,-105.563333,True,reservable,51,False,False,False,True,True,45,False,https://www.recreation.gov/camping/campgrounds/234105,
234106,Fremont Campground,CA,FS,Los Padres National Forest,34.543056,-119.820278,True,partly,15,False,False,False,True,False,34,False,https://www.recreation.gov/camping/campgrounds/234106,
234107,Upper Coffee Pot,ID,FS,Caribou-Targhee National Forest,44.491111,-111.366111,True,reservable,15,True,False,False,False,False,66,False,https://www.recreation.gov/camping/campgrounds/234107,
234108,Tenderfoot Creek,AK,FS,Chugach National Forest,60.636389,-149.497222,True,reservable,36,False,False,False,False,False,100,False,https://www.recreation.gov/camping/campgrounds/234108,
234109,Old Virginia Group Horse Camp,VA,FS,George Washington & Jefferson National Forest,36.695833,-81.487500,True,reservable,1,False,False,False,True,False,80,False,https://www.recreation.gov/camping/campgrounds/234109,
234110,Porcupine,AK,FS,Chugach National Forest,60.931178,-149.663997,True,reservable,34,False,False,False,True,False,46,False,https://www.recreation.gov/camping/campgrounds/234110,
234111,South Shore Campground,CA,FS,Eldorado National Forest,38.533056,-120.234722,True,reservable,34,False,False,False,False,False,35,False,https://www.recreation.gov/camping/campgrounds/234111,
234112,Granite Creek,AK,FS,Chugach National Forest,60.725278,-149.295556,True,reservable,19,False,False,False,False,False,53,False,https://www.recreation.gov/camping/campgrounds/234112,
234113,Boyington Mill,CA,FS,Tahoe National Forest,39.437500,-120.090833,True,reservable,13,False,False,False,True,True,60,False,https://www.recreation.gov/camping/campgrounds/234113,
234114,Boca Campground,CA,FS,Tahoe National Forest,39.394167,-120.105556,True,reservable,23,False,False,False,True,False,40,False,https://www.recreation.gov/camping/campgrounds/234114,
234115,Boca Rest Campground,CA,FS,Tahoe National Forest,39.419167,-120.086389,True,reservable,39,False,False,False,True,True,45,False,https://www.recreation.gov/camping/campgrounds/234115,
234116,Boca Spring,CA,FS,Tahoe National Forest,39.422500,-120.078611,True,reservable,18,False,False,False,True,True,40,False,https://www.recreation.gov/camping/campgrounds/234116,
234117,Lakeside (Truckee),CA,FS,Tahoe National Forest,39.383194,-120.172242,True,reservable,43,False,False,False,True,True,50,False,https://www.recreation.gov/camping/campgrounds/234117,
234118,Geneva Park Campground,CO,FS,Pike and San Isabel National Forests & Cimarron and Comanche National Grasslands,39.527222,-105.728333,True,reservable,26,False,False,False,True,True,32,False,https://www.recreation.gov/camping/campgrounds/234118,
234120,Bessey Recreation Complex,NE,FS,Nebraska National Forests and Grasslands,41.900611,-100.299139,True,partly,51,True,False,False,True,True,50,False,https://www.recreation.gov/camping/campgrounds/234120,
234128,Buck Hall Recreation Area,SC,FS,Francis Marion and Sumter National Forests,33.037500,-79.562778,True,reservable,20,True,False,False,False,True,40,False,https://www.recreation.gov/camping/campgrounds/234128,
234130,Ausable River Camping,MI,FS,Huron-Manistee National Forests,44.651111,-84.099444,True,reservable,102,False,False,False,True,True,40,False,https://www.recreation.gov/camping/campgrounds/234130,
234132,Spruce Knob Lake,WV,FS,Monongahela National Forest,38.749722,-79.500278,True,partly,42,False,False,False,True,True,30,False,https://www.recreation.gov/camping/campgrounds/234132,
234133,Silver Creek Group Campground,CA,FS,Eldorado National Forest,38.826944,-120.390000,True,reservable,1,False,False,False,True,False,25,False,https://www.recreation.gov/camping/campgrounds/234133,
234135,Fashoda,CA,FS,Eldorado National Forest,38.868200,-120.397461,True,reservable,30,False,False,False,True,False,,False,https://www.recreation.gov/camping/campgrounds/234135,
234137,Edgewater Campground,WA,FS,Colville National Forest,48.755833,-117.405833,True,reservable,19,False,False,False,False,True,72,False,https://www.recreation.gov/camping/campgrounds/234137,
234140,Perry South Campground,OR,FS,Deschutes National Forest,44.587778,-121.448611,True,reservable,91,False,False,False,True,True,50,False,https://www.recreation.gov/camping/campgrounds/234140,
234141,Hog Park Campground,WY,FS,Medicine Bow-Routt NFs & Thunder Basin NG,41.025247,-106.863603,True,reservable,50,False,False,False,False,False,142,False,https://www.recreation.gov/camping/campgrounds/234141,
234146,Steamboat Ball Field Group Site,OR,FS,Umpqua National Forest,43.339939,-122.728500,True,reservable,1,False,False,False,True,False,,False,https://www.recreation.gov/camping/campgrounds/234146,
234147,Wolf Creek Group Site,OR,FS,Umpqua National Forest,43.239400,-122.934900,True,reservable,1,False,False,False,True,True,30,False,https://www.recreation.gov/camping/campgrounds/234147,
234148,Deer Flat Group Site (Horseshoe Bend Campground),OR,FS,Umpqua National Forest,43.288477,-122.627400,True,partly,1,False,False,False,True,False,35,False,https://www.recreation.gov/camping/campgrounds/234148,
234150,Sunny Gulch Campground,ID,FS,Sawtooth National Forest,44.176111,-114.909167,True,partly,46,False,False,False,True,True,35,False,https://www.recreation.gov/camping/campgrounds/234150,
234151,Friendship Campground,UT,FS,Uinta-Wasatch-Cache National Forest,41.660833,-111.665278,True,reservable,8,False,False,False,True,True,,False,https://www.recreation.gov/camping/campgrounds/234151,
234153,Mike Harris,ID,FS,Caribou-Targhee National Forest,43.556389,-111.068889,True,reservable,12,False,False,False,True,True,40,False,https://www.recreation.gov/camping/campgrounds/234153,
234156,Butte Lake,CA,NPS,Lassen Volcanic National Park,40.565000,-121.305278,True,reservable,81,False,False,False,True,True,45,False,https://www.recreation.gov/camping/campgrounds/234156,https://www.nps.gov/lavo/planyourvisit/butte-lake-campground.htm
234162,Butte Lake Group,CA,NPS,Lassen Volcanic National Park,40.565000,-121.305278,True,reservable,6,False,False,False,True,True,45,False,https://www.recreation.gov/camping/campgrounds/234162,
234164,Picnic Point,ID,FS,Boise National Forest,44.650833,-115.672500,True,partly,8,False,False,False,True,True,,False,https://www.recreation.gov/camping/campgrounds/234164,
234169,Morgan Lake Campground And Group Site,WI,FS,Chequamegon-Nicolet NF,45.772778,-88.540833,True,partly,9,False,False,False,True,True,40,False,https://www.recreation.gov/camping/campgrounds/234169,
234171,Lake Canyon Recreation Area,UT,FS,Manti-La Sal National Forest,39.580000,-111.260000,True,reservable,18,False,False,False,True,True,50,False,https://www.recreation.gov/camping/campgrounds/234171,
234172,Bear River Group Campground,CA,FS,Eldorado National Forest,38.533889,-120.218889,True,reservable,4,False,False,False,False,False,,False,https://www.recreation.gov/camping/campgrounds/234172,
234177,Old Miner's Meadow Group Use Area,OR,BLM,Fishermen's Bend Recreation Area,44.585833,-122.350833,True,reservable,1,False,False,False,False,True,,False,https://www.recreation.gov/camping/campgrounds/234177,
234180,Jackrabbit Mountain,NC,FS,National Forests in North Carolina,35.010647,-83.783056,True,reservable,92,False,False,False,True,True,128,False,https://www.recreation.gov/camping/campgrounds/234180,
234181,Potters Creek Park,TX,USACE,Canyon Lake,29.904722,-98.273056,True,reservable,132,True,True,False,True,True,60,False,https://www.recreation.gov/camping/campgrounds/234181,
234182,Mount Pisgah Campground,NC,NPS,Blue Ridge Parkway,35.402778,-82.756667,True,partly,128,False,False,False,True,True,80,False,https://www.recreation.gov/camping/campgrounds/234182,https://www.nps.gov//blri/planyourvisit/mt-pisgah-cg.htm
234190,Lower Penstemon,ID,FS,Sawtooth National Forest,42.195278,-114.283333,True,reservable,7,False,False,False,True,False,30,False,https://www.recreation.gov/camping/campgrounds/234190,
234191,Porcupine Springs,ID,FS,Sawtooth National Forest,42.166944,-114.262222,True,reservable,9,False,False,False,False,False,30,False,https://www.recreation.gov/camping/campgrounds/234191,
234192,Thompson Flat,ID,FS,Sawtooth National Forest,42.324722,-113.623611,True,partly,13,False,False,False,True,True,60,False,https://www.recreation.gov/camping/campgrounds/234192,
234193,Hauser Sand Camping,OR,FS,Siuslaw National Forest,43.489266,-124.226919,True,reservable,25,False,False,False,True,True,100,False,https://www.recreation.gov/camping/campgrounds/234193,
234194,Siltcoos Sand Camping,OR,FS,Siuslaw National Forest,43.881080,-124.149508,True,reservable,16,False,False,False,True,True,100,False,https://www.recreation.gov/camping/campgrounds/234194,
234195,South Jetty Sand Camping,OR,FS,Siuslaw National Forest,43.955485,-124.130851,True,reservable,14,False,False,False,True,True,100,False,https://www.recreation.gov/camping/campgrounds/234195,
234196,Umpqua Sand Camping,OR,FS,Siuslaw National Forest,43.631389,-124.211944,True,reservable,27,False,False,False,True,True,100,False,https://www.recreation.gov/camping/campgrounds/234196,
234197,Seedhouse Group Site,CO,FS,Medicine Bow-Routt NFs & Thunder Basin NG,40.773611,-106.734167,True,partly,1,False,True,False,True,False,,False,https://www.recreation.gov/camping/campgrounds/234197,
234199,White Flint Park,TX,USACE,Belton Lake,31.231111,-97.472222,True,reservable,25,True,True,False,True,True,60,False,https://www.recreation.gov/camping/campgrounds/234199,
234203,Beaver Sulphur Group Campground,OR,FS,Rogue River-Siskiyou National Forest,42.112658,-123.033383,True,reservable,1,False,False,False,False,False,20,False,https://www.recreation.gov/camping/campgrounds/234203,
234205,Miners Retreat,OR,FS,Umatilla National Forest,44.796629,-118.498111,True,reservable,1,False,False,False,True,False,,False,https://www.recreation.gov/camping/campgrounds/234205,
234207,Ward Mtn. Campground (Murray Summit),NV,FS,Humboldt-Toiyabe National Forest Headquarters,39.212453,-114.967589,True,partly,35,False,False,False,True,True,40,False,https://www.recreation.gov/camping/campgrounds/234207,
234208,Timber Creek Campground,NV,FS,Humboldt-Toiyabe National Forest Headquarters,39.400000,-114.627500,True,reservable,9,False,False,False,True,True,35,False,https://www.recreation.gov/camping/campgrounds/234208,
234209,Bird Creek Campground,NV,FS,Humboldt-Toiyabe National Forest Headquarters,39.463333,-114.653056,True,reservable,10,False,False,False,True,True,,False,https://www.recreation.gov/camping/campgrounds/234209,
234210,Prosser Family,CA,FS,Tahoe National Forest,39.377646,-120.162514,True,reservable,30,False,False,False,True,True,60,False,https://www.recreation.gov/camping/campgrounds/234210,
234211,South Fork Group Site,CO,FS,Arapaho & Roosevelt National Forests Pawnee NG,39.794053,-106.030628,True,partly,1,False,False,False,True,False,30,False,https://www.recreation.gov/camping/campgrounds/234211,
234214,Black Canyon Campground,OR,FS,Willamette National Forest,43.806667,-122.597222,True,partly,74,False,True,False,True,False,44,False,https://www.recreation.gov/camping/campgrounds/234214,
234216,Hard Rock Campground,OR,FS,Willamette National Forest,44.038611,-122.202778,True,reservable,1,False,False,False,True,True,36,False,https://www.recreation.gov/camping/campgrounds/234216,
234218,Red Diamond Campground,OR,FS,Willamette National Forest,44.002222,-122.172778,True,reservable,1,False,False,False,True,True,60,False,https://www.recreation.gov/camping/campgrounds/234218,
234219,Shadow Bay,OR,FS,Willamette National Forest,43.693056,-122.041667,True,partly,57,False,False,False,True,True,40,False,https://www.recreation.gov/camping/campgrounds/234219,
234221,Dead Swede,WY,FS,Bighorn National Forest,44.689167,-107.446667,True,reservable,21,False,False,False,True,True,60,False,https://www.recreation.gov/camping/campgrounds/234221,
234228,Standing Indian Campground,NC,FS,National Forests in North Carolina,35.078611,-83.531944,True,partly,81,False,False,False,True,False,50,False,https://www.recreation.gov/camping/campgrounds/234228,
234230,Miners Gulch,UT,FS,Ashley National Forest,40.532778,-110.622778,True,reservable,1,False,False,False,False,True,24,False,https://www.recreation.gov/camping/campgrounds/234230,
234234,Rock Creek Group,UT,FS,Ashley National Forest,40.530000,-110.611667,True,reservable,1,False,False,False,False,True,30,False,https://www.recreation.gov/camping/campgrounds/234234,
234245,Gooseberry Admin Site Cabins,UT,FS,Fishlake National Forest,38.801111,-111.683333,True,reservable,1,False,False,False,False,True,30,False,https://www.recreation.gov/camping/campgrounds/234245,
234253,Fort Hamby Park,NC,USACE,W. Kerr Scott Dam & Reservoir,36.129881,-81.272144,True,reservable,36,True,True,False,True,True,143,False,https://www.recreation.gov/camping/campgrounds/234253,
234254,Grouse Campground,ID,FS,Payette National Forest,45.068056,-116.166944,True,reservable,23,False,False,False,True,True,,False,https://www.recreation.gov/camping/campgrounds/234254,
234257,Oak Creek Campground,UT,FS,Fishlake National Forest,39.349703,-112.266819,True,reservable,23,False,False,False,True,True,45,False,https://www.recreation.gov/camping/campgrounds/234257,
234264,North Fork,ID,FS,Sawtooth National Forest,43.788333,-114.424444,True,partly,28,False,False,False,False,True,45,False,https://www.recreation.gov/camping/campgrounds/234264,
234265,Elkhorn Campground,UT,FS,Fishlake National Forest,38.463471,-111.456588,True,partly,8,False,False,False,False,True,70,False,https://www.recreation.gov/camping/campgrounds/234265,
234267,Horsfall Beach,OR,FS,Siuslaw National Forest,43.453610,-124.276110,True,reservable,34,False,False,False,True,True,61,False,https://www.recreation.gov/camping/campgrounds/234267,
234275,Bonanza CCC Group Campground,ID,FS,Salmon-Challis National Forest,44.369444,-114.723611,True,reservable,1,False,False,False,False,True,45,False,https://www.recreation.gov/camping/campgrounds/234275,
234277,North Abutment,MS,USACE,Grenada Lake,33.846944,-89.774444,True,reservable,89,True,True,True,True,True,70,False,https://www.recreation.gov/camping/campgrounds/234277,
234280,Tuttle Creek Cove,KS,USACE,Tuttle Creek Lake,39.277139,-96.630875,True,reservable,39,True,True,False,True,True,90,False,https://www.recreation.gov/camping/campgrounds/234280,
234283,Fales Flat Campground,MT,FS,Bitterroot National Forest,45.746111,-114.443333,True,partly,3,False,False,False,False,True,50,False,https://www.recreation.gov/camping/campgrounds/234283,
234287,Manzanita,AZ,FS,Coconino National Forest Recreation,34.941667,-111.741667,True,partly,19,False,False,False,True,True,,False,https://www.recreation.gov/camping/campgrounds/234287,
234289,Contorta Point Group Camp,OR,FS,Deschutes National Forest,43.461389,-122.007500,True,reservable,2,False,False,False,True,True,40,False,https://www.recreation.gov/camping/campgrounds/234289,
234290,Coldwater Campground,CA,FS,Inyo National Forest,37.599495,-118.996669,True,reservable,74,False,False,False,True,True,43,False,https://www.recreation.gov/camping/campgrounds/234290,
234291,Larry Creek Group Camp,MT,FS,Bitterroot National Forest,46.586046,-114.126513,True,reservable,1,False,False,False,False,False,30,False,https://www.recreation.gov/camping/campgrounds/234291,
234297,Adelaide Campground,UT,FS,Fishlake National Forest,38.758333,-112.366667,True,reservable,10,False,True,False,True,True,70,False,https://www.recreation.gov/camping/campgrounds/234297,
234302,Maple Grove,UT,FS,Fishlake National Forest,39.015239,-112.089656,True,partly,23,False,False,False,True,True,35,False,https://www.recreation.gov/camping/campgrounds/234302,
234306,Eagle Creek Overlook Grp Site,OR,FS,Columbia River Gorge National Scenic Area,45.642026,-121.930379,True,reservable,1,False,False,False,True,True,,False,https://www.recreation.gov/camping/campgrounds/234306,
234308,Sunglow Campground,UT,FS,Fishlake National Forest,38.341667,-111.518889,True,reservable,8,False,False,False,True,True,75,False,https://www.recreation.gov/camping/campgrounds/234308,
234310,Lost Lake Group Unit,WA,FS,Colville National Forest,48.852500,-119.050833,True,reservable,1,False,False,False,True,True,45,False,https://www.recreation.gov/camping/campgrounds/234310,
234311,Convict Lake Campground,CA,FS,Inyo National Forest,37.598889,-118.850833,True,partly,48,False,False,False,True,True,55,False,https://www.recreation.gov/camping/campgrounds/234311,
234312,Loristica Group Campground,ID,FS,Salmon-Challis National Forest,44.022778,-113.466944,True,reservable,1,False,False,False,False,False,25,False,https://www.recreation.gov/camping/campgrounds/234312,
234313,Swan Cabin Group Camp,NC,FS,National Forests in North Carolina,35.359722,-84.003056,True,reservable,1,False,False,False,True,True,30,False,https://www.recreation.gov/camping/campgrounds/234313,
234323,Live Oak South,CA,FS,Sequoia National Forest,35.702152,-118.460662,False,first-come,90,False,False,False,True,False,10,False,,
234329,Twin Lakes Campground,CA,FS,Inyo National Forest,37.616109,-119.006640,True,reservable,94,False,False,False,True,True,55,False,https://www.recreation.gov/camping/campgrounds/234329,
234330,Silver Lake Campground June Lake,CA,FS,Inyo National Forest,37.783114,-119.126491,True,reservable,63,False,False,False,True,True,38,False,https://www.recreation.gov/camping/campgrounds/234330,
234344,Carter Meadows Horse Group,CA,FS,Klamath National Forest,41.222000,-122.911000,True,reservable,1,False,False,False,True,True,,False,https://www.recreation.gov/camping/campgrounds/234344,
234346,Big Larch Campground,MT,FS,Lolo National Forest,47.192222,-113.493889,True,partly,58,False,False,False,True,True,51,False,https://www.recreation.gov/camping/campgrounds/234346,
234348,Nordheimer Group Sites,CA,FS,Six Rivers National Forest,41.298611,-123.363889,True,partly,4,False,False,False,True,False,,False,https://www.recreation.gov/camping/campgrounds/234348,
234349,Indian Scotty Campground,CA,FS,Klamath National Forest,41.632222,-123.081944,True,reservable,28,False,False,False,True,True,,False,https://www.recreation.gov/camping/campgrounds/234349,
234357,Pulltite,MO,NPS,Ozark National Scenic Riverways,37.334444,-91.483056,True,reservable,58,False,True,False,True,True,60,False,https://www.recreation.gov/camping/campgrounds/234357,https://www.nps.gov/ozar/planyourvisit/pulltite-campground.htm
234362,Ratcliff Lake Recreation Area,TX,FS,National Forests and Grasslands in Texas,31.388333,-95.155000,True,partly,65,True,True,True,True,True,60,False,https://www.recreation.gov/camping/campgrounds/234362,
234370,Rattler Ford Group Campground,NC,FS,National Forests in North Carolina,35.360603,-83.915625,True,reservable,4,False,False,False,False,True,30,False,https://www.recreation.gov/camping/campgrounds/234370,
234374,Willis Knob Horse Camp,GA,FS,Chattahoochee-Oconee National Forest,34.899444,-83.222500,True,reservable,8,True,True,False,True,True,60,False,https://www.recreation.gov/camping/campgrounds/234374,
234380,Steel Creek Group Campground,ID,FS,Caribou-Targhee National Forest,44.465556,-112.021111,True,reservable,1,False,False,False,False,True,,False,https://www.recreation.gov/camping/campgrounds/234380,
234381,Stoddard Creek Campground,ID,FS,Caribou-Targhee National Forest,44.417500,-112.216667,True,reservable,21,False,True,True,True,True,40,False,https://www.recreation.gov/camping/campgrounds/234381,
234382,Spanish Creek Campground,CA,FS,Plumas National Forest,40.026944,-120.964444,True,partly,27,False,False,False,True,True,99,False,https://www.recreation.gov/camping/campgrounds/234382,
234400,Sarah Totten Campground,CA,FS,Klamath National Forest,41.786784,-123.053517,True,partly,11,False,False,False,False,False,24,False,https://www.recreation.gov/camping/campgrounds/234400,
234401,Curly Jack Campground,CA,FS,Klamath National Forest,41.786203,-123.390821,True,reservable,16,False,False,False,False,False,40,False,https://www.recreation.gov/camping/campgrounds/234401,
234407,Ponderosa Group Campground,UT,FS,Uinta-Wasatch-Cache National Forest,40.583611,-111.100278,True,reservable,1,False,False,False,True,True,37,False,https://www.recreation.gov/camping/campgrounds/234407,
234424,Harmon Den Campground,NC,FS,National Forests in North Carolina,35.758611,-82.976667,True,partly,22,False,False,False,True,False,30,False,https://www.recreation.gov/camping/campgrounds/234424,
234440,Johnson Bar Group Site,ID,FS,Nez Perce-Clearwater National Forests,46.103611,-115.559167,True,partly,1,False,False,False,False,False,,False,https://www.recreation.gov/camping/campgrounds/234440,
234441,Two Rivers,MO,NPS,Ozark National Scenic Riverways,37.193889,-91.282778,True,reservable,22,False,False,False,True,True,28,False,https://www.recreation.gov/camping/campgrounds/234441,https://www.nps.gov/ozar/planyourvisit/two-rivers-campground.htm
234442,Akers,MO,NPS,Ozark National Scenic Riverways,37.383060,-91.569440,True,reservable,4,False,False,False,False,True,,False,https://www.recreation.gov/camping/campgrounds/234442,
234443,Fish Creek Group Use,ID,FS,Nez Perce-Clearwater National Forests,45.843056,-116.083333,True,reservable,1,False,False,False,False,False,20,False,https://www.recreation.gov/camping/campgrounds/234443,
234446,South Fork Group Site 5,ID,FS,Nez Perce-Clearwater National Forests,45.830278,-115.971944,True,partly,1,False,False,False,False,False,,False,https://www.recreation.gov/camping/campgrounds/234446,
234450,Cassidy Bridge Primitive Camp,SC,FS,Francis Marion and Sumter National Forests,34.786153,-83.210132,True,reservable,1,False,False,False,False,True,,False,https://www.recreation.gov/camping/campgrounds/234450,
234452,Aspen Grove Group Use Area,MT,FS,Helena-Lewis and Clark National Forest,46.980270,-112.526260,True,reservable,1,False,False,False,False,False,20,False,https://www.recreation.gov/camping/campgrounds/234452,
234455,Tree Of Heaven Campground,CA,FS,Klamath National Forest,41.830935,-122.659884,True,reservable,22,False,False,False,False,False,40,False,https://www.recreation.gov/camping/campgrounds/234455,
234460,Cedar Creek (Sam Tobias),NM,FS,Lincoln National Forest,33.361389,-105.684722,True,reservable,4,False,False,False,False,False,35,False,https://www.recreation.gov/camping/campgrounds/234460,
234463,Yaak River Campground,MT,FS,Kootenai National Forest,48.559050,-115.972975,True,reservable,46,False,False,False,True,True,30,False,https://www.recreation.gov/camping/campgrounds/234463,
234464,South Dickey Lake,MT,FS,Kootenai National Forest,48.706861,-114.812367,True,partly,1,False,False,False,True,True,,False,https://www.recreation.gov/camping/campgrounds/234464,
234465,Mcgillivray Campground,MT,FS,Kootenai National Forest,48.483333,-115.300000,True,reservable,39,False,False,False,True,True,40,False,https://www.recreation.gov/camping/campgrounds/234465,
234466,Timberlane Campground,MT,FS,Kootenai National Forest,48.488889,-115.525000,True,reservable,1,False,False,False,True,True,,False,https://www.recreation.gov/camping/campgrounds/234466,
234469,Lake Winfield Scott Recreation Area,GA,FS,Chattahoochee-Oconee National Forest,34.740333,-83.892000,True,reservable,34,True,True,False,True,True,40,False,https://www.recreation.gov/camping/campgrounds/234469,
234472,Tally Lake Campground,MT,FS,Flathead National Forest,48.413610,-114.585560,True,partly,41,False,False,False,True,True,60,False,https://www.recreation.gov/camping/campgrounds/234472,
234474,Lid Creek Campground,MT,FS,Flathead National Forest,48.283890,-113.908330,True,partly,23,False,False,False,True,True,49,False,https://www.recreation.gov/camping/campgrounds/234474,
234475,Junction Creek Campground,CO,FS,San Juan National Forest,37.336111,-107.915000,True,reservable,45,True,False,False,True,True,65,False,https://www.recreation.gov/camping/campgrounds/234475,
234476,Potomac Group Campground,NY,FS,Green Mountain & Finger Lakes National Forests,42.492039,-76.787968,True,reservable,1,False,False,False,False,False,,False,https://www.recreation.gov/camping/campgrounds/234476,
234478,Jennings Ferry,AL,USACE,Black Warrior and Tombigbee Lakes,32.807808,-87.811206,True,reservable,52,True,True,False,True,True,168,False,https://www.recreation.gov/camping/campgrounds/234478,
234479,Whetstone Horse Camp,SC,FS,Francis Marion and Sumter National Forests,34.864767,-83.225186,True,reservable,18,False,False,False,False,True,,False,https://www.recreation.gov/camping/campgrounds/234479,
234480,Swan Lake Campground,MT,FS,Flathead National Forest,47.936390,-113.850560,True,partly,43,False,True,False,True,True,75,False,https://www.recreation.gov/camping/campgrounds/234480,
234484,Emery Bay Campground,MT,FS,Flathead National Forest,48.332500,-113.949444,True,partly,28,False,True,False,True,True,99,False,https://www.recreation.gov/camping/campgrounds/234484,
234485,Big Creek Campground,MT,FS,Flathead National Forest,48.598975,-114.163656,True,partly,23,False,False,False,True,True,48,False,https://www.recreation.gov/camping/campgrounds/234485,
234486,Holland Lake Campground,MT,FS,Flathead National Forest,47.452700,-113.605200,True,partly,43,False,False,False,True,False,74,False,https://www.recreation.gov/camping/campgrounds/234486,
234488,Tusayan - Montane,AZ,FS,Kaibab National Forest,35.936944,-112.123056,True,reservable,167,False,False,False,True,True,50,False,https://www.recreation.gov/camping/campgrounds/234488,
234490,Markham Springs,MO,FS,Mark Twain National Forest,36.973333,-90.601667,True,reservable,33,True,False,False,True,True,,False,https://www.recreation.gov/camping/campgrounds/234490,
234498,Salmon Cove Group Site,WA,FS,Okanogan-Wenatchee National Forest,46.960833,-121.276667,True,reservable,1,False,False,False,False,False,40,False,https://www.recreation.gov/camping/campgrounds/234498,
234499,Cedro Peak Camping Sites - Robin And Jay,NM,FS,Cibola National Forest and Grasslands,35.033056,-106.349722,True,reservable,2,False,False,False,False,False,20,False,https://www.recreation.gov/camping/campgrounds/234499,
234501,Middle Fork Campground,WA,FS,Mt. Baker-Snoqualmie National Forest,47.548611,-121.541667,True,reservable,39,False,False,False,True,True,46,False,https://www.recreation.gov/camping/campgrounds/234501,
234502,Alder Dune,OR,FS,Siuslaw National Forest,44.069167,-124.101944,True,reservable,39,False,False,False,True,True,75,False,https://www.recreation.gov/camping/campgrounds/234502,
234503,South Fork Group Site,WA,FS,Okanogan-Wenatchee National Forest,46.622013,-121.130493,True,reservable,1,False,False,False,False,False,40,False,https://www.recreation.gov/camping/campgrounds/234503,
234504,Mendenhall Campground,AK,FS,Tongass National Forest,58.413889,-134.561111,True,reservable,68,True,True,True,True,True,60,False,https://www.recreation.gov/camping/campgrounds/234504,
234505,Elk Creek Campground,ID,FS,Nez Perce-Clearwater National Forests,46.791944,-116.173056,True,partly,13,False,False,False,False,False,40,False,https://www.recreation.gov/camping/campgrounds/234505,
234509,Stove Prairie,CO,FS,Arapaho & Roosevelt National Forests Pawnee NG,40.683386,-105.396647,True,reservable,9,False,False,False,True,False,40,False,https://www.recreation.gov/camping/campgrounds/234509,
234510,Narrows,CO,FS,Arapaho & Roosevelt National Forests Pawnee NG,40.691292,-105.432139,True,reservable,15,False,False,False,True,False,60,False,https://www.recreation.gov/camping/campgrounds/234510,
234512,Ansel Watrous,CO,FS,Arapaho & Roosevelt National Forests Pawnee NG,40.689708,-105.349164,True,reservable,17,False,False,False,True,False,40,False,https://www.recreation.gov/camping/campgrounds/234512,
234513,Big Scrub Campground,FL,FS,National Forests in Florida,29.050278,-81.762500,True,reservable,49,True,True,True,False,False,40,False,https://www.recreation.gov/camping/campgrounds/234513,
234514,Lake Shore Group Camp,FL,FS,National Forests in Florida,29.274167,-81.915833,True,reservable,1,False,False,False,False,False,,False,https://www.recreation.gov/camping/campgrounds/234514,
234516,Mill Dam Group Camp,FL,FS,National Forests in Florida,29.181111,-81.831111,True,reservable,1,False,False,False,False,False,,False,https://www.recreation.gov/camping/campgrounds/234516,
234519,Cottonwood Group Campsite,WY,FS,Bridger-Teton National Forest,42.641111,-110.816944,True,partly,2,False,False,False,True,True,,False,https://www.recreation.gov/camping/campgrounds/234519,
234524,Juniper Lake Group,CA,NPS,Lassen Volcanic National Park,40.451111,-121.295833,True,reservable,2,False,False,False,True,True,,False,https://www.recreation.gov/camping/campgrounds/234524,
234526,Sylvania Wilderness Backcountry Camping,MI,FS,Ottawa National Forest,46.244722,-89.310556,True,partly,50,False,False,False,False,False,,False,https://www.recreation.gov/camping/campgrounds/234526,
234527,Houston Recreation Area,AL,FS,National Forests in Alabama,34.121389,-87.285556,True,reservable,75,False,False,False,True,True,30,False,https://www.recreation.gov/camping/campgrounds/234527,
234529,Jacob Lake Recreation Area,AZ,FS,Kaibab National Forest,36.700000,-112.209722,True,reservable,54,False,False,False,True,True,100,False,https://www.recreation.gov/camping/campgrounds/234529,
234530,Ribbonwood Equestrian CG,CA,FS,San Bernardino National Forest,33.576111,-116.454722,True,reservable,9,False,True,False,True,True,,False,https://www.recreation.gov/camping/campgrounds/234530,
234534,Union Flat,CA,FS,Tahoe National Forest,39.568073,-120.744984,True,reservable,11,False,False,False,True,True,50,False,https://www.recreation.gov/camping/campgrounds/234534,
234535,Packsaddle,CA,FS,Tahoe National Forest,39.624715,-120.649859,True,reservable,18,False,False,False,True,True,100,False,https://www.recreation.gov/camping/campgrounds/234535,
234536,Berger,CA,FS,Tahoe National Forest,39.627778,-120.644722,True,reservable,9,False,False,False,True,True,50,False,https://www.recreation.gov/camping/campgrounds/234536,
234537,Diablo,CA,FS,Tahoe National Forest,39.633056,-120.637778,True,reservable,19,False,False,False,True,True,60,False,https://www.recreation.gov/camping/campgrounds/234537,
234538,Cal-Ida,CA,FS,Tahoe National Forest,39.520000,-120.996667,True,reservable,19,False,False,False,True,True,30,False,https://www.recreation.gov/camping/campgrounds/234538,
234539,Sardine Lake,CA,FS,Tahoe National Forest,39.619689,-120.617159,True,reservable,27,False,False,False,True,True,48,False,https://www.recreation.gov/camping/campgrounds/234539,
234540,Salmon Creek,CA,FS,Tahoe National Forest,39.623461,-120.612441,True,reservable,32,False,False,False,True,True,45,False,https://www.recreation.gov/camping/campgrounds/234540,
234541,Loganville,CA,FS,Tahoe National Forest,39.564722,-120.661111,True,reservable,19,False,False,False,True,True,40,False,https://www.recreation.gov/camping/campgrounds/234541,
234542,Fiddle Creek,CA,FS,Tahoe National Forest,39.518333,-120.992500,True,reservable,15,False,False,False,True,True,15,False,https://www.recreation.gov/camping/campgrounds/234542,
234543,Ramshorn,CA,FS,Tahoe National Forest,39.539312,-120.911519,True,reservable,16,False,False,False,True,True,20,False,https://www.recreation.gov/camping/campgrounds/234543,
234544,Wild Plum,CA,FS,Tahoe National Forest,39.566812,-120.602764,True,reservable,47,False,False,False,True,True,43,False,https://www.recreation.gov/camping/campgrounds/234544,
234545,Sierra,CA,FS,Tahoe National Forest,39.631663,-120.557752,True,reservable,16,False,False,False,True,True,80,False,https://www.recreation.gov/camping/campgrounds/234545,
234546,Chapman,CA,FS,Tahoe National Forest,39.629444,-120.544722,True,reservable,26,False,False,False,True,True,45,False,https://www.recreation.gov/camping/campgrounds/234546,
234547,Carlton,CA,FS,Tahoe National Forest,39.519167,-120.999722,True,reservable,17,False,False,False,True,False,,False,https://www.recreation.gov/camping/campgrounds/234547,
234548,Indian Valley,CA,FS,Tahoe National Forest,39.513678,-120.983507,True,reservable,17,False,False,False,True,True,40,False,https://www.recreation.gov/camping/campgrounds/234548,
234549,Rocky Rest,CA,FS,Tahoe National Forest,39.513501,-120.977713,True,reservable,10,False,False,False,True,True,30,False,https://www.recreation.gov/camping/campgrounds/234549,
234551,Dumont Campground,CO,FS,Medicine Bow-Routt NFs & Thunder Basin NG,40.404019,-106.623517,True,partly,22,False,False,False,True,True,,False,https://www.recreation.gov/camping/campgrounds/234551,
234552,Seedhouse Campground,CO,FS,Medicine Bow-Routt NFs & Thunder Basin NG,40.772383,-106.771467,True,partly,24,False,False,False,True,True,,False,https://www.recreation.gov/camping/campgrounds/234552,
234553,Lightning Point Group Campground,CA,FS,Angeles National Forest,34.371944,-118.183056,True,reservable,6,False,False,False,True,True,40,False,https://www.recreation.gov/camping/campgrounds/234553,
234554,Coulter Group Campground,CA,FS,Angeles National Forest,34.322778,-118.017778,True,reservable,1,False,False,False,True,False,40,False,https://www.recreation.gov/camping/campgrounds/234554,
234555,Bandido Group Campground,CA,FS,Angeles National Forest,34.345278,-118.004722,True,reservable,5,False,False,False,True,True,40,False,https://www.recreation.gov/camping/campgrounds/234555,
234557,Bolar Mountain Recreation Area,VA,FS,George Washington & Jefferson National Forest,37.983611,-79.966944,True,reservable,125,True,True,True,True,True,50,False,https://www.recreation.gov/camping/campgrounds/234557,
234558,Mcclintic Point,VA,FS,George Washington & Jefferson National Forest,37.983611,-79.966944,True,reservable,24,False,False,False,True,False,21,False,https://www.recreation.gov/camping/campgrounds/234558,
234563,Ponderosa,AZ,FS,Tonto National Forest,34.298889,-111.114167,True,partly,52,False,False,False,True,True,130,False,https://www.recreation.gov/camping/campgrounds/234563,
234564,Whitetail Campground,AZ,FS,Coronado National Forest,32.411944,-110.731944,True,reservable,5,True,False,False,True,True,26,False,https://www.recreation.gov/camping/campgrounds/234564,
234573,Lower Hyalite Group,MT,FS,Custer Gallatin National Forest,45.545833,-111.049722,True,reservable,1,False,False,False,True,True,,False,https://www.recreation.gov/camping/campgrounds/234573,
234574,Raccoon Branch Campground,VA,FS,George Washington & Jefferson National Forest,36.747489,-81.424744,True,reservable,20,True,True,False,True,False,60,False,https://www.recreation.gov/camping/campgrounds/234574,
234575,Stony Fork Campground,VA,FS,George Washington & Jefferson National Forest,37.009722,-81.181667,True,reservable,53,True,True,False,True,True,132,False,https://www.recreation.gov/camping/campgrounds/234575,
234576,Big Springs Grp. Area - Island Park,ID,FS,Caribou-Targhee National Forest,44.497778,-111.255556,True,reservable,1,False,False,False,False,True,45,False,https://www.recreation.gov/camping/campgrounds/234576,
234577,Waxmyrtle Campground,OR,FS,Siuslaw National Forest,43.875278,-124.144170,True,reservable,57,False,False,False,True,True,85,False,https://www.recreation.gov/camping/campgrounds/234577,
234578,Lagoon Campground,OR,FS,Siuslaw National Forest,43.879545,-124.142191,True,reservable,41,False,False,False,True,False,85,False,https://www.recreation.gov/camping/campgrounds/234578,
234579,Bluebill Campground,OR,FS,Siuslaw National Forest,43.450606,-124.262427,True,reservable,19,False,False,False,True,True,85,False,https://www.recreation.gov/camping/campgrounds/234579,
234583,Cheoah Point Campground,NC,FS,National Forests in North Carolina,35.369167,-83.871944,True,reservable,23,True,False,False,False,False,40,False,https://www.recreation.gov/camping/campgrounds/234583,
234586,Lake Wedington,AR,FS,Ozark-St. Francis National Forests,36.091667,-94.370833,True,reservable,27,True,True,False,True,True,30,False,https://www.recreation.gov/camping/campgrounds/234586,
234587,North Fork,CA,FS,Tahoe National Forest,39.271467,-120.658122,True,reservable,16,False,False,False,True,False,50,False,https://www.recreation.gov/camping/campgrounds/234587,
234589,Big Bend Group,CA,FS,Tahoe National Forest,39.306389,-120.519444,True,reservable,2,False,False,False,True,True,22,False,https://www.recreation.gov/camping/campgrounds/234589,
234590,Morganton Point,GA,FS,Chattahoochee-Oconee National Forest,34.875000,-84.250000,True,partly,44,True,True,True,True,True,30,False,https://www.recreation.gov/camping/campgrounds/234590,
234591,Skillman,CA,FS,Tahoe National Forest,39.318430,-120.791918,True,reservable,17,False,False,False,True,True,35,False,https://www.recreation.gov/camping/campgrounds/234591,
234592,Indian Springs,CA,FS,Tahoe National Forest,39.329339,-120.569431,True,reservable,36,False,False,False,True,True,35,False,https://www.recreation.gov/camping/campgrounds/234592,
234593,Rock Canyon,UT,FS,Uinta-Wasatch-Cache National Forest,40.268056,-111.580278,True,reservable,6,False,False,False,True,True,20,False,https://www.recreation.gov/camping/campgrounds/234593,
234594,Big Game Campground,WY,FS,Shoshone National Forest,44.461667,-109.605000,True,reservable,14,False,False,False,False,False,120,False,https://www.recreation.gov/camping/campgrounds/234594,
234595,Hunter Peak,WY,FS,Shoshone National Forest,44.884722,-109.654444,True,reservable,8,False,False,False,False,False,56,False,https://www.recreation.gov/camping/campgrounds/234595,
234596,Cow Creek South,CO,FS,White River National Forest,39.879444,-106.277222,True,reservable,44,False,False,False,True,True,90,False,https://www.recreation.gov/camping/campgrounds/234596,
234597,River Forest Group Site,FL,FS,National Forests in Florida,29.012869,-81.390761,True,reservable,1,False,False,False,False,False,,False,https://www.recreation.gov/camping/campgrounds/234597,
234598,Pearch Creek Campground,CA,FS,Six Rivers National Forest,41.308889,-123.520833,True,reservable,10,False,False,False,True,False,40,False,https://www.recreation.gov/camping/campgrounds/234598,
234599,Doe Lake Group Site,FL,FS,National Forests in Florida,29.042486,-81.820831,True,reservable,1,False,True,False,False,False,,False,https://www.recreation.gov/camping/campgrounds/234599,
234606,Wapiti Campground,WY,FS,Shoshone National Forest,44.466111,-109.623611,True,reservable,40,True,False,False,True,False,145,False,https://www.recreation.gov/camping/campgrounds/234606,
234608,Oak Bottom Campground,CA,FS,Six Rivers National Forest,41.377222,-123.451389,True,partly,25,False,False,False,True,False,40,False,https://www.recreation.gov/camping/campgrounds/234608,
234612,Soldier Lake,MI,FS,Hiawatha National Forest,46.350556,-84.868333,True,partly,44,False,False,False,True,False,75,False,https://www.recreation.gov/camping/campgrounds/234612,
234613,Bay View,MI,FS,Hiawatha National Forest,46.460000,-84.779444,True,partly,24,False,False,False,True,False,50,False,https://www.recreation.gov/camping/campgrounds/234613,
234614,Alta Campground,MT,FS,Bitterroot National Forest,45.623889,-114.301944,True,reservable,14,False,False,False,True,True,70,False,https://www.recreation.gov/camping/campgrounds/234614,
234615,Mahogany Cove Campground,UT,FS,Fishlake National Forest,38.269167,-112.485833,True,reservable,9,False,False,False,True,True,66,False,https://www.recreation.gov/camping/campgrounds/234615,
234616,Evergreen Campground,ID,FS,Payette National Forest,44.892500,-116.386667,True,reservable,14,False,False,False,True,False,35,False,https://www.recreation.gov/camping/campgrounds/234616,
234617,Monocle Lake,MI,FS,Hiawatha National Forest,46.472500,-84.639167,True,partly,42,False,False,False,True,True,80,False,https://www.recreation.gov/camping/campgrounds/234617,
234618,Rombo,MT,FS,Bitterroot National Forest,45.765000,-114.280556,True,reservable,16,False,False,False,False,False,65,False,https://www.recreation.gov/camping/campgrounds/234618,
234619,Mann Creek Campground,ID,FS,Payette National Forest,44.412244,-116.910113,True,reservable,15,False,False,False,True,False,55,False,https://www.recreation.gov/camping/campgrounds/234619,
234620,Three Lakes,MI,FS,Hiawatha National Forest,46.319167,-84.978889,True,partly,13,False,False,False,False,False,20,False,https://www.recreation.gov/camping/campgrounds/234620,
234626,Lower Twilight Group Site,AZ,FS,Coronado National Forest,32.644444,-109.825833,True,reservable,1,False,False,False,True,True,40,False,https://www.recreation.gov/camping/campgrounds/234626,
234627,Upper Twilight Group Site,AZ,FS,Coronado National Forest,32.644444,-109.825833,True,reservable,1,False,False,False,True,True,40,False,https://www.recreation.gov/camping/campgrounds/234627,
234628,Murrell Park,TX,USACE,Grapevine Lake,32.997500,-97.089167,True,reservable,22,False,False,False,True,True,20,False,https://www.recreation.gov/camping/campgrounds/234628,
234633,Sycamore Grove (Red Bluff) Campground,CA,FS,Mendocino National Forest,40.156053,-122.204069,True,reservable,31,True,True,False,True,True,44,False,https://www.recreation.gov/camping/campgrounds/234633,
234643,Tejas Park,TX,USACE,Georgetown Lake,30.695944,-97.827117,True,reservable,13,False,False,False,True,True,20,False,https://www.recreation.gov/camping/campgrounds/234643,
234647,Farnum Creek,KS,USACE,Milford Lake,39.153431,-96.896661,True,reservable,51,True,True,False,True,True,,False,https://www.recreation.gov/camping/campgrounds/234647,
234648,Vallecito Campground,CO,FS,San Juan National Forest,37.477500,-107.546667,True,reservable,79,True,False,False,True,True,50,False,https://www.recreation.gov/camping/campgrounds/234648,
234649,Mavreeso Campground,CO,FS,San Juan National Forest,37.651111,-108.296944,True,reservable,19,True,False,False,True,True,60,False,https://www.recreation.gov/camping/campgrounds/234649,
234650,Mad River Campground,CA,FS,Six Rivers National Forest,40.403611,-123.467222,True,partly,35,False,False,False,True,True,35,False,https://www.recreation.gov/camping/campgrounds/234650,
234651,Dam Site Lake Campground,AR,USACE,Beaver Lake,36.420297,-93.855406,True,reservable,48,True,True,False,True,True,82,False,https://www.recreation.gov/camping/campgrounds/234651,
234653,Silver Creek Campground,ID,FS,Boise National Forest,44.330833,-115.804167,True,partly,57,False,False,False,True,True,50,False,https://www.recreation.gov/camping/campgrounds/234653,
234656,Lake Cleveland - East Side,ID,FS,Sawtooth National Forest,42.323333,-113.646944,True,partly,8,False,False,False,True,True,60,False,https://www.recreation.gov/camping/campgrounds/234656,
234662,Widewaters Campground,MI,FS,Hiawatha National Forest,46.219444,-86.628333,True,partly,32,False,False,False,True,True,58,False,https://www.recreation.gov/camping/campgrounds/234662,
234663,Palisades Group Campground,CA,FS,Inyo National Forest,37.483333,-118.716667,True,reservable,1,False,False,False,True,True,40,False,https://www.recreation.gov/camping/campgrounds/234663,
234665,Russell Park,TX,USACE,Georgetown Lake,30.677500,-97.759167,True,reservable,32,False,False,False,True,True,20,False,https://www.recreation.gov/camping/campgrounds/234665,
234669,Apgar Group Sites,MT,NPS,Glacier National Park,48.525000,-113.983611,True,reservable,10,False,False,False,True,True,,False,https://www.recreation.gov/camping/campgrounds/234669,
234672,Upper Stony Creek Campground,CA,FS,Sequoia National Forest,36.665476,-118.832814,True,reservable,24,False,False,False,True,True,40,False,https://www.recreation.gov/camping/campgrounds/234672,
234674,Seawall Campground,ME,NPS,Acadia National Park,44.238611,-68.302778,True,reservable,210,False,False,False,True,True,35,False,https://www.recreation.gov/camping/campgrounds/234674,https://www.nps.gov/acad/planyourvisit/seawall-campground.htm
234676,Hazelton Recreation Area,ND,USACE,Lake Oahe,46.520556,-100.543333,True,reservable,30,True,False,False,True,True,67,False,https://www.recreation.gov/camping/campgrounds/234676,
234677,Beaver Creek Recreation Area,ND,USACE,Lake Oahe,46.249722,-100.533333,True,reservable,61,True,False,False,True,True,75,False,https://www.recreation.gov/camping/campgrounds/234677,
234678,Hungerford Equestrian Group Campsite,MI,FS,Huron-Manistee National Forests,43.716667,-85.624444,True,reservable,1,False,False,False,False,True,60,False,https://www.recreation.gov/camping/campgrounds/234678,
234679,South Branch Trail Camp Group Site,MI,FS,Huron-Manistee National Forests,44.486944,-83.796111,True,reservable,1,False,False,False,False,False,,False,https://www.recreation.gov/camping/campgrounds/234679,
234684,Davenport Campground,CO,FS,Pike and San Isabel National Forests & Cimarron and Comanche National Grasslands,38.055556,-105.069722,True,reservable,12,False,False,False,True,True,,False,https://www.recreation.gov/camping/campgrounds/234684,
234685,Pinon Flats Campground,CO,NPS,Great Sand Dunes National Park & Preserve,37.744650,-105.506590,True,reservable,90,False,False,False,True,True,35,False,https://www.recreation.gov/camping/campgrounds/234685,
234686,Spruce Grove Campground,CO,FS,Pike and San Isabel National Forests & Cimarron and Comanche National Grasslands,39.137778,-105.461667,True,reservable,27,False,False,False,True,True,36,False,https://www.recreation.gov/camping/campgrounds/234686,
234688,Sherando Lake Recreation Area Family Camping,VA,FS,George Washington & Jefferson National Forest,37.919778,-79.010056,True,reservable,65,True,False,False,True,True,40,False,https://www.recreation.gov/camping/campgrounds/234688,
234691,Fish Lake Campground,CA,FS,Six Rivers National Forest,41.264167,-123.684444,True,partly,24,False,False,False,True,True,28,False,https://www.recreation.gov/camping/campgrounds/234691,
234692,Dillon Creek Campground,CA,FS,Six Rivers National Forest,41.573333,-123.543056,True,partly,27,False,False,False,True,False,35,False,https://www.recreation.gov/camping/campgrounds/234692,
234693,Sheep Bridge,OR,FS,Deschutes National Forest,43.734444,-121.788889,True,reservable,23,False,False,False,True,True,40,False,https://www.recreation.gov/camping/campgrounds/234693,
234700,Agua Piedra Campground,NM,FS,Carson National Forest,36.135278,-105.529167,True,partly,46,False,False,False,True,True,40,False,https://www.recreation.gov/camping/campgrounds/234700,
234703,Rocky Creek Park,TX,USACE,Benbrook Lake,32.606111,-97.452222,True,reservable,11,False,False,False,True,True,50,False,https://www.recreation.gov/camping/campgrounds/234703,
234704,Fort Pickens Campground,FL,NPS,Gulf Islands National Seashore,30.322778,-87.274167,True,reservable,201,True,True,False,True,True,49,False,https://www.recreation.gov/camping/campgrounds/234704,https://www.recreation.gov/camping/campgrounds/234704
234705,Grouse Creek Group Site,WA,FS,Okanogan-Wenatchee National Forest,47.896667,-120.698889,True,reservable,1,False,False,False,True,True,,False,https://www.recreation.gov/camping/campgrounds/234705,
234708,Apache Trout Campground,AZ,FS,Apache-Sitgreaves National Forest,33.868933,-109.416667,True,reservable,64,True,True,True,True,True,80,False,https://www.recreation.gov/camping/campgrounds/234708,
234709,Wish Poosh Campground,WA,FS,Okanogan-Wenatchee National Forest,47.280000,-121.085556,True,reservable,34,False,False,False,True,True,60,False,https://www.recreation.gov/camping/campgrounds/234709,
234711,Crescent Lake Campground,OR,FS,Deschutes National Forest,43.501944,-121.974444,True,reservable,44,False,False,False,True,True,40,False,https://www.recreation.gov/camping/campgrounds/234711,
234714,Camp Gateway - Sandy Hook,NJ,NPS,Gateway National Recreation Area,40.450082,-73.995096,True,reservable,21,False,False,False,False,True,,False,https://www.recreation.gov/camping/campgrounds/234714,
234715,Camp Gateway - Staten Island,NY,NPS,Gateway National Recreation Area,40.599926,-74.055443,True,reservable,7,False,False,False,False,False,,False,https://www.recreation.gov/camping/campgrounds/234715,
234717,Turkey Run Ridge Group,VA,NPS,Prince William Forest Park,38.581944,-77.373333,True,reservable,10,False,False,False,False,True,,False,https://www.recreation.gov/camping/campgrounds/234717,https://www.nps.gov/prwi/planyourvisit/turkeyrunridge.htm
234718,Flanners Beach Campground,NC,FS,National Forests in North Carolina,34.981667,-76.948611,True,partly,41,True,False,False,True,True,85,False,https://www.recreation.gov/camping/campgrounds/234718,
234719,Dripping Springs Campground,CA,FS,Cleveland National Forest,33.463889,-116.970833,True,reservable,33,False,False,False,True,True,25,False,https://www.recreation.gov/camping/campgrounds/234719,
234720,Bear Springs Campground,OR,FS,Mt. Hood National Forest,45.116715,-121.531620,True,reservable,5,False,False,False,True,True,25,False,https://www.recreation.gov/camping/campgrounds/234720,
234722,Demotte,AZ,FS,Kaibab National Forest,36.411111,-112.134722,True,reservable,38,False,False,False,True,True,40,False,https://www.recreation.gov/camping/campgrounds/234722,
234723,Black Rock Equestrian Campground,CA,NPS,Joshua Tree National Park,34.071667,-116.389167,True,reservable,21,False,False,False,True,True,35,False,https://www.recreation.gov/camping/campgrounds/234723,
234724,Buckeye Recreation Area,CO,FS,Manti-La Sal National Forest,38.445442,-109.043072,True,reservable,31,False,False,False,True,True,74,False,https://www.recreation.gov/camping/campgrounds/234724,
234726,Cranes Mill Park,TX,USACE,Canyon Lake,29.888889,-98.292778,True,reservable,64,True,True,False,True,True,80,False,https://www.recreation.gov/camping/campgrounds/234726,
234727,Fall Creek Campground,KY,USACE,Lake Cumberland,36.936389,-84.840278,True,reservable,11,True,True,False,True,True,61,False,https://www.recreation.gov/camping/campgrounds/234727,
234728,Lookout Campground,CA,FS,Humboldt-Toiyabe National Forest Headquarters,39.588897,-120.073611,True,reservable,20,False,False,False,True,True,50,False,https://www.recreation.gov/camping/campgrounds/234728,
234729,Big Lake West Campground,OR,FS,Willamette National Forest,44.372164,-121.882742,True,reservable,12,False,False,False,True,True,40,False,https://www.recreation.gov/camping/campgrounds/234729,
234730,French Pete Campground,OR,FS,Willamette National Forest,44.042250,-122.208389,True,partly,16,False,False,False,True,True,42,False,https://www.recreation.gov/camping/campgrounds/234730,
234731,Frissell Crossing Campground,OR,FS,Willamette National Forest,43.961667,-122.079167,True,partly,11,False,False,False,True,True,50,False,https://www.recreation.gov/camping/campgrounds/234731,
234732,Limberlost Campground,OR,FS,Willamette National Forest,44.174022,-122.053572,True,reservable,2,False,False,False,True,True,32,False,https://www.recreation.gov/camping/campgrounds/234732,
234733,Sunnyside Campground,OR,FS,Willamette National Forest,44.059722,-122.219722,True,partly,13,False,False,False,True,True,21,False,https://www.recreation.gov/camping/campgrounds/234733,
234736,Oak Grove Campground,CA,FS,Cleveland National Forest,33.386525,-116.791369,True,reservable,63,False,False,False,True,True,25,False,https://www.recreation.gov/camping/campgrounds/234736,
234737,Burning Bear Campground,CO,FS,Pike and San Isabel National Forests & Cimarron and Comanche National Grasslands,39.513911,-105.710000,True,reservable,13,False,False,False,True,True,50,False,https://www.recreation.gov/camping/campgrounds/234737,
234738,Whitehorse Campground,CA,FS,Plumas National Forest,39.888056,-121.141111,True,reservable,19,False,False,False,True,True,39,False,https://www.recreation.gov/camping/campgrounds/234738,
234739,Kit Carson Campground,CA,FS,Humboldt-Toiyabe National Forest Headquarters,38.776778,-119.894611,True,partly,12,False,False,False,True,True,45,False,https://www.recreation.gov/camping/campgrounds/234739,
234740,Outlet At Priest Lake,ID,FS,Idaho Panhandle National Forests,48.510556,-116.916389,True,reservable,27,False,False,False,True,True,70,False,https://www.recreation.gov/camping/campgrounds/234740,
234743,Wash Creek Horse Camp,NC,FS,National Forests in North Carolina,35.426111,-82.665556,True,reservable,1,False,False,False,False,True,,False,https://www.recreation.gov/camping/campgrounds/234743,
234749,Glade Creek Campground,ID,FS,Nez Perce-Clearwater National Forests,46.219917,-115.527083,True,reservable,1,False,False,False,True,True,24,False,https://www.recreation.gov/camping/campgrounds/234749,
234750,Juanita Lake Group Campsite,CA,FS,Klamath National Forest,41.815523,-122.123390,True,reservable,1,False,False,False,True,True,25,False,https://www.recreation.gov/camping/campgrounds/234750,
234751,Split Mountain Group Campground,UT,NPS,Dinosaur National Monument,40.440661,-109.253056,True,reservable,5,False,False,False,True,True,60,False,https://www.recreation.gov/camping/campgrounds/234751,https://www.nps.gov/dino/planyourvisit/splitmountaincampground.htm
234752,Sunset Campground,CA,NPS,Sequoia & Kings Canyon National Parks,36.737778,-118.964722,True,reservable,156,False,False,False,True,True,47,False,https://www.recreation.gov/camping/campgrounds/234752,
234753,Canyon View Group Sites,CA,NPS,Sequoia & Kings Canyon National Parks,36.787222,-118.665278,True,reservable,16,False,False,False,True,True,18,False,https://www.recreation.gov/camping/campgrounds/234753,
234755,Berlin Flats,ID,FS,Idaho Panhandle National Forests,47.766389,-116.016667,True,reservable,1,False,False,False,True,True,40,False,https://www.recreation.gov/camping/campgrounds/234755,
234756,Cherry Valley,CA,FS,Stanislaus National Forest,37.985556,-119.916944,True,reservable,45,False,False,False,True,True,24,False,https://www.recreation.gov/camping/campgrounds/234756,
234757,Dearhamer Campground,CO,FS,White River National Forest,39.360883,-106.738686,True,reservable,13,False,False,False,True,True,69,False,https://www.recreation.gov/camping/campgrounds/234757,
234759,Groom Creek Horse Camp,AZ,FS,Prescott National Forest,34.465000,-112.441389,True,partly,37,False,False,False,False,False,35,False,https://www.recreation.gov/camping/campgrounds/234759,
234760,Jim Creek Group Campground,OR,FS,Rogue River-Siskiyou National Forest,42.864800,-122.511900,True,reservable,1,False,False,False,True,True,15,False,https://www.recreation.gov/camping/campgrounds/234760,
234761,Lost Claim,CA,FS,Stanislaus National Forest,37.821111,-120.048611,True,reservable,10,False,False,False,True,True,15,False,https://www.recreation.gov/camping/campgrounds/234761,
234762,Lynx Campground,AZ,FS,Prescott National Forest,34.517500,-112.390278,True,reservable,35,False,False,False,True,True,35,False,https://www.recreation.gov/camping/campgrounds/234762,
234763,Round Lake,MI,FS,Huron-Manistee National Forests,44.342778,-83.664444,True,reservable,33,False,False,False,True,True,,False,https://www.recreation.gov/camping/campgrounds/234763,
234764,Russell-Colbath Barn,NH,FS,White Mountain National Forest,43.995556,-71.337222,True,reservable,1,True,False,False,True,False,20,False,https://www.recreation.gov/camping/campgrounds/234764,
234765,Sunset Falls Campground,WA,FS,Gifford Pinchot National Forest,45.818611,-122.250000,True,reservable,18,False,False,False,True,True,40,False,https://www.recreation.gov/camping/campgrounds/234765,
234767,Little Coon Creek Park,AR,USACE,Gillham Lake,34.230447,-94.251383,True,reservable,11,True,True,False,True,True,70,False,https://www.recreation.gov/camping/campgrounds/234767,
234772,Anderson Meadow Campground,UT,FS,Fishlake National Forest,38.210889,-112.431550,True,reservable,10,False,False,False,True,True,78,False,https://www.recreation.gov/camping/campgrounds/234772,
234773,Lebaron Campground,UT,FS,Fishlake National Forest,38.226742,-112.392756,True,partly,12,False,False,False,True,True,69,False,https://www.recreation.gov/camping/campgrounds/234773,
234774,Little Cottonwood Campground,UT,FS,Fishlake National Forest,38.256944,-112.543333,True,reservable,14,False,False,False,True,True,69,False,https://www.recreation.gov/camping/campgrounds/234774,
234775,Ruedi Marina Campground,CO,FS,White River National Forest,39.372778,-106.813889,True,reservable,8,False,False,False,True,True,45,False,https://www.recreation.gov/camping/campgrounds/234775,
234776,Little Maud Campground,CO,FS,White River National Forest,39.376667,-106.813889,True,reservable,22,False,False,False,True,True,83,False,https://www.recreation.gov/camping/campgrounds/234776,
234777,Green River Campground,UT,NPS,Dinosaur National Monument,40.422403,-109.244728,True,reservable,81,False,False,False,True,True,75,False,https://www.recreation.gov/camping/campgrounds/234777,https://www.nps.gov/dino/planyourvisit/greenrivercampground.htm
234778,Saddlehorn Campground,CO,NPS,Colorado National Monument,39.104806,-108.732861,True,reservable,80,False,False,False,True,False,59,False,https://www.recreation.gov/camping/campgrounds/234778,https://www.nps.gov/colm/planyourvisit/saddlehorn-campground.htm
234779,Haystack Campground (East Shore),OR,FS,Ochoco NF - FS,44.494480,-121.141687,True,reservable,27,True,False,True,True,True,140,False,https://www.recreation.gov/camping/campgrounds/234779,
234780,Lost Prairie Group Site,OR,FS,Willamette National Forest,44.402778,-122.075556,True,reservable,1,False,False,False,True,True,35,False,https://www.recreation.gov/camping/campgrounds/234780,
234781,Fernview Group Site,OR,FS,Willamette National Forest,44.402500,-122.298611,True,reservable,1,False,False,False,True,True,35,False,https://www.recreation.gov/camping/campgrounds/234781,
234782,Dale Hollow Lake - Primitive Camping,TN,USACE,Dale Hollow Lake,36.566944,-85.478611,True,reservable,83,False,False,False,True,True,,False,https://www.recreation.gov/camping/campgrounds/234782,
234784,Icicle Group Campground,WA,FS,Okanogan-Wenatchee National Forest,47.586111,-120.807028,True,reservable,1,False,False,False,True,True,25,False,https://www.recreation.gov/camping/campgrounds/234784,
234785,Half Moon Lake Campground,WY,FS,Bridger-Teton National Forest,42.936483,-109.760000,True,partly,18,False,False,False,False,True,,False,https://www.recreation.gov/camping/campgrounds/234785,
234786,Transfer Campground,CO,FS,San Juan National Forest,37.467222,-108.210000,True,partly,17,False,False,False,True,True,40,False,https://www.recreation.gov/camping/campgrounds/234786,
234788,Doris Creek Campground,MT,FS,Flathead National Forest,48.305278,-113.980556,True,partly,10,False,False,False,True,True,,False,https://www.recreation.gov/camping/campgrounds/234788,
234789,Lost Johnny Point Campground,MT,FS,Flathead National Forest,48.310210,-113.962610,True,partly,21,False,False,False,True,True,49,False,https://www.recreation.gov/camping/campgrounds/234789,
234791,Devil Creek Campground,MT,FS,Flathead National Forest,48.251389,-113.463611,True,reservable,13,False,False,False,True,True,,False,https://www.recreation.gov/camping/campgrounds/234791,
234794,Gore Creek Campground,CO,FS,White River National Forest,39.627500,-106.272500,True,reservable,25,False,False,False,True,True,35,False,https://www.recreation.gov/camping/campgrounds/234794,
234795,Shepherds Rim Campground,CO,FS,White River National Forest,39.994722,-107.242778,True,reservable,16,False,False,False,True,True,54,False,https://www.recreation.gov/camping/campgrounds/234795,
234904,Madison River,MT,FS,Beaverhead-Deerlodge National Forest,44.877190,-111.575710,True,reservable,11,False,False,False,True,True,30,False,https://www.recreation.gov/camping/campgrounds/234904,
234917,Toll Mountain Campground,MT,FS,Beaverhead-Deerlodge National Forest,45.845670,-112.366600,False,first-come,0,False,False,False,False,False,,False,,
234992,Big Flat Campground,CA,FS,Klamath National Forest,41.068191,-122.934797,False,first-come,0,False,False,False,False,False,,False,,
234994,Hotelling Campground,CA,FS,Klamath National Forest,41.239600,-123.275300,False,first-come,0,False,False,False,False,False,,False,,
235696,Aspen Campground,CO,FS,Medicine Bow-Routt NFs & Thunder Basin NG,40.516642,-106.033790,False,first-come,0,False,False,False,False,False,,False,,
235764,Ute Campground,CO,FS,San Juan National Forest,37.215400,-107.272500,True,partly,22,True,True,False,True,True,40,False,https://www.recreation.gov/camping/campgrounds/235764,
236090,Halfmoon Campground,MT,FS,Custer Gallatin National Forest,46.041050,-110.238130,False,first-come,0,False,False,False,False,False,,False,,
236105,Soda Butte Campground,MT,FS,Custer Gallatin National Forest,45.024190,-109.912010,False,first-come,0,False,False,False,False,False,,False,,
236111,Tom Miner Campground,MT,FS,Custer Gallatin National Forest,45.129380,-111.062530,False,first-come,0,False,False,False,False,False,,False,,
236510,Middle Fork Cosumnes Campground,CA,FS,Eldorado National Forest,38.584286,-120.300105,False,first-come,0,False,False,False,False,False,,False,,
236512,Caples Lake Campground,CA,FS,Eldorado National Forest,38.704164,-120.052795,False,first-come,0,False,False,False,False,False,,False,,
236514,Kirkwood Campground,CA,FS,Eldorado National Forest,38.707073,-120.087194,False,first-come,0,False,False,False,False,False,,False,,
236519,Wentworth Springs Campground,CA,FS,Eldorado National Forest,39.011516,-120.325376,False,first-come,0,False,False,False,False,False,,False,,
236520,Northwind Campground,CA,FS,Eldorado National Forest,38.831454,-120.348550,False,first-come,0,False,False,False,False,False,,False,,
236521,Strawberry Point Campground,CA,FS,Eldorado National Forest,38.829041,-120.339137,False,first-come,0,False,False,False,False,False,,False,,
236526,Pleasant Campground,CA,FS,Eldorado National Forest,39.011811,-120.290268,False,first-come,10,False,False,False,False,False,,False,,
236530,Hell Hole Campground,CA,FS,Eldorado National Forest,39.070476,-120.416609,False,first-come,0,False,False,False,False,False,,False,,
236531,Upper Hole Campground,CA,FS,Eldorado National Forest,39.081898,-120.357878,False,first-come,0,False,False,False,False,False,,False,,
236532,Big Meadows Campground,CA,FS,Eldorado National Forest,39.074505,-120.427383,False,first-come,0,False,False,False,False,False,,False,,
236536,Camino Cove Campground,CA,FS,Eldorado National Forest,38.878704,-120.428467,False,first-come,0,False,False,False,False,False,,False,,
236537,Airport Flat Campground,CA,FS,Eldorado National Forest,38.985255,-120.380386,False,first-come,0,False,False,False,False,False,,False,,
236538,Jones Fork Campground,CA,FS,Eldorado National Forest,38.858877,-120.384733,False,first-come,0,False,False,False,False,False,,False,,
236539,Azalea Cove Campground,CA,FS,Eldorado National Forest,38.881372,-120.369814,False,first-come,0,False,False,False,False,False,,False,,
236550,White Azalea Campground,CA,FS,Eldorado National Forest,38.485128,-120.262261,False,first-come,0,False,False,False,False,False,,False,,
236553,Moore Campground,CA,FS,Eldorado National Forest,38.795360,-120.253460,False,first-come,0,False,False,False,False,False,,False,,
236561,Stateline Cove Campground,WY,FS,Ashley National Forest,40.999793,-109.606444,False,first-come,0,False,False,False,False,False,,False,,
236563,Willows Campground,UT,FS,Ashley National Forest,40.923333,-109.713333,False,first-come,0,False,False,False,False,False,,False,,
236577,Kaler Hollow Campground,UT,FS,Ashley National Forest,40.702305,-109.615406,False,first-come,0,False,False,False,False,False,,False,,
236578,Oaks Park Campground,UT,FS,Ashley National Forest,40.742166,-109.623593,False,first-come,0,False,False,False,False,False,,False,,
236892,Sugar Creek Campground And Day Use Area,OR,FS,,44.234305,-119.804511,False,first-come,0,False,False,False,False,False,,False,,
236896,Wolf Creek Industrial Campground,OR,FS,,44.251302,-119.826828,False,first-come,0,False,False,False,False,False,,False,,
236938,Cultus Lake Boat In - Big Cove Campground,OR,FS,Deschutes National Forest,43.847020,-121.865570,True,reservable,6,False,False,False,True,True,,False,https://www.recreation.gov/camping/campgrounds/236938,
236991,Cultus Lake Boat In - West Campground,OR,FS,Deschutes National Forest,43.838950,-121.890300,True,reservable,12,False,False,False,True,True,,False,https://www.recreation.gov/camping/campgrounds/236991,
237056,Cultus Lake Boat In - Little Cove Campground,OR,FS,Deschutes National Forest,43.844780,-121.847822,True,reservable,4,False,False,False,True,True,,False,https://www.recreation.gov/camping/campgrounds/237056,
237145,Tobacco River Campground,MT,FS,Kootenai National Forest,48.894383,-115.134986,False,first-come,0,False,False,False,False,False,,False,,
237147,Swisher Lake Campground,MT,FS,Kootenai National Forest,48.968789,-115.133681,False,first-come,0,False,False,False,False,False,,False,,
237150,Red Top Campground,MT,FS,Kootenai National Forest,48.760969,-115.918169,False,first-come,0,False,False,False,False,False,,False,,
237151,Whitetail Campground,MT,FS,Kootenai National Forest,48.827794,-115.815261,True,partly,0,False,False,False,False,False,,False,,
237153,Caribou Campground,MT,FS,Kootenai National Forest,48.948736,-115.503878,False,first-come,0,False,False,False,False,False,,False,,
237158,Loon Lake Campground,MT,FS,Kootenai National Forest,48.597386,-115.670853,False,first-come,0,False,False,False,False,False,,False,,
237161,Big Therriault Lake Campground,MT,FS,Kootenai National Forest,48.936747,-114.877833,False,first-come,0,False,False,False,False,False,,False,,
237162,Rocky Gorge Campground,MT,FS,Kootenai National Forest,48.652069,-115.311772,False,first-come,0,False,False,False,False,False,,False,,
237166,Spar Lake Campground,MT,FS,Kootenai National Forest,48.270040,-115.954130,False,first-come,0,False,False,False,False,False,,False,,
237168,Bad Medicine Campground,MT,FS,Kootenai National Forest,48.154340,-115.869450,False,first-come,18,False,False,False,False,False,,False,,
237170,Pete Creek Campground,MT,FS,Kootenai National Forest,48.830153,-115.766600,False,first-come,0,False,False,False,False,False,,False,,
237171,Yaak Falls Campground,MT,FS,Kootenai National Forest,48.644822,-115.885731,False,first-come,0,False,False,False,False,False,,False,,
237176,Howard Lake Campground,MT,FS,Kootenai National Forest,48.100944,-115.530667,False,first-come,0,False,False,False,False,False,,False,,
237178,Marten Creek Campground,MT,FS,Kootenai National Forest,47.881940,-115.748060,False,first-come,0,False,False,False,False,False,,False,,
237180,Lake Creek Campground,MT,FS,Kootenai National Forest,48.039083,-115.490833,False,first-come,0,False,False,False,False,False,,False,,
237182,Big Eddy Campground,MT,FS,Kootenai National Forest,48.066110,-115.924630,False,first-come,0,False,False,False,False,False,,False,,
237184,Willow Creek Campground,MT,FS,Kootenai National Forest,47.870830,-115.310830,False,first-come,0,False,False,False,False,False,,False,,
237186,Grave Creek Campground,MT,FS,Kootenai National Forest,48.819236,-114.886447,False,first-come,0,False,False,False,False,False,,False,,
237188,North Shore Campground,MT,FS,Kootenai National Forest,47.860830,-115.632220,False,first-come,0,False,False,False,False,False,,False,,
237189,Sylvan Lake Campground,MT,FS,Kootenai National Forest,47.915953,-115.279040,False,first-come,0,False,False,False,False,False,,False,,
237190,Peck Gulch Campground,MT,FS,Kootenai National Forest,48.724511,-115.307697,False,first-come,0,False,False,False,False,False,,False,,
237915,Lower Wolf Creek Campground,AZ,FS,Prescott National Forest,34.454579,-112.459746,False,first-come,20,False,False,False,False,False,,False,,
238018,Jacob Lake Group Campground & Picnic Site,AZ,FS,Kaibab National Forest,36.712074,-112.216364,False,first-come,0,False,False,False,False,False,,False,,
238051,Big Roaring River Lake Campground,ID,FS,Boise National Forest,43.620620,-115.443700,False,first-come,0,False,False,False,False,False,,False,,
238059,Spillway Campground,ID,FS,Boise National Forest,43.357240,-115.447470,False,first-come,0,False,False,False,False,False,,False,,
238082,Ninemeyer Campground,ID,FS,Boise National Forest,43.755910,-115.568500,False,first-come,0,False,False,False,False,False,,False,,
238200,Hovey Lake Campsites,MI,FS,,46.288597,-86.698681,False,first-come,0,False,False,False,False,False,,False,,
238302,Ridgeville Boat-In Campground,CA,FS,Shasta-Trinity National Forest,40.846858,-122.798155,False,first-come,0,False,False,False,False,False,,False,,
238331,Hayden Flat Group Campground,CA,FS,Shasta-Trinity National Forest,40.783895,-123.343321,True,reservable,3,False,False,False,True,True,,False,https://www.recreation.gov/camping/campgrounds/238331,
238333,Pigeon Point Group Campground,CA,FS,Shasta-Trinity National Forest,40.767054,-123.130270,True,reservable,1,False,False,False,True,True,,False,https://www.recreation.gov/camping/campgrounds/238333,
238335,Denny Campground,CA,FS,Shasta-Trinity National Forest,40.933102,-123.393276,False,first-come,0,False,False,False,False,False,,False,,
238340,Big Slide Campground,CA,FS,Shasta-Trinity National Forest,40.664584,-123.497489,False,first-come,8,False,False,False,False,False,,False,,
238350,Slide Creek Campground,CA,FS,Shasta-Trinity National Forest,40.668600,-123.503500,False,first-come,5,False,False,False,False,False,,False,,
238361,Castle Lake Campground,CA,FS,Shasta-Trinity National Forest,41.235667,-122.379005,False,first-come,0,False,False,False,False,False,,True,,
238879,Klahowya Campground,WA,FS,Olympic National Forest,48.064719,-124.111591,False,first-come,0,False,False,False,False,False,,False,,
238889,Gatton Creek Campground/Day Use Area,WA,FS,Olympic National Forest,47.473127,-123.837989,False,first-come,5,False,False,False,False,False,,False,,
238906,Hamma Hamma Campground,WA,FS,Olympic National Forest,47.595657,-123.122181,False,first-come,0,False,False,False,False,False,,False,,
238992,Big Creek Group Campground,ID,FS,Caribou-Targhee National Forest,43.508900,-112.007000,False,first-come,0,False,False,False,False,False,,False,,
238999,Blowout Campground,ID,FS,Caribou-Targhee National Forest,43.171340,-111.072910,False,first-come,0,False,False,False,False,False,,True,,
239002,Box Canyon Campground,ID,FS,Caribou-Targhee National Forest,44.391200,-111.398900,False,first-come,0,False,False,False,False,False,,False,,
239007,Cave Falls Campground,WY,FS,Caribou-Targhee National Forest,44.129223,-111.015076,False,first-come,0,False,False,False,False,False,,False,,
239049,Mccoy Creek Campground,ID,FS,Caribou-Targhee National Forest,43.184900,-111.100300,False,first-come,0,False,False,False,False,False,,True,,
239072,Pine Creek Campground,ID,FS,Caribou-Targhee National Forest,43.572784,-111.205383,False,first-come,0,False,False,False,False,False,,False,,
239284,Devil's Corkscrew Campground,MT,FS,Flathead National Forest,48.110540,-113.696120,False,first-come,0,False,False,False,False,False,,False,,
239314,Lindbergh Lake Campground,MT,FS,Flathead National Forest,47.407153,-113.721057,False,first-come,0,False,False,False,False,False,,False,,
239321,Ashley Lake South Campground,MT,FS,Flathead National Forest,48.212210,-114.568970,False,first-come,0,False,False,False,False,False,,False,,
239326,Sylvia Lake Campground,MT,FS,Flathead National Forest,48.344798,-114.818157,False,first-come,0,False,False,False,False,False,,False,,
239405,Wild River Campground,NH,FS,White Mountain National Forest,44.305408,-71.064590,False,first-come,0,False,False,False,False,False,,False,,
239417,Big Rock,NH,FS,White Mountain National Forest,44.048676,-71.561005,True,partly,28,False,False,False,True,True,40,False,https://www.recreation.gov/camping/campgrounds/239417,
239619,North Fork Campground,CA,FS,Six Rivers National Forest,41.979064,-123.960714,False,first-come,0,False,False,False,False,False,,False,,
239632,East Fork Campground,CA,FS,Six Rivers National Forest,40.904650,-123.706055,True,reservable,1,False,False,False,True,True,,False,https://www.recreation.gov/camping/campgrounds/239632,
239638,Bailey Canyon Campground,CA,FS,Six Rivers National Forest,40.339723,-123.400669,False,first-come,0,False,False,False,False,False,,False,,
239647,E-Ne-Nuck Campground,CA,FS,Six Rivers National Forest,41.233953,-123.660178,False,first-come,0,False,False,False,False,False,,False,,
239655,Nordheimer Main Campground,CA,FS,Six Rivers National Forest,41.297524,-123.360758,False,first-come,0,False,False,False,False,False,,False,,
239752,Bear Heaven Campground,WV,FS,Monongahela National Forest,38.930517,-79.680284,False,first-come,0,False,False,False,False,False,,False,,
239762,Island Campground,WV,FS,Monongahela National Forest,38.579033,-79.703912,False,first-come,0,False,False,False,False,False,,False,,
239764,Laurel Fork Campground,WV,FS,Monongahela National Forest,38.740270,-79.692320,False,first-come,14,False,False,False,False,False,,False,,
239774,Red Creek Campground,WV,FS,Monongahela National Forest,39.032260,-79.315940,False,first-come,0,False,False,False,False,False,,False,,
239836,Wickham Gulch Campground,MT,FS,Custer Gallatin National Forest,45.580277,-104.071388,False,first-come,0,False,False,False,False,False,,False,,
239837,Lantis Spring Campground,MT,FS,Custer Gallatin National Forest,45.632222,-104.176666,False,first-come,0,False,False,False,False,False,,False,,
239838,Reva Gap Campground,SD,FS,Custer Gallatin National Forest,45.526389,-103.171944,False,first-come,0,False,False,False,False,False,,False,,
239839,Ekalaka Park Campground,MT,FS,Custer Gallatin National Forest,45.798611,-104.516111,False,first-come,0,False,False,False,False,False,,False,,
239840,Picnic Spring Campground,SD,FS,Custer Gallatin National Forest,45.873611,-103.484167,False,first-come,0,False,False,False,False,False,,False,,
239842,Holiday Spring Campground,MT,FS,Custer Gallatin National Forest,45.638611,-105.974167,False,first-come,0,False,False,False,False,False,,False,,
239843,Red Shale Campground,MT,FS,Custer Gallatin National Forest,45.572500,-106.147778,False,first-come,0,False,False,False,False,False,,False,,
239844,Cow Creek Campground And Picnic Area,MT,FS,Custer Gallatin National Forest,45.309167,-106.246944,False,first-come,4,False,False,False,False,False,,False,,
239845,M-K Campground,MT,FS,Custer Gallatin National Forest,45.038032,-109.429744,False,first-come,10,False,False,False,False,False,,False,,
239846,Palisades Campground,MT,FS,Custer Gallatin National Forest,45.171504,-109.308559,False,first-come,0,False,False,False,False,False,,False,,
239847,Emerald Lake Campground,MT,FS,Custer Gallatin National Forest,45.253398,-109.700292,False,first-come,32,False,False,False,False,False,,False,,
239848,Pine Grove Campground,MT,FS,Custer Gallatin National Forest,45.275863,-109.645533,False,first-come,0,False,False,False,False,False,,False,,
239849,East Rosebud Campground,MT,FS,Custer Gallatin National Forest,45.199442,-109.634267,False,first-come,0,False,False,False,False,False,,False,,
239850,Jimmy Joe Campground,MT,FS,Custer Gallatin National Forest,45.231418,-109.602893,False,first-come,0,False,False,False,False,False,,False,,
239851,Sage Creek Campground,MT,FS,Custer Gallatin National Forest,45.213877,-108.554629,False,first-come,0,False,False,False,False,False,,False,,
239852,Initial Creek Campground,MT,FS,Custer Gallatin National Forest,45.403817,-109.954952,False,first-come,0,False,False,False,False,False,,False,,
239886,Blacks Pond Campground,MT,FS,Custer Gallatin National Forest,45.349167,-106.286250,False,first-come,0,False,False,False,False,False,,False,,
239900,Iron Lake Campground,ID,FS,Salmon-Challis National Forest,44.905457,-114.193174,False,first-come,8,False,False,False,False,False,,False,,
239909,Phi Kappa Campground,ID,FS,Salmon-Challis National Forest,43.860000,-114.217000,False,first-come,0,False,False,False,False,False,,False,,
239933,Williams Lake Campground,ID,FS,Salmon-Challis National Forest,45.019026,-113.989044,False,first-come,0,False,False,False,False,False,,False,,
239935,Wallace Lake Campground,ID,FS,Salmon-Challis National Forest,45.247307,-114.007289,False,first-come,0,False,False,False,False,False,,False,,
239944,Banner Creek Campground,ID,FS,Salmon-Challis National Forest,44.353392,-115.214479,False,first-come,0,False,False,False,False,False,,False,,
239945,Thatcher Campground,ID,FS,Salmon-Challis National Forest,44.368177,-115.145376,False,first-come,0,False,False,False,False,False,,False,,
239946,Pole Flat Campground,ID,FS,Salmon-Challis National Forest,44.303789,-114.719457,False,first-come,0,False,False,False,False,False,,False,,
239947,Custer #1 Campground,ID,FS,Salmon-Challis National Forest,44.399185,-114.663981,False,first-come,0,False,False,False,False,False,,False,,
240242,Desoto Falls Recreation Area,GA,FS,Chattahoochee-Oconee National Forest,34.705706,-83.914975,True,reservable,23,False,False,False,True,True,,False,https://www.recreation.gov/camping/campgrounds/240242,
240400,Island Lake Campground,WY,FS,Shoshone National Forest,44.940740,-109.539950,False,first-come,0,False,False,False,False,False,,False,,
240420,Newton Creek Campground,WY,FS,Shoshone National Forest,44.453330,-109.759630,False,first-come,0,False,False,False,False,False,,False,,
240434,Worthen Meadow Campground,WY,FS,Shoshone National Forest,42.699020,-108.929990,False,first-come,0,False,False,False,False,False,,False,,
240629,Dam Creek Walk-In Campground And Picnic Area,TN,FS,Cherokee National Forest,35.309594,-84.121949,False,first-come,0,False,False,False,False,False,,False,,
240657,Mallard Creek Campground,ID,FS,Nez Perce-Clearwater National Forests,45.579200,-115.308600,False,first-come,0,False,False,False,False,False,,False,,
240661,O'Hara Saddle Campground,ID,FS,Nez Perce-Clearwater National Forests,45.952100,-115.517100,False,first-come,0,False,False,False,False,False,,False,,
240662,Orogrande Campground #1 And #2,ID,FS,Nez Perce-Clearwater National Forests,45.707420,-115.548440,False,first-come,0,False,False,False,False,False,,False,,
240664,Orogrande Summit Campground,ID,FS,Nez Perce-Clearwater National Forests,45.638150,-115.606620,False,first-come,0,False,False,False,False,False,,False,,
240665,Oxbow Campsite,ID,FS,Nez Perce-Clearwater National Forests,45.856400,-115.618100,False,first-come,1,False,False,False,False,False,,False,,
240666,Rainy Day Campground,ID,FS,Nez Perce-Clearwater National Forests,45.761800,-115.702900,False,first-come,0,False,False,False,False,False,,False,,
240698,Spring Bar Campground,ID,FS,Nez Perce-Clearwater National Forests,45.431120,-116.142570,False,first-come,0,False,False,False,False,False,,False,,
240738,Crooked River Campground #4,ID,FS,Nez Perce-Clearwater National Forests,45.450000,-115.917500,False,first-come,0,False,False,False,False,False,,False,,
240739,Dixie Meadow Campground,ID,FS,Nez Perce-Clearwater National Forests,45.519100,-115.515400,False,first-come,0,False,False,False,False,False,,False,,
240744,Washington Creek Campground,ID,FS,Nez Perce-Clearwater National Forests,46.701869,-115.555933,False,first-come,0,False,False,False,False,False,,False,,
240748,Noe Creek Campground,ID,FS,Nez Perce-Clearwater National Forests,46.684883,-115.366381,False,first-come,0,False,False,False,False,False,,False,,
240751,Hidden Creek Campground,ID,FS,Nez Perce-Clearwater National Forests,46.831724,-115.179114,False,first-come,0,False,False,False,False,False,,False,,
240757,Kelly Forks Campground,ID,FS,Nez Perce-Clearwater National Forests,46.717084,-115.254688,False,first-come,0,False,False,False,False,False,,False,,
240760,Aquarius Campground And Purple Beach Group Site,ID,FS,Nez Perce-Clearwater National Forests,46.841620,-115.618899,False,first-come,0,False,False,False,False,False,,False,,
240761,Little Boulder Campground,ID,FS,Nez Perce-Clearwater National Forests,46.771233,-116.458522,False,first-come,0,False,False,False,False,False,,False,,
240762,Laird Park Campground,ID,FS,Nez Perce-Clearwater National Forests,46.943872,-116.645914,False,first-come,0,False,False,False,False,False,,False,,
240782,Partridge Creek Campground,ID,FS,Nez Perce-Clearwater National Forests,46.784423,-116.149056,False,first-come,0,False,False,False,False,False,,False,,
240787,Cedars Campground,ID,FS,Nez Perce-Clearwater National Forests,46.872587,-115.076850,False,first-come,0,False,False,False,False,False,,False,,
240957,Mcdougal Lake Campground,MN,FS,Superior National Forest,47.642500,-91.532780,True,partly,21,False,False,False,True,True,,False,https://www.recreation.gov/camping/campgrounds/240957,
240958,Ninemile Lake Campground,MN,FS,Superior National Forest,47.578762,-91.074015,True,partly,28,False,False,False,True,True,,False,https://www.recreation.gov/camping/campgrounds/240958,
240967,T-Lake Backcountry Campsite,MN,FS,Superior National Forest,47.849974,-91.388559,False,first-come,0,False,False,False,False,False,,False,,
240995,Two Island Lake Campground,MN,FS,Superior National Forest,47.880050,-90.444446,False,first-come,0,False,False,False,False,False,,False,,
241045,Dumbell Lake Backcountry Campsites,MN,FS,Superior National Forest,47.849974,-91.388559,False,first-come,0,False,False,False,False,False,,False,,
241113,Grandview Campground,CO,FS,Arapaho & Roosevelt National Forests Pawnee NG,40.492831,-105.805515,False,first-come,0,False,False,False,False,False,,False,,
241116,Kelly Flats Campground,CO,FS,Arapaho & Roosevelt National Forests Pawnee NG,40.680697,-105.482498,False,first-come,0,False,False,False,False,False,,False,,
241121,Long Draw Campground,CO,FS,Arapaho & Roosevelt National Forests Pawnee NG,40.515400,-105.768030,False,first-come,0,False,False,False,False,False,,False,,
241125,North Fork Poudre Campground,CO,FS,Arapaho & Roosevelt National Forests Pawnee NG,40.813294,-105.710615,False,first-come,0,False,False,False,False,False,,False,,
241130,Sleeping Elephant Campground,CO,FS,Arapaho & Roosevelt National Forests Pawnee NG,40.682541,-105.772733,False,first-come,0,False,False,False,False,False,,False,,
241240,Bull Mountain Campground,CO,FS,Arapaho & Roosevelt National Forests Pawnee NG,40.559131,-105.086411,False,first-come,0,False,False,False,False,False,,False,,
241269,Robbers Roost Campground,CO,FS,Arapaho & Roosevelt National Forests Pawnee NG,39.832501,-105.757321,False,first-come,0,False,False,False,False,False,,False,,
241282,Sunset Point Campground,CO,FS,Arapaho & Roosevelt National Forests Pawnee NG,40.146212,-105.877262,False,first-come,0,False,False,False,False,False,,False,,
241360,La Sombra Campground,NM,FS,Carson National Forest,36.370100,-105.480400,False,first-come,0,False,False,False,False,False,,False,,
241361,Las Petacas Campground,NM,FS,Carson National Forest,36.382000,-105.521400,False,first-come,0,False,False,False,False,False,,False,,
241366,Junebug Campground,NM,FS,Carson National Forest,36.708400,-105.435700,False,first-come,0,False,False,False,False,False,,False,,
241367,Mccrystal Campground,NM,FS,Carson National Forest,36.777400,-105.112600,False,first-come,0,False,False,False,False,False,,False,,
241375,La Bobita Campground,NM,FS,Carson National Forest,36.699800,-105.479400,False,first-come,0,False,False,False,False,False,,False,,
241552,Brown Creek Campground,AZ,FS,Apache-Sitgreaves National Forest,34.185967,-109.789650,False,first-come,0,False,False,False,False,False,,False,,
241553,FR 9350 Campground,AZ,FS,Apache-Sitgreaves National Forest,34.340122,-110.982325,False,first-come,0,False,False,False,False,False,,False,,
241554,FR 195 Campground,AZ,FS,Apache-Sitgreaves National Forest,34.346936,-110.961383,False,first-come,0,False,False,False,False,False,,False,,
241555,FR 171 Campground,AZ,FS,Apache-Sitgreaves National Forest,34.291917,-110.867706,False,first-come,0,False,False,False,False,False,,False,,
241556,FR 169 Campground,AZ,FS,Apache-Sitgreaves National Forest,34.378805,-110.956181,False,first-come,0,False,False,False,False,False,,False,,
241560,Promontory Pit Road Campground,AZ,FS,Apache-Sitgreaves National Forest,34.379961,-110.983675,False,first-come,0,False,False,False,False,False,,False,,
241562,Honeymoon Campground,AZ,FS,Apache-Sitgreaves National Forest,33.475317,-109.480975,False,first-come,0,False,False,False,False,False,,False,,
241578,Fool Hollow Lake Recreation Area Campground,AZ,FS,Apache-Sitgreaves National Forest,34.273092,-110.061328,False,first-come,0,False,False,False,False,False,,False,,
241582,Buffalo Crossing Campground,AZ,FS,Apache-Sitgreaves National Forest,33.791000,-109.358000,False,first-come,0,False,False,False,False,False,,False,,
241593,Black Jack Group Campground,AZ,FS,Apache-Sitgreaves National Forest,33.060619,-109.080593,False,first-come,0,False,False,False,False,False,,False,,
241802,Lake Como Campground,MT,FS,Bitterroot National Forest,46.068186,-114.235762,False,first-come,0,False,False,False,False,False,,False,,
241815,Three Frogs Campground,MT,FS,Bitterroot National Forest,46.066415,-114.248935,False,first-come,0,False,False,False,False,False,,False,,
241823,Blodgett Campground,MT,FS,Bitterroot National Forest,46.269922,-114.244263,False,first-come,0,False,False,False,False,False,,False,,
241826,Charles Waters Campground,MT,FS,Bitterroot National Forest,46.575266,-114.140839,False,first-come,0,False,False,False,False,False,,False,,
241830,Gold Creek Campground,MT,FS,Bitterroot National Forest,46.397422,-113.902316,False,first-come,0,False,False,False,False,False,,False,,
241839,Crazy Creek Campground,MT,FS,Bitterroot National Forest,45.811603,-114.068814,False,first-come,0,False,False,False,False,False,,False,,
241851,Warm Springs Campground,MT,FS,Bitterroot National Forest,45.842015,-114.040115,False,first-come,0,False,False,False,False,False,,False,,
241873,Paradise Campground,ID,FS,Bitterroot National Forest,45.861263,-114.737718,False,first-come,0,False,False,False,False,False,,False,,
241893,Moose Creek Campground,MT,FS,Helena-Lewis and Clark National Forest,46.526111,-112.256111,False,first-come,0,False,False,False,False,False,,False,,
242349,Fuller Grove Group Campground,CA,FS,Mendocino National Forest,39.436244,-122.969750,False,first-come,0,False,False,False,False,False,,False,,
242362,Green Springs Campground,CA,FS,Mendocino National Forest,39.973724,-122.929974,False,first-come,0,False,False,False,False,False,,False,,
242384,General Campgrounds & Trailheads,CA,FS,Mendocino National Forest,39.865866,-122.849808,False,first-come,0,False,False,False,False,False,,False,,
242397,Sugar Spring Campground,CA,FS,Mendocino National Forest,39.859245,-122.915983,False,first-come,0,False,False,False,False,False,,False,,
242464,Cibbets Flat Campground,CA,FS,Cleveland National Forest,32.777222,-116.446667,False,first-come,0,False,False,False,False,False,,False,,
242482,Indian Flats Campground,CA,FS,Cleveland National Forest,33.348889,-116.659444,False,first-come,0,False,False,False,False,False,,False,,
242500,Wildomar Campground,CA,FS,Cleveland National Forest,33.581667,-117.341944,False,first-come,0,False,False,False,False,False,,False,,
242536,Timber Creek Dispersed Campground,MT,FS,,46.725466,-109.485221,False,first-come,0,False,False,False,False,False,,False,,
242538,Green Gulch Dispersed Camp,MT,FS,,47.859936,-112.757190,False,first-come,0,False,False,False,False,False,,False,,
242539,Double Falls Campground,MT,FS,,47.407127,-112.721871,False,first-come,0,False,False,False,False,False,,False,,
242553,Jumping Creek Campground,MT,FS,,46.763889,-110.784722,False,first-come,0,False,False,False,False,False,,False,,
242563,Cave Mountain Campground,MT,FS,,47.891389,-112.726944,False,first-come,0,False,False,False,False,False,,False,,
242569,Jellison Place Campground,MT,FS,,46.665680,-110.055240,False,first-come,0,False,False,False,False,False,,False,,
242570,Daisy Dean Camp,MT,FS,,46.622778,-110.354722,False,first-come,0,False,False,False,False,False,,False,,
242602,Evans Flat Campground,CA,FS,Sequoia National Forest,35.642740,-118.588983,False,first-come,0,False,False,False,False,False,,False,,
242611,Horse Meadow Campground,CA,FS,Sequoia National Forest,35.902012,-118.371251,False,first-come,41,False,False,False,False,False,,False,,
242626,Main Dam Campground,CA,FS,Sequoia National Forest,35.643347,-118.483478,False,first-come,0,False,False,False,False,False,,False,,
242651,Leavis Flat Campground,CA,FS,Sequoia National Forest,35.879715,-118.676201,False,first-come,0,False,False,False,False,False,,False,,
242677,Horse Camp,CA,FS,Sequoia National Forest,36.717527,-118.848972,False,first-come,0,False,False,False,False,False,,False,,
242732,Convict Flat Campground,CA,FS,Sequoia National Forest,36.819000,-118.833000,False,first-come,5,False,False,False,False,False,,False,,
242758,Chamise Flat Dispersed Campground,CA,FS,Sequoia National Forest,36.015670,-118.392940,False,first-come,0,False,False,False,False,False,,False,,
242763,Troy Meadow Campground,CA,FS,Sequoia National Forest,36.066813,-118.235298,False,first-come,72,False,False,False,False,False,,False,,
242881,Rancho Nuevo Campground,CA,FS,Los Padres National Forest,34.695200,-119.398000,False,first-come,0,False,False,False,False,False,,False,,
243108,Medicine Lodge Lake Campground,WY,FS,Bighorn National Forest,44.400563,-107.387528,False,first-come,0,False,False,False,False,False,,False,,
243249,Southfork Campground,CA,FS,Angeles National Forest,34.395623,-117.820733,False,first-come,0,False,False,False,False,False,,False,,
243255,Streamside Campground,CA,FS,Angeles National Forest,34.549407,-118.431905,False,first-come,0,False,False,False,False,False,,False,,
243256,Upper Shake Campground,CA,FS,Angeles National Forest,34.690594,-118.529636,False,first-come,0,False,False,False,False,False,,False,,
243263,Zuni Campground,CA,FS,Angeles National Forest,34.508750,-118.453818,False,first-come,0,False,False,False,False,False,,False,,
243264,Coldbrook Campground,CA,FS,Angeles National Forest,34.291484,-117.840418,False,first-come,0,False,False,False,False,False,,False,,
243573,Gigantea Campground,CA,FS,Sierra National Forest,37.015564,-119.105416,False,first-come,0,False,False,False,False,False,,False,,
243612,A Group Group Campground,CA,FS,Sierra National Forest,37.070809,-119.155618,False,first-come,128,False,False,False,False,False,,False,,
243885,Lower Virginia Creek Primitive Campground,CA,FS,Humboldt-Toiyabe National Forest Headquarters,38.067600,-119.226100,False,first-come,0,False,False,False,False,False,,False,,
243975,Centerville Flat Campground,CA,FS,Humboldt-Toiyabe National Forest Headquarters,38.631372,-119.723082,False,first-come,0,False,False,False,False,False,,False,,
244060,Camp Cadiz Campground,IL,FS,Shawnee National Forest,37.578335,-88.244160,False,first-come,8,False,False,False,False,False,,False,,
244855,Coaldale Campground,CO,FS,Pike and San Isabel National Forests & Cimarron and Comanche National Grasslands,38.335874,-105.801990,False,first-come,0,False,False,False,False,False,,False,,
245159,Bowns Campground,ID,FS,Sawtooth National Forest,43.606801,-114.881898,False,first-come,0,False,False,False,False,False,,False,,
245189,Bostetter Campground,ID,FS,Sawtooth National Forest,42.165809,-114.170110,False,first-come,0,False,False,False,False,False,,False,,
245197,Independence Lakes Campground,ID,FS,Sawtooth National Forest,42.218269,-113.674353,False,first-come,0,False,False,False,False,False,,False,,
245210,Clear Creek Campground,UT,FS,Sawtooth National Forest,41.952848,-113.319767,False,first-come,0,False,False,False,False,False,,False,,
245478,Mosquito Lakes Campground,CA,FS,Stanislaus National Forest,38.515780,-119.914118,False,first-come,0,False,False,False,False,False,,False,,
245489,Pine Marten,CA,FS,Stanislaus National Forest,38.480752,-119.988643,True,reservable,32,False,False,False,True,True,56,False,https://www.recreation.gov/camping/campgrounds/245489,
245493,Stanislaus River Campground,CA,FS,Stanislaus National Forest,38.421800,-120.046000,False,first-come,0,False,False,False,False,False,,False,,
245525,Lumsden Bridge Campground,CA,FS,Stanislaus National Forest,37.848496,-120.030278,False,first-come,0,False,False,False,False,False,,False,,
245526,South Fork Campground,CA,FS,Stanislaus National Forest,37.839706,-120.045765,False,first-come,0,False,False,False,False,False,,False,,
245538,Fraser Flat Campground,CA,FS,Stanislaus National Forest,38.169400,-120.071300,False,first-come,0,False,False,False,False,False,,False,,
245539,Hull Creek Campground,CA,FS,Stanislaus National Forest,38.093900,-120.042200,False,first-come,0,False,False,False,False,False,,False,,
245541,Sand Bar Flat Campground,CA,FS,Stanislaus National Forest,38.184400,-120.156500,False,first-come,0,False,False,False,False,False,,False,,
245543,Mi Wok Ranger District Campgrounds,CA,FS,Stanislaus National Forest,38.281300,-120.087800,False,first-come,0,False,False,False,False,False,,False,,
245551,Baker Campground,CA,FS,Stanislaus National Forest,38.325900,-119.754600,False,first-come,0,False,False,False,False,False,,False,,
245552,Beardsley Dam Campground,CA,FS,Stanislaus National Forest,38.211900,-120.075500,False,first-come,0,False,False,False,False,False,,False,,
245554,Brightman Flat Campground,CA,FS,Stanislaus National Forest,38.351934,-119.848423,False,first-come,0,False,False,False,False,False,,False,,
245555,Cascade Creek Campground,CA,FS,Stanislaus National Forest,38.280357,-119.971382,False,first-come,0,False,False,False,False,False,,False,,
245556,Clark Fork Campground,CA,FS,Stanislaus National Forest,38.395413,-119.799422,False,first-come,0,False,False,False,False,False,,False,,
245558,Dardanelle Campground,CA,FS,Stanislaus National Forest,38.342300,-119.832300,False,first-come,0,False,False,False,False,False,,False,,
245559,Deadman Campground,CA,FS,Stanislaus National Forest,38.317201,-119.748703,False,first-come,0,False,False,False,False,False,,False,,
245560,Eureka Valley Campground,CA,FS,Stanislaus National Forest,38.338700,-119.781100,False,first-come,0,False,False,False,False,False,,False,,
245561,Fence Creek Campground,CA,FS,Stanislaus National Forest,38.366669,-119.871878,False,first-come,0,False,False,False,False,False,,False,,
245562,Summit Ranger District Campgrounds,CA,FS,Stanislaus National Forest,38.281300,-120.087800,False,first-come,0,False,False,False,False,False,,False,,
245563,Herring Creek Campground,CA,FS,Stanislaus National Forest,38.244778,-119.932881,False,first-come,0,False,False,False,False,False,,False,,
245565,Mill Creek Campground,CA,FS,Stanislaus National Forest,38.301600,-119.941200,False,first-come,0,False,False,False,False,False,,False,,
245566,Niagara Creek Campground,CA,FS,Stanislaus National Forest,38.323900,-119.917000,False,first-come,0,False,False,False,False,False,,False,,
245567,Niagara OHV Campground,CA,FS,Stanislaus National Forest,38.310793,-119.890315,False,first-come,0,False,False,False,False,False,,False,,
245568,Pigeon Flat Campground,CA,FS,Stanislaus National Forest,38.339910,-119.803890,False,first-come,7,False,False,False,False,False,,False,,
245570,Sand Flat Campground,CA,FS,Stanislaus National Forest,38.404296,-119.787934,False,first-come,0,False,False,False,False,False,,False,,
245598,Sand Flat Campground (4WD Only),CA,FS,Stanislaus National Forest,38.404000,-119.788000,False,first-come,0,False,False,False,False,False,,False,,
245603,Teleli Pulaya (Black Oak) Campground,CA,FS,Stanislaus National Forest,38.193622,-120.052676,False,first-come,0,False,False,False,False,False,,False,,
245988,Bull Prairie Campground,OR,FS,Umatilla National Forest,44.973577,-119.663582,True,partly,30,False,False,False,True,True,,False,https://www.recreation.gov/camping/campgrounds/245988,
246037,Olive Lake Campground,OR,FS,Umatilla National Forest,44.783448,-118.595175,True,partly,28,False,False,False,True,True,,False,https://www.recreation.gov/camping/campgrounds/246037,
246096,North Fork John Day Campground,OR,FS,Umatilla National Forest,44.914456,-118.402840,True,partly,20,False,False,False,True,True,,False,https://www.recreation.gov/camping/campgrounds/246096,
246172,Lassen Creek Campground,CA,FS,Modoc National Forest,41.826111,-120.295000,False,first-come,0,False,False,False,False,False,,False,,
246520,Silver Lake Campground,VT,FS,Green Mountain & Finger Lakes National Forests,43.897090,-73.050100,True,partly,16,False,False,False,True,True,,False,https://www.recreation.gov/camping/campgrounds/246520,
246796,Buffalo Gap Campground,ND,FS,Dakota Prairie National Grasslands,46.954980,-103.673706,True,partly,36,False,False,False,True,True,,False,https://www.recreation.gov/camping/campgrounds/246796,
246814,Boca Chita Campground,FL,NPS,Biscayne National Park,25.523100,-80.174600,False,first-come,45,False,False,False,True,False,,False,,https://www.nps.gov/bisc/planyourvisit/bocachita.htm
246821,Emigrant Campground,CA,NPS,Death Valley National Park,36.496522,-117.227072,False,first-come,10,False,False,False,False,False,,False,,https://www.nps.gov/deva/planyourvisit/emigrant-campground.htm
246829,Bartlett Cove Campground,AK,NPS,Glacier Bay National Park & Preserve,58.450781,-135.894400,False,first-come,0,False,False,False,False,False,,False,,
246852,Goodell Creek Campground,WA,NPS,North Cascades National Park,48.673000,-121.267000,True,reservable,19,False,False,False,True,True,56,False,https://www.recreation.gov/camping/campgrounds/246852,https://www.recreation.gov/camping/campgrounds/246852?tab=info
246855,Colonial Creek North Campground,WA,NPS,North Cascades National Park,48.691000,-121.101000,True,reservable,40,False,False,False,True,True,30,False,https://www.recreation.gov/camping/campgrounds/246855,https://www.recreation.gov/camping/campgrounds/246855
246856,Little Beaver Campground,MI,NPS,Pictured Rocks National Lakeshore,46.558312,-86.362707,True,reservable,9,False,False,False,False,True,28,False,https://www.recreation.gov/camping/campgrounds/246856,
246864,Cold Springs Campground,CA,NPS,Sequoia & Kings Canyon National Parks,36.452103,-118.612164,True,reservable,40,False,False,False,True,True,20,False,https://www.recreation.gov/camping/campgrounds/246864,
246878,Elk Mountain Campground,SD,NPS,Wind Cave National Park,43.565471,-103.488235,True,reservable,67,False,False,False,True,True,36,False,https://www.recreation.gov/camping/campgrounds/246878,https://www.nps.gov/wica/planyourvisit/campgrounds.htm
246890,Burns Lake Campground,FL,NPS,Big Cypress National Preserve,25.883889,-81.218889,True,reservable,14,False,False,False,True,True,50,False,https://www.recreation.gov/camping/campgrounds/246890,
246892,Midway Campground,FL,NPS,Big Cypress National Preserve,25.851389,-80.987222,True,reservable,36,True,False,False,True,True,45,False,https://www.recreation.gov/camping/campgrounds/246892,
246894,Monument Lake Campground,FL,NPS,Big Cypress National Preserve,25.865261,-81.113981,True,reservable,38,False,False,False,True,True,45,False,https://www.recreation.gov/camping/campgrounds/246894,
246895,Pinecrest Group Campground,FL,NPS,Big Cypress National Preserve,25.761200,-80.919381,True,reservable,4,False,False,False,True,True,30,False,https://www.recreation.gov/camping/campgrounds/246895,
247134,Maples Campground,UT,FS,Uinta-Wasatch-Cache National Forest,41.227872,-111.865505,False,first-come,0,False,False,False,False,False,,False,,
247219,Bridger Campground,UT,FS,Uinta-Wasatch-Cache National Forest,41.748231,-111.733631,True,reservable,11,False,False,False,True,True,,False,https://www.recreation.gov/camping/campgrounds/247219,
247322,Red Banks Campground,UT,FS,Uinta-Wasatch-Cache National Forest,41.898469,-111.564394,True,reservable,14,False,False,False,True,True,,False,https://www.recreation.gov/camping/campgrounds/247322,
247366,East Fork Bear River Campground,UT,FS,Uinta-Wasatch-Cache National Forest,40.858900,-110.753800,True,reservable,8,False,False,False,True,True,25,False,https://www.recreation.gov/camping/campgrounds/247366,
247367,East Fork Bear River Campground,UT,FS,Uinta-Wasatch-Cache National Forest,40.911892,-110.829319,False,first-come,0,False,False,False,False,False,,False,,
247535,Horseshoe Bend Campground,WY,NPS,Bighorn Canyon National Recreation Area,44.960000,-108.260000,False,first-come,0,False,False,False,False,False,,False,,https://www.nps.gov/bica/planyourvisit/horseshoe-bend-campground.htm
247536,Barry's Landing & Trail Creek Campground,MT,NPS,Bighorn Canyon National Recreation Area,45.104413,-108.225571,False,first-come,0,False,False,False,False,False,,False,,https://www.nps.gov/bica/planyourvisit/trail-creek-campground.htm
247537,Afterbay Campground,MT,NPS,Bighorn Canyon National Recreation Area,45.315441,-107.941549,False,first-come,0,False,False,False,False,False,,False,,https://www.nps.gov/bica/planyourvisit/afterbay-campground.htm
247538,Medicine Creek Campground,MT,NPS,Bighorn Canyon National Recreation Area,45.110181,-108.204312,False,first-come,0,False,False,False,False,False,,False,,https://www.nps.gov/bica/planyourvisit/medicine-creek.htm
247539,Black Canyon Campground,MT,NPS,Bighorn Canyon National Recreation Area,45.250918,-107.962604,False,first-come,0,False,False,False,False,False,,False,,https://www.nps.gov/bica/planyourvisit/black-canyon.htm
247559,Gulpha Gorge Campground,AR,NPS,Hot Springs National Park,34.523509,-93.036279,True,reservable,44,True,True,False,True,True,60,False,https://www.recreation.gov/camping/campgrounds/247559,https://www.nps.gov/hosp/planyourvisit/campground.htm
247566,Alamo Canyon Primitive Campground,AZ,NPS,Organ Pipe Cactus National Monument,32.072943,-112.728093,True,reservable,4,False,False,False,True,False,,False,https://www.recreation.gov/camping/campgrounds/247566,
247571,Mammoth Campground (Yellowstone),WY,NPS,Yellowstone National Park,44.973610,-110.693232,True,reservable,87,False,False,False,True,True,33,False,https://www.recreation.gov/camping/campgrounds/247571,
247586,Staircase Campground,WA,NPS,Olympic National Park,47.515373,-123.329668,True,reservable,49,False,False,False,True,True,36,False,https://www.recreation.gov/camping/campgrounds/247586,https://www.nps.gov/olym/planyourvisit/staircase-area-brochure.htm
247591,Mora Campground,WA,NPS,Olympic National Park,47.803928,-123.666385,True,reservable,93,False,False,False,True,True,32,False,https://www.recreation.gov/camping/campgrounds/247591,https://www.nps.gov/olym/planyourvisit/mora-area-brochure.htm
247592,Hoh Rainforest Campground,WA,NPS,Olympic National Park,47.858353,-123.935540,True,reservable,89,False,False,False,True,True,84,False,https://www.recreation.gov/camping/campgrounds/247592,
247602,Twelvemile Beach Campground And Cabin,MI,NPS,Pictured Rocks National Lakeshore,46.639146,-86.217764,True,reservable,37,False,False,False,True,True,36,False,https://www.recreation.gov/camping/campgrounds/247602,
247603,Hurricane River Campground,MI,NPS,Pictured Rocks National Lakeshore,46.663953,-86.166159,True,reservable,22,False,False,False,True,True,42,False,https://www.recreation.gov/camping/campgrounds/247603,https://www.nps.gov/piro/planyourvisit/camping.htm
247661,Gros Ventre Campground,WY,NPS,Grand Teton National Park,43.620458,-110.669802,True,reservable,322,True,False,False,True,True,51,False,https://www.recreation.gov/camping/campgrounds/247661,https://www.nps.gov/grte/planyourvisit/gros-ventre-campground.htm
247663,Signal Mountain Campground,WY,NPS,Grand Teton National Park,43.840768,-110.615205,True,reservable,81,True,True,False,True,True,30,False,https://www.recreation.gov/camping/campgrounds/247663,https://www.nps.gov/grte/planyourvisit/signalmountaincg.htm
247664,Jenny Lake Campground,WY,NPS,Grand Teton National Park,43.753361,-110.719755,True,reservable,61,False,False,False,True,True,14,False,https://www.recreation.gov/camping/campgrounds/247664,https://www.nps.gov/grte/planyourvisit/jennylakecg.htm
247737,Lakeview Dispersed Campground,CA,FS,Mendocino National Forest,39.723420,-122.772903,False,first-come,0,False,False,False,False,False,,False,,
247762,Owens Creek Campground,MD,NPS,Catoctin Mountain Park,39.660417,-77.481861,True,reservable,51,False,False,False,True,True,22,False,https://www.recreation.gov/camping/campgrounds/247762,https://www.recreation.gov/camping/campgrounds/247762?q=Owens%20Creek%20Campground
247785,Lizard Creek Campground,WY,NPS,Grand Teton National Park,44.004060,-110.688427,True,reservable,61,False,False,False,True,True,25,False,https://www.recreation.gov/camping/campgrounds/247785,https://www.nps.gov/grte/planyourvisit/lizardcreekcg.htm
247861,Highway 27 Campground,AR,USACE,Lake Ouachita,34.623381,-93.544866,False,first-come,0,False,False,False,False,False,,False,,
247866,Hidden View Campground,CA,USACE,Hensley Lake,37.119183,-119.875582,False,first-come,0,False,False,False,False,False,,False,,
247867,Alpine Meadow Campground,CA,USACE,Martis Creek Lake,39.320476,-120.122142,True,reservable,24,False,False,False,True,True,,False,https://www.recreation.gov/camping/campgrounds/247867,
247870,Kirch Flat Campground,CA,USACE,Pine Flat Lake,36.880590,-119.150195,False,first-come,17,False,False,False,False,False,,False,,
247872,Pine Flat Campground,CA,USACE,Pine Flat Lake,36.826808,-119.337169,False,first-come,0,False,False,False,False,False,,False,,
247877,North Tule Campground,CA,USACE,Success Lake,36.081692,-118.897293,False,first-come,0,False,False,False,False,False,,False,,
247878,South Tule Campground,CA,USACE,Success Lake,36.076658,-118.902379,False,first-come,0,False,False,False,False,False,,False,,
247929,Brush Creek Campground,GA,USACE,West Point Lake,33.209020,-85.086685,False,first-come,0,False,False,False,False,False,,False,,
247943,Sullivan Marina And Campground,IL,USACE,Lake Shelbyville,39.538294,-88.606806,False,first-come,0,False,False,False,False,False,,False,,
247955,Quakertown Campground,IN,USACE,Brookville Lake,39.503092,-84.948725,False,first-come,0,False,False,False,False,False,,False,,
247966,Roberts Creek East Campground,IA,USACE,Lake Red Rock,41.421826,-93.040812,False,first-come,0,False,False,False,False,False,,False,,
247967,Elk Rock Campground And Boat Ramp,IA,USACE,Lake Red Rock,41.397380,-93.089328,False,first-come,0,False,False,False,False,False,,False,,
247969,Roberts Creek West Campground,IA,USACE,Lake Red Rock,41.423918,-93.040434,False,first-come,0,False,False,False,False,False,,False,,
247972,"Pool 10, River Of Lakes Campground",IA,USACE,Mississippi River - Pool 10,42.785000,-91.095000,False,first-come,0,False,False,False,False,False,,False,,
248040,German Campground,KY,USACE,Dewey Lake,37.653945,-82.752342,False,first-come,0,False,False,False,False,False,,False,,
248086,Old Fort Campground,MS,USACE,Grenada Lake,33.808330,-89.771670,False,first-come,0,False,False,False,False,False,,False,,
248096,Jamie L. Whitten Campground,MS,USACE,Tennessee-Tombigbee Waterway,34.288498,-88.412160,False,first-come,0,False,False,False,False,False,,False,,
248100,Longview Campground,MO,USACE,Blue Springs Lake,38.894946,-94.448846,False,first-come,87,False,False,False,False,False,,False,,
248122,Camp Branch Campground,MO,USACE,Smithville Lake,39.410445,-94.522292,False,first-come,0,False,False,False,False,False,,False,,
248151,Crooked Creek Campground,MT,USACE,Fort Peck Project,47.325510,-108.423409,False,first-come,0,False,False,False,False,False,,False,,
248164,Pawnee Dam-Site 14 Campground,NE,USACE,Pawnee Lake,40.847993,-96.866861,False,first-come,0,False,False,False,False,False,,False,,
248167,Cunningham Lake Dam Site 11 Campground,NE,USACE,Zorinsky Lake,41.349133,-96.039264,False,first-come,0,False,False,False,False,False,,False,,
248168,Surry Mountain Lake Campground,NH,USACE,Surry Mountain Lake,43.002298,-72.314167,False,first-come,0,False,False,False,False,False,,False,,
248175,Rocky Point Campground,NM,USACE,Santa Rosa Lake,35.036869,-104.689800,False,first-come,0,False,False,False,False,False,,False,,
248182,Crosswinds Campgrounds,NC,USACE,B. Everett Jordan Lake,35.741419,-78.994495,False,first-come,0,False,False,False,False,False,,False,,
248292,Mohawk Dam Campground,OH,USACE,Mohawk Dam,40.350836,-82.083159,False,first-come,0,False,False,False,False,False,,False,,
248294,North Branch Kokosing River Lake - Campground,OH,USACE,North Branch Kokosing River Lake,40.502754,-82.577850,False,first-come,0,False,False,False,False,False,,False,,
248305,Cascara Campground,OR,USACE,Fall Creek Lake,43.971816,-122.666237,False,first-come,0,False,False,False,False,False,,False,,
248308,Richardson Campground,OR,USACE,Fern Ridge Lake,44.118002,-123.320840,False,first-come,0,False,False,False,False,False,,False,,
248324,Willow Creek Campground,OR,USACE,Willow Creek,45.344503,-119.547709,False,first-come,0,False,False,False,False,False,,False,,
248331,Milton Loop Campground,PA,USACE,Mahoning Creek Lake,40.902608,-79.223635,False,first-come,0,False,False,False,False,False,,False,,
248338,Woodcock Creek Lake Park & Campground,PA,USACE,Woodcock Creek Lake,41.690751,-80.087480,False,first-come,0,False,False,False,False,False,,False,,
248408,Mustang - Bear Creek Campground,TX,USACE,Benbrook Lake,32.604187,-97.494720,False,first-come,0,False,False,False,False,False,,False,,
248470,Lake Somerville Marina & Campground,TX,USACE,Somerville Lake,30.310362,-96.517194,False,first-come,0,False,False,False,False,False,,False,,
248506,Fort Casey Campground,WA,USACE,Keystone Harbor,48.159243,-122.675963,False,first-come,0,False,False,False,False,False,,False,,
248536,Long Point Campground,WV,USACE,Summersville Lake,38.236072,-80.875893,False,first-come,0,False,False,False,False,False,,False,,
248537,Bakers Run Campground,WV,USACE,Sutton Lake,38.635143,-80.575155,False,first-come,0,False,False,False,False,False,,False,,
248567,Elk Summit Campground,ID,FS,Nez Perce-Clearwater National Forests,46.328489,-114.644519,False,first-come,0,False,False,False,False,False,,False,,
248568,Wendover Campground,ID,FS,Nez Perce-Clearwater National Forests,45.506646,-114.789682,False,first-come,0,False,False,False,False,False,,False,,
248569,Whitehouse Campground,ID,FS,Nez Perce-Clearwater National Forests,46.508517,-114.770525,False,first-come,0,False,False,False,False,False,,False,,
248581,Slide Creek Campground,NV,FS,Humboldt-Toiyabe National Forest Headquarters,41.503300,-115.153700,False,first-come,0,False,False,False,False,False,,False,,
248586,Lava Flow Campground,ID,NPS,Craters Of The Moon National Monument & Preserve,43.460700,-113.559132,False,first-come,0,False,False,False,False,False,,False,,https://www.nps.gov/crmo/planyourvisit/camping.htm
248729,Sagehen Creek Campground,CA,FS,Tahoe National Forest,39.434204,-120.257552,False,first-come,0,False,False,False,False,False,,True,,
248738,Frenchy Point Campground,CA,FS,Tahoe National Forest,39.457998,-121.151234,False,first-come,0,False,False,False,False,False,,False,,
248739,Meadow Lake Shoreline Campground,CA,FS,Tahoe National Forest,39.417179,-120.495474,False,first-come,0,False,False,False,False,False,,False,,
248795,Lolo Creek Campground,ID,FS,Nez Perce-Clearwater National Forests,46.294514,-115.751433,False,first-come,0,False,False,False,False,False,,False,,
248893,Willow Lake Campground,CA,FS,Lassen National Forest,40.728939,-121.343547,False,first-come,0,False,False,False,False,False,,False,,
248917,Silver Bowl Campground,CA,FS,Lassen National Forest,40.499712,-121.163007,False,first-come,0,False,False,False,False,False,,False,,
248923,Warner Creek Campground,CA,FS,Lassen National Forest,40.362530,-121.308042,False,first-come,0,False,False,False,False,False,,False,,
248925,Elam Campground,CA,FS,Lassen National Forest,40.249116,-121.448599,False,first-come,0,False,False,False,False,False,,False,,
248929,Battle Creek Campground,CA,FS,Lassen National Forest,40.348144,-121.627731,False,first-come,0,False,False,False,False,False,,False,,
248938,Potato Patch Campground,CA,FS,Lassen National Forest,40.188347,-121.532717,False,first-come,0,False,False,False,False,False,,False,,
248939,Hole-In-The-Ground Campground,CA,FS,Lassen National Forest,40.309813,-121.560859,False,first-come,0,False,False,False,False,False,,False,,
248945,Rocky Knoll Campground,CA,FS,Lassen National Forest,40.499238,-121.154769,False,first-come,0,False,False,False,False,False,,False,,
248955,Roxie Peconom Campground,CA,FS,Lassen National Forest,40.355496,-120.810255,False,first-come,0,False,False,False,False,False,,False,,
248958,Philbrook Campground,CA,FS,Lassen National Forest,40.728939,-121.343547,False,first-come,0,False,False,False,False,False,,False,,
248959,Domingo Springs Campground,CA,FS,Lassen National Forest,40.360346,-121.345136,False,first-come,0,False,False,False,False,False,,False,,
248965,Butte Meadows Campground,CA,FS,Lassen National Forest,40.078517,-121.558811,False,first-come,0,False,False,False,False,False,,False,,
248971,Mill Creek Trailhead/Black Rock Campground,CA,FS,Lassen National Forest,40.728939,-121.343547,False,first-come,0,False,False,False,False,False,,False,,
248991,Soldier Meadows Campground,CA,FS,Lassen National Forest,40.213191,-121.273402,False,first-come,0,False,False,False,False,False,,False,,
249001,Echo Lake Campground,CA,FS,Lassen National Forest,40.728939,-121.343547,False,first-come,0,False,False,False,False,False,,False,,
249008,Bogard Campground,CA,FS,Lassen National Forest,40.574928,-121.098122,False,first-come,0,False,False,False,False,False,,True,,
249099,Five Fingers Campsites,AK,FS,Chugach National Forest,60.681111,-146.419167,False,first-come,0,False,False,False,False,False,,False,,
249174,Links Tract Campground,NM,FS,Santa Fe National Forest,35.756697,-105.661353,False,first-come,0,False,False,False,False,False,,True,,
249254,Burnt Corral Campground,AZ,FS,Tonto National Forest,33.627381,-111.203326,True,partly,79,False,False,False,True,True,32,False,https://www.recreation.gov/camping/campgrounds/249254,
249291,Schoolhouse Campground,AZ,FS,Tonto National Forest,33.650217,-111.012160,True,partly,40,False,False,False,True,True,50,False,https://www.recreation.gov/camping/campgrounds/249291,
249308,Windy Hill Campground,AZ,FS,Tonto National Forest,33.666696,-111.087959,True,partly,137,False,False,False,True,True,45,False,https://www.recreation.gov/camping/campgrounds/249308,
249312,Cholla Campground,AZ,FS,Tonto National Forest,33.731510,-111.203798,True,partly,167,False,False,False,True,True,55,False,https://www.recreation.gov/camping/campgrounds/249312,
249351,Bristol Head Campground,CO,FS,Rio Grande National Forest,37.818938,-107.145900,False,first-come,0,False,False,False,False,False,,False,,
249536,Tamarack Point Campground,MN,FS,Chippewa National Forest,47.444000,-94.121000,False,first-come,0,False,False,False,False,False,,False,,
249579,Stockfarm Bridge,WI,FS,Chequamegon-Nicolet NF,46.037944,-90.714333,True,partly,8,False,False,False,True,True,,False,https://www.recreation.gov/camping/campgrounds/249579,
249581,Ada Lake Campground,WI,FS,Chequamegon-Nicolet NF,45.369600,-88.731500,True,reservable,20,False,False,False,True,True,45,False,https://www.recreation.gov/camping/campgrounds/249581,
249582,Emily Lake Recreation Area,WI,FS,Chequamegon-Nicolet NF,45.964700,-90.010100,False,first-come,0,False,False,False,True,True,,False,,
249587,North Twin Lake Recreation Area,WI,FS,Chequamegon-Nicolet NF,45.281100,-90.443800,False,first-come,5,False,False,False,False,False,,False,,
249596,West Point Recreation Area,WI,FS,Chequamegon-Nicolet NF,45.317700,-90.438100,False,first-come,15,False,False,False,True,True,,False,,
249733,Holcomb Valley Campground,CA,FS,San Bernardino National Forest,34.302593,-116.895933,False,first-come,19,False,False,False,False,False,,False,,
249916,Wild Goose Campground,ID,FS,Nez Perce-Clearwater National Forests,46.135869,-115.621975,False,first-come,8,False,False,False,False,False,,False,,
249962,White Sands Campground,ID,FS,Clearwater National Forest,46.507695,-114.686310,False,first-come,0,False,False,False,False,False,,False,,
249965,Backbone Horse Campground,NY,FS,Green Mountain & Finger Lakes National Forests,42.485556,-76.806667,True,partly,1,False,False,False,False,False,,False,https://www.recreation.gov/camping/campgrounds/249965,
249979,Potwisha Campground,CA,NPS,Sequoia & Kings Canyon National Parks,36.517444,-118.800375,True,reservable,40,False,False,False,True,False,49,False,https://www.recreation.gov/camping/campgrounds/249979,https://www.nps.gov/seki/planyourvisit/potwisha.htm
249981,Voyageurs National Park Camping Permits,MN,NPS,Voyageurs National Park,48.602778,-93.376833,True,reservable,162,False,False,False,True,True,,False,https://www.recreation.gov/camping/campgrounds/249981,
249982,Buckeye Flat Campground,CA,NPS,Sequoia & Kings Canyon National Parks,36.521056,-118.762597,True,reservable,28,False,False,False,True,True,21,False,https://www.recreation.gov/camping/campgrounds/249982,https://www.nps.gov/seki/planyourvisit/buckeye.htm
249989,Edson Creek Campground,OR,BLM,Myrtlewood Field Office,42.815200,-124.410928,True,reservable,37,False,False,False,True,True,24,False,https://www.recreation.gov/camping/campgrounds/249989,
249995,White Earth Campground,MT,BOR,Canyon Ferry Lake,46.521075,-111.587878,True,reservable,37,False,False,False,True,True,,False,https://www.recreation.gov/camping/campgrounds/249995,
249999,Hellgate Campground,MT,BOR,Canyon Ferry Lake,46.617656,-111.640128,True,reservable,72,True,False,False,True,True,120,False,https://www.recreation.gov/camping/campgrounds/249999,
250001,Court Sheriff Campground,MT,BOR,Canyon Ferry Lake,46.657936,-111.707717,True,reservable,48,False,False,False,True,True,100,False,https://www.recreation.gov/camping/campgrounds/250001,
250002,Riverside Campground,MT,BOR,Canyon Ferry Lake,46.656358,-111.734819,True,reservable,28,False,False,False,True,True,40,False,https://www.recreation.gov/camping/campgrounds/250002,
250004,Crystal Lake Group Campsite,MT,FS,Helena-Lewis and Clark National Forest,46.796533,-109.510858,True,reservable,1,False,False,False,True,True,,False,https://www.recreation.gov/camping/campgrounds/250004,
250009,Gallo Campground,NM,NPS,Chaco Culture National Historical Park,36.027778,-107.958333,True,reservable,29,False,False,False,True,True,41,False,https://www.recreation.gov/camping/campgrounds/250009,
250010,Blanchard Springs Recreation Area,AR,FS,Ozark-St. Francis National Forests,35.974381,-92.177200,True,partly,24,True,True,False,True,True,25,False,https://www.recreation.gov/camping/campgrounds/250010,
250013,White Cliffs Park,AR,USACE,Millwood Lake,33.765000,-94.058611,True,reservable,25,True,True,False,True,True,60,False,https://www.recreation.gov/camping/campgrounds/250013,
250021,Porcupine Campground,WY,FS,Bighorn National Forest,44.830833,-107.858333,True,reservable,16,False,False,False,True,False,100,False,https://www.recreation.gov/camping/campgrounds/250021,
250024,Chilhowee Group Camp,TN,FS,Cherokee National Forest,35.153611,-84.608889,True,reservable,1,False,False,False,False,True,,False,https://www.recreation.gov/camping/campgrounds/250024,
250026,Lottis Creek Campground,CO,FS,"Grand Mesa, Uncompahgre and Gunnison National Forest",38.775583,-106.627531,True,partly,50,True,True,True,True,True,107,False,https://www.recreation.gov/camping/campgrounds/250026,
250028,Doyle Creek Campground,WY,FS,Bighorn National Forest,44.073000,-106.988000,True,reservable,19,False,False,False,True,True,70,False,https://www.recreation.gov/camping/campgrounds/250028,
250031,Hyatt Lake Recreation Area,OR,BLM,Hyatt Reservoir,42.166978,-122.464133,True,reservable,63,True,False,False,True,True,70,False,https://www.recreation.gov/camping/campgrounds/250031,
250032,Lower Falls Campground,WA,FS,Gifford Pinchot National Forest,46.156640,-121.878452,True,reservable,44,False,False,False,True,True,,False,https://www.recreation.gov/camping/campgrounds/250032,
250035,Murray Bay Campground,MT,FS,Flathead National Forest,48.265961,-113.815069,True,reservable,20,False,False,False,True,True,60,False,https://www.recreation.gov/camping/campgrounds/250035,
250036,Green River Float-In Campsites,UT,FS,Ashley National Forest,40.911111,-109.315278,True,reservable,17,False,False,False,True,True,,False,https://www.recreation.gov/camping/campgrounds/250036,
250039,Miller Flat Reservoir Campground,UT,FS,Manti-La Sal National Forest,39.522217,-111.251036,True,partly,6,False,False,False,True,True,40,False,https://www.recreation.gov/camping/campgrounds/250039,
250040,Black Canyon Rim Campground,AZ,FS,Apache-Sitgreaves National Forest,34.304433,-110.745350,True,reservable,20,False,False,False,True,True,60,False,https://www.recreation.gov/camping/campgrounds/250040,
250042,Island Park Campground,WY,FS,Bighorn National Forest,44.205278,-107.237222,True,reservable,10,False,False,False,True,False,75,False,https://www.recreation.gov/camping/campgrounds/250042,
250044,Riverside Campground,MT,FS,Flathead National Forest,48.272500,-113.817780,True,reservable,3,False,False,False,True,True,50,False,https://www.recreation.gov/camping/campgrounds/250044,
250045,Seaton Creek Campground,MI,FS,Huron-Manistee National Forests,44.357778,-85.809167,True,reservable,19,False,False,False,True,True,,False,https://www.recreation.gov/camping/campgrounds/250045,
250046,Leigh Creek Campground,WY,FS,Bighorn National Forest,44.080883,-107.313597,True,reservable,11,False,False,False,True,False,54,False,https://www.recreation.gov/camping/campgrounds/250046,
250047,Cold Springs Campground,ID,FS,Boise National Forest,44.193333,-116.112778,True,reservable,1,False,False,False,True,True,12,False,https://www.recreation.gov/camping/campgrounds/250047,
250796,Davis Bayou Campground,MS,NPS,Gulf Islands National Seashore,30.397822,-88.795519,True,reservable,56,True,True,False,True,True,58,False,https://www.recreation.gov/camping/campgrounds/250796,https://www.recreation.gov/camping/campgrounds/250796
250850,Rockhaven Park Campground And Equestrian Area,KS,USACE,Clinton Lake,38.891256,-95.375492,True,reservable,24,True,False,False,True,True,75,False,https://www.recreation.gov/camping/campgrounds/250850,
250860,Okefenokee National Wildlife Refuge Overnight Camping Permit,GA,FWS,Okefenokee National Wildlife Refuge,30.804092,-82.307139,True,reservable,12,False,False,False,False,False,,False,https://www.recreation.gov/camping/campgrounds/250860,
250874,Kanza View,KS,USACE,Council Grove Lake,38.686528,-96.492250,True,reservable,5,False,True,False,True,True,,False,https://www.recreation.gov/camping/campgrounds/250874,
250877,Red Rock Canyon Campground,NV,BLM,Red Rock Canyon National Conservation Area,36.131389,-115.383889,True,reservable,80,False,False,False,True,True,45,False,https://www.recreation.gov/camping/campgrounds/250877,
250901,Bonita Canyon Campground,AZ,NPS,Chiricahua National Monument,32.011111,-109.355278,True,reservable,26,False,False,False,True,True,29,False,https://www.recreation.gov/camping/campgrounds/250901,https://www.recreation.gov/camping/campgrounds/250901
250985,Big Pines,WA,BLM,Yakima River Canyon,46.799444,-120.461389,True,reservable,43,False,False,False,True,True,,False,https://www.recreation.gov/camping/campgrounds/250985,
251008,Crystal Springs Campground Mid-Sized Group Sites,CA,NPS,Sequoia & Kings Canyon National Parks,36.744675,-118.961786,True,reservable,14,False,False,False,True,True,18,False,https://www.recreation.gov/camping/campgrounds/251008,
251011,Pleasant Valley Campground,MT,FS,Kootenai National Forest,48.041956,-115.290964,False,first-come,0,False,False,False,False,False,,False,,
251026,Pine Campground Boat Ramp,ID,FS,Boise National Forest,43.457820,-115.315040,False,first-come,0,False,False,False,False,False,,False,,
251130,Mckenzie River Trailhead At Paradise Campground,OR,FS,Willamette National Forest,44.184097,-122.090170,False,first-come,61,False,False,False,False,False,,False,,
251141,Grayback Campground And Group Sites - Reserve,ID,FS,Boise National Forest,43.804850,-115.862430,False,first-come,0,False,False,False,False,False,,False,,
251160,Cottonwood Campground,ND,NPS,Theodore Roosevelt National Park,46.950000,-103.532222,True,reservable,72,False,False,False,True,False,68,False,https://www.recreation.gov/camping/campgrounds/251160,
251161,Roundup Group Horse Camp,ND,NPS,Theodore Roosevelt National Park,47.006944,-103.505556,True,reservable,1,False,False,False,False,True,,False,https://www.recreation.gov/camping/campgrounds/251161,https://www.nps.gov/thro/planyourvisit/roundup-group-horse-campground.htm
251263,Rohrbach Group Campground,MD,NPS,Antietam National Battlefield,39.474167,-77.744444,True,reservable,10,False,False,False,False,True,,False,https://www.recreation.gov/camping/campgrounds/251263,
251264,Camp Round Meadow,MD,NPS,Catoctin Mountain Park,39.639644,-77.446297,True,reservable,1,False,False,False,False,False,,False,https://www.recreation.gov/camping/campgrounds/251264,https://www.recreation.gov/camping/campgrounds/251264
251274,Boot Lake Campground,WI,FS,Chequamegon-Nicolet NF,45.268578,-88.645658,True,reservable,34,False,False,False,False,False,88,False,https://www.recreation.gov/camping/campgrounds/251274,
251351,Susan Creek Campground,OR,BLM,North Umpqua Wild and Scenic River ,43.296667,-122.893333,True,reservable,29,False,False,False,True,True,96,False,https://www.recreation.gov/camping/campgrounds/251351,
251353,Tyee Campground,OR,BLM,North Umpqua Wild and Scenic River ,43.485025,-123.484267,True,reservable,15,False,False,False,True,True,80,False,https://www.recreation.gov/camping/campgrounds/251353,
251355,Cottonshed Park,AR,USACE,Millwood Lake,33.796442,-93.961231,True,reservable,44,True,True,False,True,True,75,False,https://www.recreation.gov/camping/campgrounds/251355,
251356,Auk Village Campground,AK,FS,Tongass National Forest,58.375556,-134.709444,True,reservable,11,False,False,False,True,True,40,False,https://www.recreation.gov/camping/campgrounds/251356,
251357,Bogus Creek Campground,OR,FS,Umpqua National Forest,43.324534,-122.800443,True,reservable,14,False,False,False,True,True,30,False,https://www.recreation.gov/camping/campgrounds/251357,
251358,Clear Creek Campground,NM,FS,Santa Fe National Forest,35.985833,-106.812500,True,reservable,12,False,False,False,True,True,47,False,https://www.recreation.gov/camping/campgrounds/251358,
251359,Elephant Rock Campground,NM,FS,Carson National Forest,36.708400,-105.449300,True,reservable,21,False,False,False,True,True,44,False,https://www.recreation.gov/camping/campgrounds/251359,
251360,Toketee Group Site,OR,FS,Umpqua National Forest,43.273176,-122.408472,True,partly,1,False,False,False,True,True,35,False,https://www.recreation.gov/camping/campgrounds/251360,
251361,Beard's Bluff Park,AR,USACE,Millwood Lake,33.705853,-93.935350,True,reservable,22,True,True,False,True,True,,False,https://www.recreation.gov/camping/campgrounds/251361,
251362,Kaner Flat Campground,WA,FS,Okanogan-Wenatchee National Forest,47.011389,-121.130000,True,reservable,44,False,False,False,True,True,105,False,https://www.recreation.gov/camping/campgrounds/251362,
251363,Ten Mile Campground,CA,FS,Sequoia National Forest,36.753452,-118.894138,True,reservable,11,False,False,False,True,True,40,False,https://www.recreation.gov/camping/campgrounds/251363,
251364,Horseshoe Bend Campground,OR,FS,Umpqua National Forest,43.288477,-122.627400,True,reservable,25,False,False,False,True,True,35,False,https://www.recreation.gov/camping/campgrounds/251364,
251365,Falls Creek Campground,WA,FS,Olympic National Forest,47.469560,-123.845400,True,reservable,31,False,False,False,True,True,21,False,https://www.recreation.gov/camping/campgrounds/251365,
251430,Frisco Campground,NC,NPS,Cape Hatteras National Seashore,35.234594,-75.608814,True,reservable,128,False,False,False,True,False,49,False,https://www.recreation.gov/camping/campgrounds/251430,https://www.recreation.gov/camping/campgrounds/251430
251431,Oregon Inlet Campground,NC,NPS,Cape Hatteras National Seashore,35.800278,-75.545000,True,reservable,245,True,True,False,True,False,47,False,https://www.recreation.gov/camping/campgrounds/251431,https://www.recreation.gov/camping/campgrounds/251431
251433,Quinn River Campground,OR,FS,Deschutes National Forest,43.786111,-121.836111,True,reservable,41,False,False,False,True,True,40,False,https://www.recreation.gov/camping/campgrounds/251433,
251434,Lost Lake Resort And Campground,OR,FS,Mt. Hood National Forest,45.488889,-121.821944,True,reservable,87,False,False,False,True,True,105,False,https://www.recreation.gov/camping/campgrounds/251434,
251435,West South Twin Campground,OR,FS,Deschutes National Forest,43.714722,-121.772778,True,reservable,24,False,False,False,True,True,40,False,https://www.recreation.gov/camping/campgrounds/251435,
251436,Columbine Campground,NM,FS,Carson National Forest,36.680000,-105.514200,True,reservable,27,False,False,False,True,True,70,False,https://www.recreation.gov/camping/campgrounds/251436,
251437,Rio De Las Vacas Campground,NM,FS,Santa Fe National Forest,35.996667,-106.807500,True,reservable,15,False,False,False,True,True,42,False,https://www.recreation.gov/camping/campgrounds/251437,
251438,Parksville Lake RV Campground,TN,FS,Cherokee National Forest,35.116878,-84.575014,True,reservable,16,True,False,False,True,True,,False,https://www.recreation.gov/camping/campgrounds/251438,
251445,Little Beaver A Campground,CA,FS,Plumas National Forest,39.745000,-120.987500,True,partly,119,False,False,False,True,True,,False,https://www.recreation.gov/camping/campgrounds/251445,
251446,Wyandotte A Campground,CA,FS,Plumas National Forest,39.745000,-120.987500,True,reservable,28,False,False,False,True,True,,False,https://www.recreation.gov/camping/campgrounds/251446,
251447,East Lake Campground,OR,FS,Deschutes National Forest,43.717658,-121.211256,True,reservable,29,False,False,False,True,True,40,False,https://www.recreation.gov/camping/campgrounds/251447,
251448,Lava Lake Campground,OR,FS,Deschutes National Forest,43.915000,-121.768056,True,reservable,44,False,False,False,True,True,40,False,https://www.recreation.gov/camping/campgrounds/251448,
251449,Rock Creek Campground,OR,FS,Deschutes National Forest,43.768056,-121.834167,True,reservable,32,False,False,False,True,True,40,False,https://www.recreation.gov/camping/campgrounds/251449,
251451,South Campground,OR,FS,Deschutes National Forest,43.962258,-121.786569,True,reservable,23,False,False,False,True,True,40,False,https://www.recreation.gov/camping/campgrounds/251451,
251452,North Arm Campground,OR,FS,Mt. Hood National Forest,45.142500,-121.771667,True,partly,20,False,False,False,True,True,45,False,https://www.recreation.gov/camping/campgrounds/251452,
251454,Whispering Pines Horse Camp,OR,FS,Deschutes National Forest,44.136389,-123.064722,True,reservable,9,False,False,False,False,True,,False,https://www.recreation.gov/camping/campgrounds/251454,
251468,Bear Creek Campground - Ky,KY,NPS,Big South Fork National River & Recreation Area,36.641075,-84.523644,True,reservable,22,True,True,False,True,True,100,False,https://www.recreation.gov/camping/campgrounds/251468,
251469,Curtis Creek Campground,NC,FS,National Forests in North Carolina,35.676100,-82.199200,True,reservable,24,False,False,False,True,True,,False,https://www.recreation.gov/camping/campgrounds/251469,
251470,Whispering Falls Campground,OR,FS,Willamette National Forest,44.687792,-122.009353,True,partly,18,False,False,False,True,True,99,False,https://www.recreation.gov/camping/campgrounds/251470,
251471,Eagle Rock Campground,OR,FS,Umpqua National Forest,43.295236,-122.554458,True,reservable,27,False,False,False,True,True,30,False,https://www.recreation.gov/camping/campgrounds/251471,
251472,Graham Corral Horse Campground,OR,FS,Deschutes National Forest,44.136389,-123.064722,True,reservable,13,False,False,False,False,True,40,False,https://www.recreation.gov/camping/campgrounds/251472,
251534,Otter Creek Campground,VA,NPS,Blue Ridge Parkway,37.575603,-79.338800,True,reservable,69,False,False,False,True,True,66,False,https://www.recreation.gov/camping/campgrounds/251534,https://www.nps.gov/blri/planyourvisit/peaks-otter-cg.htm
251535,Canyonlands National Park Needles District Campground,UT,NPS,Canyonlands National Park,38.168786,-109.760039,True,partly,26,False,False,False,True,True,80,False,https://www.recreation.gov/camping/campgrounds/251535,
251536,Island Lake,MI,FS,Hiawatha National Forest,46.270833,-86.651389,True,partly,11,False,False,False,True,True,45,False,https://www.recreation.gov/camping/campgrounds/251536,
251537,Little Crater Campground,OR,FS,Deschutes National Forest,43.712222,-121.243333,True,reservable,50,False,False,False,True,True,40,False,https://www.recreation.gov/camping/campgrounds/251537,
251538,South Twin Lake Campground,OR,FS,Deschutes National Forest,44.136389,-123.064722,True,reservable,21,False,False,False,True,True,40,False,https://www.recreation.gov/camping/campgrounds/251538,
251544,Marsden Tract Group Campsite,MD,NPS,Chesapeake & Ohio Canal National Historical Park,38.978678,-77.216072,True,reservable,6,False,False,False,True,True,,False,https://www.recreation.gov/camping/campgrounds/251544,
251547,Loggers Lake Campground,MO,FS,Mark Twain National Forest,37.380000,-91.270000,True,reservable,11,False,False,False,True,True,40,False,https://www.recreation.gov/camping/campgrounds/251547,
251548,Thielsen View Campground,OR,FS,Umpqua National Forest,43.169490,-122.168010,True,partly,64,False,False,False,True,True,40,False,https://www.recreation.gov/camping/campgrounds/251548,
251566,Pioneer Ford Campground,OR,FS,Deschutes National Forest,44.550556,-121.622222,True,reservable,20,False,False,False,True,True,40,False,https://www.recreation.gov/camping/campgrounds/251566,
251567,Contorta Flat Campground,OR,FS,Deschutes National Forest,43.459189,-121.996528,True,reservable,19,False,False,False,True,True,40,False,https://www.recreation.gov/camping/campgrounds/251567,
251568,Richardson Lake Campground,WI,FS,Chequamegon-Nicolet NF,45.441500,-88.715300,True,partly,26,False,False,False,True,True,56,False,https://www.recreation.gov/camping/campgrounds/251568,
251569,Cold Springs Campground,OR,FS,Deschutes National Forest,44.309186,-121.630628,True,reservable,23,False,False,False,True,True,156,False,https://www.recreation.gov/camping/campgrounds/251569,
251570,Rujada Campground,OR,FS,Umpqua National Forest,43.706667,-122.743069,True,reservable,15,False,False,False,True,True,,False,https://www.recreation.gov/camping/campgrounds/251570,
251574,Harpeth River Bridge Campground,TN,USACE,Cheatham Lock and Dam,36.284161,-87.145075,True,reservable,14,True,True,False,True,True,50,False,https://www.recreation.gov/camping/campgrounds/251574,
251575,Alosa Campsites,NJ,NPS,Delaware Water Gap National Recreation Area,41.083412,-74.976328,True,partly,6,False,False,False,True,True,,False,https://www.recreation.gov/camping/campgrounds/251575,
251577,Allen Springs Campground,OR,FS,Deschutes National Forest,44.528031,-121.627339,True,reservable,16,False,False,False,True,True,36,False,https://www.recreation.gov/camping/campgrounds/251577,
251578,Wrights Lake Equestrian Campground,CA,FS,Eldorado National Forest,38.841911,-120.235206,True,reservable,15,False,False,False,True,True,35,False,https://www.recreation.gov/camping/campgrounds/251578,
251579,Summit Springs Guard Station,UT,FS,Ashley National Forest,40.878824,-109.745507,True,reservable,1,False,False,False,True,True,40,False,https://www.recreation.gov/camping/campgrounds/251579,
251580,Cultus Lake Campground,OR,FS,Deschutes National Forest,43.837697,-121.833347,True,reservable,55,False,False,False,True,True,40,False,https://www.recreation.gov/camping/campgrounds/251580,
251581,Mallard Marsh Campground,OR,FS,Deschutes National Forest,43.963350,-121.785669,True,reservable,15,False,False,False,True,True,40,False,https://www.recreation.gov/camping/campgrounds/251581,
251582,Red Fir Flat Group Campground,CA,FS,Shasta-Trinity National Forest,41.343889,-122.253333,True,reservable,1,False,False,False,True,True,25,False,https://www.recreation.gov/camping/campgrounds/251582,
251583,Yukwah Campground,OR,FS,Willamette National Forest,44.400000,-122.338528,True,partly,21,False,False,False,True,True,99,False,https://www.recreation.gov/camping/campgrounds/251583,
251584,Big Woods Hiker-Biker Overnight (Hbo) Campsite,MD,NPS,Chesapeake & Ohio Canal National Historical Park,39.492868,-77.792591,False,first-come,0,False,False,False,False,False,,True,,
251585,Bald Eagle Island Hiker-Biker Campsite,MD,NPS,Chesapeake & Ohio Canal National Historical Park,39.299834,-77.557168,False,first-come,0,False,False,False,False,False,,True,,https://www.nps.gov/choh/planyourvisit/camping.htm
251586,Cacapon Junction Hiker-Biker Overnight (Hbo) Campsite,WV,NPS,Chesapeake & Ohio Canal National Historical Park,39.621284,-78.279305,False,first-come,0,False,False,False,False,False,,True,,
251587,Indigo Neck Hiker Biker Overnight (Hbo) Campsite,MD,NPS,Chesapeake & Ohio Canal National Historical Park,39.626697,-78.358666,False,first-come,0,False,False,False,False,False,,True,,
251588,Devils Alley Hiker-Biker Campsite,MD,NPS,Chesapeake & Ohio Canal National Historical Park,39.622156,-78.411328,False,first-come,0,False,False,False,False,False,,True,,https://www.nps.gov/choh/planyourvisit/camping.htm
251589,Stickpile Hill Hiker-Biker Overnight (Hbo) Campsite,WV,NPS,Chesapeake & Ohio Canal National Historical Park,39.583599,-78.397693,False,first-come,0,False,False,False,False,False,,True,,
251590,Huckleberry Hill Hiker-Biker Campsite,WV,NPS,Chesapeake & Ohio Canal National Historical Park,39.341520,-77.757470,False,first-come,0,False,False,False,False,False,,True,,
251591,Killiansburg Cave Hiker-Biker Campsite,WV,NPS,Chesapeake & Ohio Canal National Historical Park,39.459202,-77.796583,False,first-come,0,False,False,False,False,False,,True,,
251592,Horseshoe Bend Hiker-Biker Campsite,MD,NPS,Chesapeake & Ohio Canal National Historical Park,39.486903,-77.774341,False,first-come,0,False,False,False,False,False,,True,,
251593,Opequon Junction Hiker-Biker Overnight (Hbo) Campsite,WV,NPS,Chesapeake & Ohio Canal National Historical Park,39.515933,-77.860112,False,first-come,0,False,False,False,False,False,,True,,
251594,Cumberland Valley Hiker-Biker Overnight (Hbo) Campsite,WV,NPS,Chesapeake & Ohio Canal National Historical Park,39.562141,-77.853069,False,first-come,0,False,False,False,False,False,,True,,
251595,Jordan Junction Hiker-Biker Campsite,MD,NPS,Chesapeake & Ohio Canal National Historical Park,39.609192,-77.852830,False,first-come,0,False,False,False,False,False,,True,,
251596,North Mountain Hiker-Biker Campsite,MD,NPS,Chesapeake & Ohio Canal National Historical Park,39.610663,-77.959636,False,first-come,0,False,False,False,False,False,,True,,
251597,Licking Creek Hiker-Biker Campsite,MD,NPS,Chesapeake & Ohio Canal National Historical Park,39.650294,-78.048776,False,first-come,0,False,False,False,False,False,,True,,
251598,Little Pool Hiker-Biker Campsite,MD,NPS,Chesapeake & Ohio Canal National Historical Park,39.684776,-78.113125,False,first-come,0,False,False,False,False,False,,True,,
251599,White Rock Hiker-Biker Campsite,MD,NPS,Chesapeake & Ohio Canal National Historical Park,39.677540,-78.209794,False,first-come,0,False,False,False,False,False,,True,,
251600,Leopards Mill Hiker-Biker Overnight (Hbo) Campsite,WV,NPS,Chesapeake & Ohio Canal National Historical Park,39.651928,-78.240155,False,first-come,0,False,False,False,False,False,,True,,
251601,Indian Flats Hiker-Biker Campsite,MD,NPS,Chesapeake & Ohio Canal National Historical Park,39.233516,-77.462711,False,first-come,0,False,False,False,False,False,,True,,
251602,Calico Rocks Hiker-Biker Overnight (Hbo) Campsite,MD,NPS,Chesapeake & Ohio Canal National Historical Park,39.271168,-77.535582,False,first-come,0,False,False,False,False,False,,True,,
251603,Swains Lock Hiker-Biker Campsite,MD,NPS,Chesapeake & Ohio Canal National Historical Park,39.031002,-77.244579,False,first-come,0,False,False,False,False,False,,True,,
251604,Horsepen Branch Hiker-Biker Overnight (Hbo) Campsite,MD,NPS,Chesapeake & Ohio Canal National Historical Park,39.069380,-77.398038,False,first-come,0,False,False,False,False,False,,True,,
251605,Chisel Branch Hiker-Biker Overnight (Hbo) Campsite,MD,NPS,Chesapeake & Ohio Canal National Historical Park,39.102158,-77.473011,False,first-come,0,False,False,False,False,False,,True,,
251606,Turtle Run Hiker-Biker Campsite,MD,NPS,Chesapeake & Ohio Canal National Historical Park,39.139288,-77.515673,False,first-come,0,False,False,False,False,False,,True,,
251607,Marble Quarry Hiker-Biker Campsite,MD,NPS,Chesapeake & Ohio Canal National Historical Park,39.179558,-77.492708,False,first-come,0,False,False,False,False,False,,True,,
251609,Chittenden Brook Campground,VT,FS,Green Mountain & Finger Lakes National Forests,43.824444,-72.908889,True,partly,18,False,False,False,True,True,18,False,https://www.recreation.gov/camping/campgrounds/251609,
251611,Flumet Flat Group Campground,OR,FS,Rogue River-Siskiyou National Forest,42.116990,-123.087390,True,reservable,1,False,False,False,True,True,,False,https://www.recreation.gov/camping/campgrounds/251611,
251615,Bridal Veil Group Area And Picnic Ground,CA,FS,Eldorado National Forest,38.766389,-120.482500,True,reservable,1,False,False,False,True,True,15,False,https://www.recreation.gov/camping/campgrounds/251615,
251616,Santiam Flats Campground,OR,FS,Willamette National Forest,44.711814,-122.116258,True,partly,34,False,False,False,True,True,75,False,https://www.recreation.gov/camping/campgrounds/251616,
251647,Wakalumi Campground,CA,USACE,Hensley Lake,37.110000,-119.883330,False,first-come,0,False,False,False,False,False,,False,,
251657,Milltown Campground,GA,USACE,Hartwell Lake,34.460176,-82.910000,False,first-come,0,False,False,False,False,False,,False,,
251701,Scissortail Campground,OK,USACE,Arcadia Lake,35.645000,-97.361670,False,first-come,0,False,False,False,False,False,,False,,
251709,Capitol Reef Group Campground,UT,NPS,Capitol Reef National Park,38.279153,-111.251389,True,reservable,1,False,False,False,True,True,27,False,https://www.recreation.gov/camping/campgrounds/251709,
251710,Owl Creek Corral,MT,FS,Flathead National Forest,47.439594,-113.609167,True,reservable,1,False,False,False,True,False,,False,https://www.recreation.gov/camping/campgrounds/251710,
251712,Fourmile Lake Campground,OR,FS,Fremont-Winema National Forest,42.470000,-122.250000,True,partly,23,False,False,False,True,True,88,False,https://www.recreation.gov/camping/campgrounds/251712,
251713,Humbug Campground,OR,FS,Willamette National Forest,44.770653,-122.077317,True,partly,23,False,False,False,True,True,99,False,https://www.recreation.gov/camping/campgrounds/251713,
251720,Apgar Campground,ID,FS,Nez Perce-Clearwater National Forests,46.214686,-115.535675,False,first-come,0,False,False,False,False,False,,False,,
251722,Little Cultus Campground,OR,FS,Deschutes National Forest,43.801019,-121.863069,True,reservable,29,False,False,False,True,True,40,False,https://www.recreation.gov/camping/campgrounds/251722,
251723,Chilhowee Campground,TN,FS,Cherokee National Forest,35.153750,-84.609119,True,reservable,61,True,False,False,True,True,90,False,https://www.recreation.gov/camping/campgrounds/251723,
251724,Dennis Cove Campground,TN,FS,Cherokee National Forest,36.257222,-82.110833,True,reservable,14,False,False,False,True,True,,False,https://www.recreation.gov/camping/campgrounds/251724,
251741,Fox Creek Horse Camp,VA,FS,George Washington & Jefferson National Forest,36.697861,-81.503844,True,reservable,22,False,False,False,True,True,50,False,https://www.recreation.gov/camping/campgrounds/251741,
251757,Backbone Rock Campground,TN,FS,Cherokee National Forest,36.593889,-81.815000,True,reservable,11,False,False,False,True,True,,False,https://www.recreation.gov/camping/campgrounds/251757,
251764,Reynolds Creek Group Campground,AZ,FS,Tonto National Forest,33.872306,-110.977472,True,reservable,1,False,False,False,True,True,21,False,https://www.recreation.gov/camping/campgrounds/251764,
251777,Campgrounds - Highway 108 Corridor,CA,FS,Stanislaus National Forest,38.281300,-120.087800,False,first-come,0,False,False,False,False,False,,False,,
251820,Boat Gunnel Group Campground,KY,FS,Daniel Boone National Forest,38.099272,-83.502347,True,reservable,1,True,False,False,True,True,,False,https://www.recreation.gov/camping/campgrounds/251820,
251833,Schoodic Woods Campground,ME,NPS,Acadia National Park,44.381494,-68.068361,True,reservable,94,True,True,False,True,True,70,False,https://www.recreation.gov/camping/campgrounds/251833,https://www.nps.gov/acad/planyourvisit/camping.htm
251834,Dewey Bridge Group Sites,UT,BLM,Moab Field Office (BLM),38.810469,-109.307589,True,reservable,3,False,False,False,True,True,50,False,https://www.recreation.gov/camping/campgrounds/251834,
251835,Upper Onion Creek Group Site,UT,BLM,Moab Field Office (BLM),38.738289,-109.351769,True,reservable,2,False,False,False,True,True,20,False,https://www.recreation.gov/camping/campgrounds/251835,
251836,Windwhistle Group Site,UT,BLM,Canyon Rims,38.177511,-109.462200,True,reservable,1,False,False,False,True,True,20,False,https://www.recreation.gov/camping/campgrounds/251836,
251837,Lone Mesa Group Sites,UT,BLM,Labyrinth Rims | Gemini Bridge,38.635814,-109.804939,True,reservable,5,False,False,False,True,True,50,False,https://www.recreation.gov/camping/campgrounds/251837,
251838,Horsethief Group Sites,UT,BLM,Labyrinth Rims | Gemini Bridge,38.584311,-109.814239,True,reservable,5,False,False,False,True,True,22,False,https://www.recreation.gov/camping/campgrounds/251838,
251839,The Ledge Group Sites,UT,BLM,,38.481081,-109.602189,True,reservable,3,False,False,False,True,True,22,False,https://www.recreation.gov/camping/campgrounds/251839,
251840,Ken's Lake Group Sites,UT,BLM,,38.476947,-109.422438,True,reservable,2,False,False,False,True,True,20,False,https://www.recreation.gov/camping/campgrounds/251840,
251841,Goose Island Group Sites,UT,BLM,Moab Field Office (BLM),38.609669,-109.557819,True,reservable,2,False,False,False,True,True,30,False,https://www.recreation.gov/camping/campgrounds/251841,
251842,Big Bend Group Sites,UT,BLM,Moab Field Office (BLM),38.648639,-109.479758,True,reservable,3,False,False,False,True,True,20,False,https://www.recreation.gov/camping/campgrounds/251842,
251843,Gold Bar Group Sites,UT,BLM,Moab Field Office (BLM),38.575750,-109.633411,True,reservable,4,False,False,False,True,True,50,False,https://www.recreation.gov/camping/campgrounds/251843,
251844,Williams Creek Campground,CO,FS,San Juan National Forest,37.495197,-107.226697,True,reservable,61,False,True,True,True,True,45,False,https://www.recreation.gov/camping/campgrounds/251844,
251845,Nichols Lake South Campground,MI,FS,Huron-Manistee National Forests,43.723056,-85.902500,True,reservable,28,False,False,False,True,True,65,False,https://www.recreation.gov/camping/campgrounds/251845,
251846,Alto Pit OHV Campground,AZ,FS,Prescott National Forest,34.590000,-112.559167,True,partly,11,False,False,False,True,True,38,False,https://www.recreation.gov/camping/campgrounds/251846,
251847,Twin Creek Campground Group Camping Site,ID,FS,Salmon-Challis National Forest,45.608306,-113.970611,True,reservable,1,False,False,False,False,True,,False,https://www.recreation.gov/camping/campgrounds/251847,
251854,Canaveral National Seashore Permits,FL,NPS,Canaveral National Seashore,28.927222,-80.824333,True,reservable,14,False,False,False,True,True,,False,https://www.recreation.gov/camping/campgrounds/251854,
251865,Apostle Islands National Lakeshore Camping Permits,WI,NPS,Apostle Islands National Lakeshore,46.813236,-90.820311,True,reservable,95,False,False,False,True,True,,False,https://www.recreation.gov/camping/campgrounds/251865,
251869,Many Glacier Campground,MT,NPS,Glacier National Park,48.796675,-113.677342,True,reservable,111,False,False,False,True,True,35,False,https://www.recreation.gov/camping/campgrounds/251869,
251883,Kelsay Valley Horse Camp,OR,FS,Umpqua National Forest,43.317896,-122.096986,True,reservable,18,False,False,False,True,True,25,False,https://www.recreation.gov/camping/campgrounds/251883,
251884,American Forks Campground,WA,FS,Okanogan-Wenatchee National Forest,46.977020,-121.167121,True,partly,12,False,False,False,True,True,45,False,https://www.recreation.gov/camping/campgrounds/251884,
251885,Canton Creek Campground,OR,FS,Umpqua National Forest,43.347770,-122.730496,True,reservable,5,False,False,False,True,True,24,False,https://www.recreation.gov/camping/campgrounds/251885,
251886,Inlet Campground,OR,FS,Umpqua National Forest,43.311550,-122.154905,True,reservable,13,False,False,False,True,True,25,False,https://www.recreation.gov/camping/campgrounds/251886,
251887,Boulder Flat Campground,OR,FS,Umpqua National Forest,43.303837,-122.525917,True,reservable,9,False,False,False,True,True,24,False,https://www.recreation.gov/camping/campgrounds/251887,
251894,East Lemolo Campground,OR,FS,Umpqua National Forest,43.310697,-122.162651,True,reservable,16,False,False,False,True,True,25,False,https://www.recreation.gov/camping/campgrounds/251894,
251895,Bunker Hill Campground,OR,FS,Umpqua National Forest,43.319223,-122.187839,True,reservable,5,False,False,False,True,True,25,False,https://www.recreation.gov/camping/campgrounds/251895,
251902,Craig Creek Recreation Area,VA,FS,George Washington & Jefferson National Forest,37.620420,-79.976410,True,reservable,1,False,False,False,True,True,,False,https://www.recreation.gov/camping/campgrounds/251902,
251903,Group Landing,FL,FS,National Forests in Florida,30.212878,-82.424533,True,reservable,1,True,True,False,True,True,40,False,https://www.recreation.gov/camping/campgrounds/251903,
251904,Camel Lake Campground,FL,FS,National Forests in Florida,30.277150,-84.986600,True,reservable,11,True,True,False,True,True,80,False,https://www.recreation.gov/camping/campgrounds/251904,
251905,Whitetail Yurt,MT,FS,Kootenai National Forest,48.827706,-115.814475,True,reservable,1,False,False,False,True,True,35,False,https://www.recreation.gov/camping/campgrounds/251905,
251906,Sol Duc Hot Springs Resort Campground,WA,NPS,Olympic National Park,47.966753,-123.857825,True,reservable,97,True,True,True,True,True,50,False,https://www.recreation.gov/camping/campgrounds/251906,
251907,Toketee Lake Campground,OR,FS,Umpqua National Forest,43.273176,-122.408472,True,reservable,34,False,False,False,True,True,24,False,https://www.recreation.gov/camping/campgrounds/251907,
251908,Wright Lake Campground,FL,FS,National Forests in Florida,29.999431,-85.001803,True,reservable,20,False,True,False,True,True,60,False,https://www.recreation.gov/camping/campgrounds/251908,
251909,Steel Bridge Campground,VA,FS,George Washington & Jefferson National Forest,37.598360,-80.227370,True,reservable,3,False,False,False,True,True,,False,https://www.recreation.gov/camping/campgrounds/251909,
251911,South Shore Group Campground,OR,BOR,Haystack Reservoir,44.491667,-121.149167,True,partly,3,False,False,False,True,True,,False,https://www.recreation.gov/camping/campgrounds/251911,
251938,Thunder Rock Campground,TN,FS,Cherokee National Forest,35.076111,-84.485556,True,reservable,38,True,False,False,True,True,,False,https://www.recreation.gov/camping/campgrounds/251938,
251939,Laura Lake Campground,WI,FS,Chequamegon-Nicolet NF,45.704186,-88.506778,True,partly,41,False,False,False,True,True,73,False,https://www.recreation.gov/camping/campgrounds/251939,
251940,North Fork Campground,OR,FS,Rogue River-Siskiyou National Forest,42.377500,-122.360556,True,reservable,10,False,False,False,True,True,50,False,https://www.recreation.gov/camping/campgrounds/251940,
251941,Sand Island Group Sites,UT,BLM,,37.263056,-109.612222,True,reservable,2,False,False,False,True,True,,False,https://www.recreation.gov/camping/campgrounds/251941,
251942,Bear Lake Campground,WI,FS,Chequamegon-Nicolet NF,45.512319,-88.513678,True,partly,27,False,False,False,True,True,64,False,https://www.recreation.gov/camping/campgrounds/251942,
251943,Hearts Content Recreation Area,PA,FS,Allegheny National Forest,41.695556,-79.257778,True,partly,27,False,False,False,True,True,45,False,https://www.recreation.gov/camping/campgrounds/251943,
251945,Cape Point Campground,NC,NPS,Cape Hatteras National Seashore,35.236208,-75.922503,True,reservable,202,False,False,False,True,False,50,False,https://www.recreation.gov/camping/campgrounds/251945,https://www.recreation.gov/camping/campgrounds/251945
251946,Outflow Recreation Area,PA,USACE,Tionesta Lake,41.480061,-79.443147,True,reservable,27,True,True,False,True,True,99,False,https://www.recreation.gov/camping/campgrounds/251946,
251947,Cranesnest Campground,VA,USACE,John W. Flannagan Dam and Reservoir,37.149722,-82.410058,True,reservable,31,True,False,False,True,True,28,False,https://www.recreation.gov/camping/campgrounds/251947,
251948,Wolf Creek Campground,ND,USACE,Sakakawea Lake,47.546025,-101.309989,True,reservable,67,False,False,False,True,True,,False,https://www.recreation.gov/camping/campgrounds/251948,
251949,Pound River Campground,VA,USACE,John W. Flannagan Dam and Reservoir,37.194085,-82.441710,True,reservable,27,True,True,False,True,True,,False,https://www.recreation.gov/camping/campgrounds/251949,
251950,East Totten Trail Campground,ND,USACE,Sakakawea Lake,47.618225,-101.261956,True,reservable,40,True,False,False,True,True,,False,https://www.recreation.gov/camping/campgrounds/251950,
251954,Lower Twin Campground,VA,USACE,John W. Flannagan Dam and Reservoir,37.235188,-82.378767,True,reservable,33,True,False,False,True,True,,False,https://www.recreation.gov/camping/campgrounds/251954,
251958,Grey Cliffs Campground,NV,NPS,Great Basin National Park,38.989694,-114.221333,True,reservable,16,False,False,False,True,True,,False,https://www.recreation.gov/camping/campgrounds/251958,https://www.nps.gov/grba/planyourvisit/campgrounds.htm
251959,Kellettville Recreation Area,PA,USACE,Tionesta Lake,41.544989,-79.255825,True,reservable,20,True,True,False,True,True,,False,https://www.recreation.gov/camping/campgrounds/251959,
251963,Nancy's Boat To Shore Campground,PA,USACE,Raystown Lake,40.345075,-78.142231,True,reservable,50,False,False,False,True,True,,False,https://www.recreation.gov/camping/campgrounds/251963,
251964,Yavapai Campground,AZ,FS,Prescott National Forest,34.602472,-112.538694,True,partly,21,True,False,False,True,True,40,False,https://www.recreation.gov/camping/campgrounds/251964,
251981,Whiskey Springs Campground,OR,FS,Rogue River-Siskiyou National Forest,42.496389,-122.418611,True,reservable,35,False,False,False,True,True,40,False,https://www.recreation.gov/camping/campgrounds/251981,
252035,Fourbit Ford Campground,OR,FS,Rogue River-Siskiyou National Forest,42.500833,-122.404167,True,reservable,8,False,False,False,True,True,40,False,https://www.recreation.gov/camping/campgrounds/252035,
252036,Bonaparte Lake Campground,WA,FS,Colville National Forest,48.792464,-119.057419,True,partly,33,False,False,False,True,True,48,False,https://www.recreation.gov/camping/campgrounds/252036,
252159,Cold Springs Campground,CO,FS,Medicine Bow-Routt NFs & Thunder Basin NG,40.030869,-107.119431,False,first-come,0,False,False,False,False,False,,False,,
252205,Lynx Pass Campground,CO,FS,Medicine Bow-Routt NFs & Thunder Basin NG,40.105561,-106.682818,False,first-come,0,False,False,False,False,False,,False,,
252280,Indian Creek Falls Group Site,UT,BLM,Bears Ears National Monument,38.205387,-109.674383,True,reservable,1,False,False,False,True,True,,False,https://www.recreation.gov/camping/campgrounds/252280,
252281,Creek Pasture Group Site,UT,BLM,Bears Ears National Monument,38.170278,-109.633889,True,reservable,1,False,False,False,True,True,,False,https://www.recreation.gov/camping/campgrounds/252281,
252341,Wahtum Lake Campground,OR,FS,Mt. Hood National Forest,45.577310,-121.792470,False,first-come,0,False,False,False,False,False,,False,,
252747,Horseshoe Springs Campground,CA,FS,Los Padres National Forest,35.021100,-120.114800,False,first-come,0,False,False,False,False,False,,False,,
252753,Arroyo Seco Group Campground,CA,FS,Los Padres National Forest,36.231600,-121.485000,False,first-come,0,False,False,False,False,False,,False,,
252967,Spring Gap Campground,WV,NPS,Chesapeake & Ohio Canal National Historical Park,39.564642,-78.717914,True,reservable,14,False,False,False,True,True,20,False,https://www.recreation.gov/camping/campgrounds/252967,https://www.recreation.gov/camping/campgrounds/252967
252968,Fifteen Mile Creek Campsite,MD,NPS,Chesapeake & Ohio Canal National Historical Park,39.624733,-78.384842,True,reservable,10,False,False,False,True,True,,False,https://www.recreation.gov/camping/campgrounds/252968,
252969,Mccoy's Ferry Campground,MD,NPS,Chesapeake & Ohio Canal National Historical Park,39.609447,-77.969908,True,reservable,13,False,False,False,True,True,,False,https://www.recreation.gov/camping/campgrounds/252969,https://www.recreation.gov/camping/campgrounds/252969
252970,Antietam Creek Campsite,MD,NPS,Chesapeake & Ohio Canal National Historical Park,39.419069,-77.746544,True,reservable,20,False,False,False,True,True,,False,https://www.recreation.gov/camping/campgrounds/252970,
252971,Paw Paw Tunnel Campsite,MD,NPS,Chesapeake & Ohio Canal National Historical Park,39.541581,-78.459689,True,reservable,10,False,False,False,True,True,,False,https://www.recreation.gov/camping/campgrounds/252971,
253255,Campgrounds - Taylor Park Area,CO,FS,"Grand Mesa, Uncompahgre and Gunnison National Forest",38.518157,-107.461042,False,first-come,0,False,False,False,False,False,,False,,
253457,Hittle Bottom Group Site,UT,BLM,Moab Field Office (BLM),38.759219,-109.324039,True,reservable,1,False,False,False,True,True,40,False,https://www.recreation.gov/camping/campgrounds/253457,
253459,Delta National Forest - Camping,MS,FS,National Forests in Mississippi,32.766797,-90.783433,True,reservable,56,False,False,False,True,True,30,False,https://www.recreation.gov/camping/campgrounds/253459,
253502,Rock Creek Campground,TN,NPS,Obed Wild & Scenic River,36.070204,-84.663308,True,reservable,11,False,False,False,True,True,20,False,https://www.recreation.gov/camping/campgrounds/253502,
253529,Mcgaffey Campground,NM,FS,Cibola National Forest and Grasslands,35.370720,-108.522720,False,first-come,0,False,False,False,False,False,,False,,
253552,Mills Canyon Rim Campground,NM,FS,Cibola National Forest and Grasslands,36.071833,-104.349431,False,first-come,0,False,False,False,False,False,,False,,
253563,New Canyon Campground,NM,FS,Cibola National Forest and Grasslands,34.403160,-106.247350,False,first-come,0,False,False,False,False,False,,False,,
253578,Mcdowell Campground,TX,FS,Cibola National Forest and Grasslands,35.214589,-100.866569,False,first-come,0,False,False,False,False,False,,False,,
253589,Black Kettle Campground,OK,FS,Cibola National Forest and Grasslands,35.745169,-99.714289,False,first-come,0,False,False,False,False,False,,False,,
253592,Spring Creek Campground,OK,FS,Cibola National Forest and Grasslands,35.772781,-99.839506,False,first-come,0,False,False,False,False,False,,False,,
253603,Bosque Campground,NM,FS,Cibola National Forest and Grasslands,34.762704,-106.403846,False,first-come,0,False,False,False,False,False,,False,,
253610,Water Canyon Group Campground,NM,FS,Cibola National Forest and Grasslands,34.026088,-107.136583,False,first-come,0,False,False,False,False,False,,False,,
253634,Red Cloud Campground,NM,FS,Cibola National Forest and Grasslands,34.176237,-105.699657,False,first-come,0,False,False,False,False,False,,False,,
253635,East Bluff #1 Campground,TX,FS,Cibola National Forest and Grasslands,35.212192,-100.864714,False,first-come,0,False,False,False,False,False,,False,,
253680,Marvine Campground,CO,FS,White River National Forest,40.006944,-107.426111,True,reservable,23,False,False,False,True,True,40,False,https://www.recreation.gov/camping/campgrounds/253680,
253688,Sunset Campground,CA,NPS,Death Valley National Park,36.457287,-116.861920,False,first-come,230,False,False,False,False,False,,False,,https://www.nps.gov/deva/planyourvisit/sunset-campground.htm
253730,Cumberland Island National Seashore Camping Permits,GA,NPS,Cumberland Island National Seashore,30.720361,-81.549722,True,reservable,47,False,False,False,False,True,,False,https://www.recreation.gov/camping/campgrounds/253730,
253917,Sentinel Campground,CA,NPS,Sequoia & Kings Canyon National Parks,36.790278,-118.671944,True,reservable,82,False,False,False,True,True,40,False,https://www.recreation.gov/camping/campgrounds/253917,https://www.nps.gov/seki/planyourvisit/sentinel.htm
253918,Piney Campground And Boat Launch,MT,FS,Beaverhead-Deerlodge National Forest,46.195572,-113.302197,True,partly,19,False,False,False,True,True,45,False,https://www.recreation.gov/camping/campgrounds/253918,
254056,Pete's Draw Campground,WY,BLM,North Platte River,42.579460,-106.685475,False,first-come,0,False,False,False,False,False,,True,,
254057,Golden Currant Campground,WY,BLM,North Platte River,42.664599,-106.632346,False,first-come,0,False,False,False,False,False,,True,,
254058,Chalk Bluffs Campground,WY,BLM,,42.675687,-106.623643,False,first-come,0,False,False,False,False,False,,True,,
254059,Buffaloberry Campground,WY,BLM,North Platte River,42.682560,-106.623272,False,first-come,0,False,False,False,False,False,,True,,
254080,Bear Lake Campground,CO,FS,Pike and San Isabel National Forests & Cimarron and Comanche National Grasslands,37.325361,-105.138861,True,reservable,14,False,False,False,True,True,36,False,https://www.recreation.gov/camping/campgrounds/254080,
254082,Blue Lake Campground,CO,FS,Pike and San Isabel National Forests & Cimarron and Comanche National Grasslands,37.313217,-105.138967,True,partly,16,False,False,False,True,True,36,False,https://www.recreation.gov/camping/campgrounds/254082,
254084,Webb Creek Park,MO,USACE,Clearwater Lake,37.149386,-90.808156,True,reservable,31,True,True,False,True,True,40,False,https://www.recreation.gov/camping/campgrounds/254084,
254094,Islet Campground,OR,FS,Willamette National Forest,43.746939,-122.007450,True,partly,33,False,False,False,True,True,43,False,https://www.recreation.gov/camping/campgrounds/254094,
255118,Lower Onion Creek Group Sites,UT,BLM,Moab Field Office (BLM),38.738289,-109.351769,True,reservable,4,False,False,False,True,True,40,False,https://www.recreation.gov/camping/campgrounds/255118,
255119,Fowlers Campground,CA,FS,Shasta-Trinity National Forest,41.244856,-122.023256,True,reservable,36,False,False,False,True,True,59,False,https://www.recreation.gov/camping/campgrounds/255119,
255120,Spectacle Lake Campground (Wisconsin),WI,FS,Chequamegon-Nicolet NF,46.011392,-89.010917,True,partly,34,False,False,False,True,True,40,False,https://www.recreation.gov/camping/campgrounds/255120,
255121,Luna White Deer Campground,WI,FS,Chequamegon-Nicolet NF,45.889242,-88.957478,True,partly,37,False,False,False,True,True,40,False,https://www.recreation.gov/camping/campgrounds/255121,
255122,Lost Lake Campground,WI,FS,Chequamegon-Nicolet NF,45.885247,-88.562294,True,partly,27,False,False,False,True,True,40,False,https://www.recreation.gov/camping/campgrounds/255122,
255123,Laurel Lake Campground,WI,FS,Chequamegon-Nicolet NF,45.816331,-89.109919,True,partly,12,False,False,False,True,True,40,False,https://www.recreation.gov/camping/campgrounds/255123,
255124,Kentuck Lake Campground,WI,FS,Chequamegon-Nicolet NF,45.991208,-88.976086,True,partly,31,True,False,False,True,True,40,False,https://www.recreation.gov/camping/campgrounds/255124,
255134,Left Tailrace,SD,USACE,Lake Sharpe,44.040833,-99.439444,True,reservable,93,True,False,False,True,True,89,False,https://www.recreation.gov/camping/campgrounds/255134,
255135,Southshore At Detroit Lake - Willamette,OR,FS,Willamette National Forest,44.705400,-122.176186,True,partly,33,False,False,False,True,True,130,False,https://www.recreation.gov/camping/campgrounds/255135,
255177,White Rock Mountain Recreation Area,AR,FS,Ozark-St. Francis National Forests,35.689861,-93.956361,True,reservable,13,False,True,False,True,True,20,False,https://www.recreation.gov/camping/campgrounds/255177,
255180,Page Springs Campground,OR,BLM,Steens Mountain Cooperative Management & Protection Area,42.805971,-118.867677,False,first-come,0,False,False,False,False,False,,False,,
255183,South Steens Campground,OR,BLM,Steens Mountain Cooperative Management & Protection Area,42.656738,-118.728468,False,first-come,36,False,False,False,False,False,,False,,
255201,Colonial Creek South Campground,WA,NPS,North Cascades National Park,48.689581,-121.096061,True,partly,94,False,False,False,True,True,43,False,https://www.recreation.gov/camping/campgrounds/255201,https://www.recreation.gov/camping/campgrounds/255201
255204,Crooked Creek Lake,PA,USACE,Crooked Creek Lake,40.713592,-79.514222,True,reservable,51,False,False,False,True,True,,False,https://www.recreation.gov/camping/campgrounds/255204,
255205,Alsea Falls Recreation Site (Campground),OR,BLM,Mary's Peak Extensive,44.320561,-123.487822,True,reservable,38,False,False,False,True,True,32,False,https://www.recreation.gov/camping/campgrounds/255205,
255240,Pink House Recreation Site,ID,BLM,Cottonwood Field Office (BLM),46.502222,-116.348055,True,partly,20,True,True,False,True,True,,False,https://www.recreation.gov/camping/campgrounds/255240,
255253,Garden Creek Campground,ID,BLM,,43.976666,-114.066666,False,first-come,0,False,False,False,False,False,,False,,
255278,Horsethief Campground,UT,BLM,,38.584290,-109.814209,True,partly,0,False,False,False,False,False,,False,https://www.recreation.gov/camping/campgrounds/255278,
255279,Cowboy Camp,UT,BLM,,38.560590,-109.793749,False,first-come,7,False,False,False,False,False,,False,,
255286,Toto Creek Campground,GA,USACE,Lake Sidney Lanier,34.394944,-83.986778,True,reservable,9,False,False,False,True,True,35,False,https://www.recreation.gov/camping/campgrounds/255286,
255303,Medicine Lake Recreation Area,CA,FS,Modoc National Forest,41.585844,-121.585569,True,partly,75,False,False,False,True,True,75,False,https://www.recreation.gov/camping/campgrounds/255303,
255307,Lower Onion Creek Campground,UT,BLM,,38.737000,-109.359000,False,first-come,0,False,False,False,False,False,,False,,
255308,Upper Onion Creek Campground,UT,BLM,,38.433530,-109.207040,False,first-come,0,False,False,False,False,False,,False,,
256344,Sinkhole Campground,AZ,FS,Apache-Sitgreaves National Forest,34.304806,-110.885417,True,partly,13,False,False,False,True,True,35,False,https://www.recreation.gov/camping/campgrounds/256344,
256345,Rim Campground,AZ,FS,Apache-Sitgreaves National Forest,34.305417,-110.909167,True,reservable,26,False,False,False,True,True,32,False,https://www.recreation.gov/camping/campgrounds/256345,
256347,Moosalamoo Campground,VT,FS,Green Mountain & Finger Lakes National Forests,43.919000,-73.027100,True,partly,20,False,False,False,True,True,20,False,https://www.recreation.gov/camping/campgrounds/256347,
256348,Halfway Flat Campground,WA,FS,Okanogan-Wenatchee National Forest,46.980475,-121.095822,True,reservable,8,False,False,False,True,True,150,False,https://www.recreation.gov/camping/campgrounds/256348,
256350,Mogollon Campground,AZ,FS,Apache-Sitgreaves National Forest,34.321431,-110.956667,True,reservable,26,False,False,False,True,True,32,False,https://www.recreation.gov/camping/campgrounds/256350,
256367,Pictured Rocks National Lakeshore Backcountry Camping Permit,MI,NPS,Pictured Rocks National Lakeshore,46.562222,-86.305125,True,reservable,72,False,False,False,False,True,,False,https://www.recreation.gov/camping/campgrounds/256367,
256892,Simpson Springs Campground,UT,BLM,Salt Lake Field Office,40.034957,-112.781160,True,reservable,23,False,False,False,True,True,98,False,https://www.recreation.gov/camping/campgrounds/256892,
256893,Little Creek Campground,UT,BLM,Salt Lake Field Office,41.677694,-111.226138,True,reservable,10,False,False,False,True,True,100,False,https://www.recreation.gov/camping/campgrounds/256893,
256924,White House Campground,UT,BLM,,37.079939,-111.890283,False,first-come,12,False,False,False,False,False,,False,,
256932,Big Meadow Campground,CA,FS,Sequoia National Forest,36.718474,-118.829874,True,reservable,43,False,False,False,True,True,42,False,https://www.recreation.gov/camping/campgrounds/256932,
256933,White Spar Campground,AZ,FS,Prescott National Forest,34.506169,-112.477681,True,reservable,56,False,False,False,True,True,91,False,https://www.recreation.gov/camping/campgrounds/256933,
256945,Equestrian Campground,UT,BLM,,39.080133,-110.661828,False,first-come,11,False,False,False,False,False,,False,,
256959,Sids Mountain Wilderness - The Wedge,UT,BLM,,39.093158,-110.758775,False,first-come,0,False,False,False,False,False,,False,,
257007,Superbowl Group Site,UT,BLM,Bears Ears National Monument,38.145151,-109.621006,True,reservable,1,False,False,False,True,True,,False,https://www.recreation.gov/camping/campgrounds/257007,
257029,Temple Mountain Campground East,UT,BLM,,38.656772,-110.661225,False,first-come,0,False,False,False,False,False,,True,,
257030,Temple Moutain Campground West,UT,BLM,,38.667778,-110.685542,False,first-come,0,False,False,False,False,False,,True,,
257157,Lonesome Beaver Campground,UT,BLM,,38.110846,-110.777323,False,first-come,0,False,False,False,False,False,,False,,
257158,Starr Spring Campground,UT,BLM,,37.849015,-110.663443,False,first-come,0,False,False,False,False,False,,False,,
257159,Mcmillan Spring Campground,UT,BLM,,38.072028,-110.848157,False,first-come,0,False,False,False,False,False,,False,,
257187,Ponderosa Grove Campground,UT,BLM,,37.089094,-112.672193,True,reservable,35,False,False,False,True,False,,False,https://www.recreation.gov/camping/campgrounds/257187,
257351,Iron Creek Campground,NM,FS,Gila National Forest,32.909735,-107.803618,False,first-come,12,False,False,False,False,False,,False,,
257374,Black Canyon Campground - Upper,NM,FS,Gila National Forest,33.185284,-108.030670,False,first-come,0,False,False,False,False,False,,False,,
257396,Forks Campground,NM,FS,Gila National Forest,33.183483,-108.206422,False,first-come,7,False,False,False,False,False,,False,,
257404,Black Canyon Campground - Lower,NM,FS,Gila National Forest,33.184150,-108.033958,False,first-come,0,False,False,False,False,False,,False,,
257416,Kingston Campground,NM,FS,Gila National Forest,32.918485,-107.701170,False,first-come,0,False,False,False,False,False,,False,,
258474,Little Crane Campground,OR,FS,Malheur National Forest,44.423000,-118.974000,False,first-come,0,False,False,False,False,False,,False,,
258534,Primitive Campsites At Cathedral Campground,UT,NPS,Capitol Reef National Park,38.474600,-111.367300,False,first-come,6,False,False,False,False,False,,False,,https://www.nps.gov/care/planyourvisit/primitive-campgrounds.htm
258535,Primitive Campsites At Cedar Mesa Campground,UT,NPS,Capitol Reef National Park,38.007300,-111.084600,False,first-come,5,False,False,False,False,False,,False,,https://www.nps.gov/care/planyourvisit/primitive-campgrounds.htm
258561,Evitts Creek Hiker-Biker Campsite,MD,NPS,Chesapeake & Ohio Canal National Historical Park,39.616979,-78.732590,False,first-come,0,False,False,False,False,False,,True,,https://www.nps.gov/choh/planyourvisit/camping.htm
258562,Irons Mountain Hiker-Biker Campsite,WV,NPS,Chesapeake & Ohio Canal National Historical Park,39.587479,-78.735584,False,first-come,0,False,False,False,False,False,,True,,https://www.nps.gov/choh/planyourvisit/camping.htm
258563,Pigmans Ferry Hiker-Biker Campsite,WV,NPS,Chesapeake & Ohio Canal National Historical Park,39.538958,-78.650428,False,first-come,0,False,False,False,False,False,,True,,
258564,Potomac Forks Hiker-Biker Campsite,MD,NPS,Chesapeake & Ohio Canal National Historical Park,39.530940,-78.588975,False,first-come,0,False,False,False,False,False,,True,,
258565,Sorrel Ridge Hiker-Biker Overnight (Hbo) Campsite,MD,NPS,Chesapeake & Ohio Canal National Historical Park,39.571699,-78.453213,False,first-come,0,False,False,False,False,False,,True,,
258566,Purslane Run Hiker-Biker Overnight (Hbo) Campsite,MD,NPS,Chesapeake & Ohio Canal National Historical Park,39.535244,-78.464149,False,first-come,0,False,False,False,False,False,,True,,
258567,Town Creek Hiker-Biker Overnight (Hbo) Campsite,WV,NPS,Chesapeake & Ohio Canal National Historical Park,39.524461,-78.538643,False,first-come,0,False,False,False,False,False,,True,,
258595,City Of Rocks Campground,ID,NPS,City Of Rocks National Reserve,42.067203,-113.701382,False,first-come,0,False,False,False,False,False,,False,,https://www.nps.gov/ciro/planyourvisit/camping.htm
258613,Lost Creek Campground,OR,NPS,Crater Lake National Park,42.879749,-122.038711,False,first-come,0,False,False,False,False,False,,False,,https://www.nps.gov/crla/planyourvisit/lost_creek.htm
258617,Wilderness Road Campground,VA,NPS,Cumberland Gap National Historical Park,36.604460,-83.632539,True,reservable,154,True,False,False,True,True,50,False,https://www.recreation.gov/camping/campgrounds/258617,https://www.nps.gov/cuga/planyourvisit/campgrounds.htm
258630,Sage Creek Campground,SD,NPS,Badlands National Park,43.893146,-102.414254,False,first-come,0,False,False,False,False,False,,True,,https://www.nps.gov/thingstodo/backcountry-camping-badl.htm
258667,Crabtree Falls Campground,NC,NPS,Blue Ridge Parkway,35.565720,-82.486485,True,partly,84,False,False,False,True,True,55,False,https://www.recreation.gov/camping/campgrounds/258667,https://www.nps.gov/blri/planyourvisit/crabtree-falls-cg.htm
258697,Spring Creek Campground,AR,NPS,Buffalo National River,36.029971,-92.584461,False,first-come,0,False,False,False,False,False,,False,,https://www.nps.gov/buff/planyourvisit/camping.htm
258706,Rivers Bend Group Campground,NJ,NPS,Delaware Water Gap National Recreation Area,41.096118,-74.966633,True,reservable,5,False,False,False,False,True,,False,https://www.recreation.gov/camping/campgrounds/258706,https://www.nps.gov/dewa/planyourvisit/group-camping.htm
258723,Belle Fourche River Campground,WY,NPS,Devils Tower National Monument,44.581834,-104.706344,False,first-come,0,False,False,False,False,False,,False,,https://www.nps.gov/deto/planyourvisit/campgrounds.htm
258737,El Morro Campground,NM,NPS,El Morro National Monument,35.036894,-108.336812,False,first-come,9,False,False,False,False,False,,False,,https://www.nps.gov/elmo/planyourvisit/campgrounds.htm
258742,Long Pine Key Campground,FL,NPS,Everglades National Park,25.397900,-80.656970,False,first-come,0,False,False,False,False,False,,False,,https://www.nps.gov/ever/planyourvisit/camping.htm
258795,Sprague Creek Campground,MT,NPS,Glacier National Park,48.606150,-113.884710,True,reservable,36,False,False,False,True,True,21,False,https://www.recreation.gov/camping/campgrounds/258795,
258796,Avalanche Campground,MT,NPS,Glacier National Park,48.676546,-113.818525,True,reservable,91,False,False,False,True,True,34,False,https://www.recreation.gov/camping/campgrounds/258796,https://www.nps.gov/glac/planyourvisit/reservation-campgrounds.htm
258799,Two Medicine Campground,MT,NPS,Glacier National Park,48.492115,-113.364071,True,reservable,105,False,False,False,True,True,40,False,https://www.recreation.gov/camping/campgrounds/258799,
258805,Wahweap Campground & RV Park,AZ,NPS,Glen Canyon National Recreation Area,36.996707,-111.499386,False,first-come,0,False,False,False,False,False,,False,,https://www.lakepowell.com/rv-camping/wahweap-rv-campground/
258806,Lees Ferry Campground,AZ,NPS,Glen Canyon National Recreation Area,36.859347,-111.606275,False,first-come,0,False,False,False,False,False,,False,,https://www.nps.gov/glca/planyourvisit/lees-ferry.htm
258808,Bullfrog RV & Campground,UT,NPS,Glen Canyon National Recreation Area,37.519969,-110.721030,False,first-come,0,False,False,False,False,False,,False,,https://www.lakepowell.com/rv-camping/bullfrog-rv-campground/
258815,Hawk Campground,CA,NPS,Golden Gate National Recreation Area,37.853889,-122.520278,True,reservable,3,False,False,False,False,False,,False,https://www.recreation.gov/camping/campgrounds/258815,https://www.recreation.gov/camping/campgrounds/258815
258825,Desert View Campground,AZ,NPS,Grand Canyon National Park,36.038937,-111.822609,True,reservable,50,False,False,False,True,True,30,False,https://www.recreation.gov/camping/campgrounds/258825,
258828,Fort Charlotte Backcountry Campgrounds,MN,NPS,Grand Portage National Monument,48.003688,-89.828340,False,first-come,18,False,False,False,False,False,,False,,https://www.nps.gov/grpo/planyourvisit/camping.htm
258830,Colter Bay Campground,WY,NPS,Grand Teton National Park,43.906227,-110.640349,True,reservable,360,True,False,False,True,True,50,False,https://www.recreation.gov/camping/campgrounds/258830,https://www.nps.gov/grte/planyourvisit/colterbaycg.htm
258831,Colter Bay RV Park,WY,NPS,Grand Teton National Park,43.905750,-110.641145,True,reservable,112,True,True,True,True,False,45,False,https://www.recreation.gov/camping/campgrounds/258831,https://www.nps.gov/grte/planyourvisit/colterbayrv.htm
258832,Headwaters Campground At Flagg Ranch,WY,NPS,Grand Teton National Park,44.106753,-110.665656,True,reservable,171,True,True,True,True,True,45,False,https://www.recreation.gov/camping/campgrounds/258832,
258850,Greenbelt Park Ranger Station,MD,NPS,Greenbelt Park,38.979218,-76.897509,False,first-come,0,False,False,False,False,False,,False,,
258851,Pine Springs Campground,TX,NPS,Guadalupe Mountains National Park,31.895530,-104.826030,True,reservable,35,False,False,False,True,False,50,False,https://www.recreation.gov/camping/campgrounds/258851,https://www.nps.gov/gumo/planyourvisit/pine_springs_campground.htm
258852,Dog Canyon Campground,TX,NPS,Guadalupe Mountains National Park,31.994898,-104.832847,True,reservable,14,False,False,False,True,False,23,False,https://www.recreation.gov/camping/campgrounds/258852,https://www.nps.gov/gumo/planyourvisit/dog_canyon_campground.htm
258883,Hovenweep Campground,UT,NPS,Hovenweep National Monument,37.383203,-109.070815,True,reservable,31,False,False,False,True,True,58,False,https://www.recreation.gov/camping/campgrounds/258883,https://www.nps.gov/hove/planyourvisit/camping.htm
258887,Dunewood Campground,IN,NPS,Indiana Dunes National Park,41.671966,-86.983786,True,reservable,67,False,False,False,True,True,,False,https://www.recreation.gov/camping/campgrounds/258887,https://www.nps.gov/indu/planyourvisit/campgrounds.htm
258890,Beaver Island Campground,MI,NPS,Isle Royale National Park,47.904061,-89.174336,False,first-come,0,False,False,False,False,False,,False,,https://www.nps.gov/isro/planyourvisit/boating-guide.htm
258891,Belle Isle Campground,MI,NPS,Isle Royale National Park,48.152352,-88.585988,False,first-come,0,False,False,False,False,False,,False,,https://www.nps.gov/isro/planyourvisit/boating-guide.htm
258892,Birch Island Campground,MI,NPS,Isle Royale National Park,48.110108,-88.685623,False,first-come,0,False,False,False,False,False,,False,,https://www.nps.gov/isro/planyourvisit/boating-guide.htm
258893,Caribou Island Campground,MI,NPS,Isle Royale National Park,48.094571,-88.572204,False,first-come,0,False,False,False,False,False,,False,,https://www.nps.gov/isro/planyourvisit/boating-guide.htm
258894,East Chickenbone Campground,MI,NPS,Isle Royale National Park,48.073438,-88.694259,False,first-come,0,False,False,False,False,False,,False,,https://www.nps.gov/isro/planyourvisit/camping.htm
258895,West Chickenbone Campground,MI,NPS,Isle Royale National Park,48.063272,-88.724676,False,first-come,0,False,False,False,False,False,,False,,https://www.nps.gov/isro/planyourvisit/camping.htm
258896,Chippewa Harbor Campground,MI,NPS,Isle Royale National Park,48.029367,-88.651038,False,first-come,0,False,False,False,False,False,,False,,https://www.nps.gov/isro/planyourvisit/boating-guide.htm
258897,Daisy Farm Campground,MI,NPS,Isle Royale National Park,48.092081,-88.596221,False,first-come,0,False,False,False,False,False,,False,,https://www.nps.gov/isro/planyourvisit/camping.htm
258898,North Desor Campground,MI,NPS,Isle Royale National Park,47.980850,-88.993865,False,first-come,0,False,False,False,False,False,,False,,https://www.nps.gov/isro/planyourvisit/camping.htm
258899,South Lake Desor Campground,MI,NPS,Isle Royale National Park,47.970686,-88.971538,False,first-come,0,False,False,False,False,False,,False,,https://www.nps.gov/isro/planyourvisit/camping.htm
258900,Duncan Bay Campground,MI,NPS,Isle Royale National Park,48.150633,-88.522471,False,first-come,0,False,False,False,False,False,,False,,https://www.nps.gov/isro/planyourvisit/boating-guide.htm
258901,Duncan Narrows Campground,MI,NPS,Isle Royale National Park,48.169312,-88.477965,False,first-come,0,False,False,False,False,False,,False,,https://www.nps.gov/isro/planyourvisit/boating-guide.htm
258902,Feldtmann Lake Campground,MI,NPS,Isle Royale National Park,47.848573,-89.182972,False,first-come,0,False,False,False,False,False,,False,,https://www.nps.gov/isro/planyourvisit/camping.htm
258903,Grace Island Campground,MI,NPS,Isle Royale National Park,47.882490,-89.216356,False,first-come,0,False,False,False,False,False,,False,,https://www.nps.gov/isro/planyourvisit/boating-guide.htm
258904,Hatchet Lake Campground,MI,NPS,Isle Royale National Park,48.021134,-88.850816,False,first-come,0,False,False,False,False,False,,False,,https://www.nps.gov/isro/planyourvisit/camping.htm
258905,Hay Bay Campground,MI,NPS,Isle Royale National Park,47.933869,-88.939994,False,first-come,0,False,False,False,False,False,,False,,https://www.nps.gov/isro/planyourvisit/boating-guide.htm
258906,Huginnin Cove Campground,MI,NPS,Isle Royale National Park,47.934272,-89.176478,False,first-come,0,False,False,False,False,False,,False,,https://www.nps.gov/isro/planyourvisit/camping.htm
258907,Intermediate Lake Campground,MI,NPS,Isle Royale National Park,48.033777,-88.722659,False,first-come,0,False,False,False,False,False,,False,,https://www.nps.gov/isro/planyourvisit/canoe-and-kayak.htm
258908,Island Mine Campground,MI,NPS,Isle Royale National Park,47.930224,-89.039975,False,first-come,0,False,False,False,False,False,,False,,https://www.nps.gov/isro/planyourvisit/camping.htm
258909,Lake Richie Campground,MI,NPS,Isle Royale National Park,48.051342,-88.687361,False,first-come,0,False,False,False,False,False,,False,,https://www.nps.gov/isro/planyourvisit/camping.htm
258910,Lake Richie Canoe Campground,MI,NPS,Isle Royale National Park,48.043825,-88.700190,False,first-come,0,False,False,False,False,False,,False,,https://www.nps.gov/isro/planyourvisit/canoe-and-kayak.htm
258911,Lake Whittlesey Campground,MI,NPS,Isle Royale National Park,48.007629,-88.707085,False,first-come,0,False,False,False,False,False,,False,,https://www.nps.gov/isro/planyourvisit/canoe-and-kayak.htm
258912,Lane Cove Campground,MI,NPS,Isle Royale National Park,48.144907,-88.557679,False,first-come,0,False,False,False,False,False,,False,,https://www.nps.gov/isro/planyourvisit/camping.htm
258913,Little Todd Campground,MI,NPS,Isle Royale National Park,48.020256,-88.926666,False,first-come,0,False,False,False,False,False,,False,,https://www.nps.gov/isro/planyourvisit/camping.htm
258914,Malone Bay Campground,MI,NPS,Isle Royale National Park,47.985244,-88.807227,False,first-come,30,False,False,False,False,False,,False,,https://www.nps.gov/isro/planyourvisit/boating-guide.htm
258915,Mccargoe Cove Campground,MI,NPS,Isle Royale National Park,48.087196,-88.709349,False,first-come,0,False,False,False,False,False,,False,,https://www.nps.gov/isro/planyourvisit/boating-guide.htm
258916,Merritt Lane Campground,MI,NPS,Isle Royale National Park,48.184593,-88.429657,False,first-come,0,False,False,False,False,False,,False,,https://www.nps.gov/isro/planyourvisit/canoe-and-kayak.htm
258917,Moskey Basin Campground,MI,NPS,Isle Royale National Park,48.062981,-88.645163,False,first-come,0,False,False,False,False,False,,False,,https://www.nps.gov/isro/planyourvisit/camping.htm
258918,Pickerel Cove Campground,MI,NPS,Isle Royale National Park,48.124517,-88.652183,False,first-come,0,False,False,False,False,False,,False,,https://www.nps.gov/isro/planyourvisit/canoe-and-kayak.htm
258919,Rock Harbor Campground,MI,NPS,Isle Royale National Park,48.145435,-88.489324,False,first-come,0,False,False,False,False,False,,False,,https://www.nps.gov/isro/planyourvisit/rock-harbor.htm
258920,Siskiwit Bay Campground,MI,NPS,Isle Royale National Park,47.890445,-88.998761,False,first-come,0,False,False,False,False,False,,False,,https://www.nps.gov/isro/planyourvisit/boating-guide.htm
258921,Three Mile Campground,MI,NPS,Isle Royale National Park,48.123852,-88.529619,False,first-come,0,False,False,False,False,False,,False,,https://www.nps.gov/isro/planyourvisit/camping.htm
258922,Todd Harbor Campground,MI,NPS,Isle Royale National Park,48.050806,-88.821117,False,first-come,0,False,False,False,False,False,,False,,https://www.nps.gov/isro/planyourvisit/boating-guide.htm
258923,Tookers Island Campground,MI,NPS,Isle Royale National Park,48.129391,-88.503293,False,first-come,0,False,False,False,False,False,,False,,https://www.nps.gov/isro/planyourvisit/boating-guide.htm
258924,Washington Creek Campground,MI,NPS,Isle Royale National Park,47.916217,-89.154574,False,first-come,0,False,False,False,False,False,,False,,https://www.nps.gov/isro/planyourvisit/windigo.htm
258925,Wood Lake Campground,MI,NPS,Isle Royale National Park,48.008535,-88.739609,False,first-come,0,False,False,False,False,False,,False,,https://www.nps.gov/isro/planyourvisit/canoe-and-kayak.htm
258957,Dyea Campground,AK,NPS,Klondike Gold Rush National Historical Park,59.507250,-135.350498,False,first-come,0,False,False,False,False,False,,False,,https://www.nps.gov/klgo/planyourvisit/campgrounds.htm
258969,Blue West Campground,TX,NPS,Lake Meredith National Recreation Area,35.682456,-101.628562,False,first-come,0,False,False,False,False,False,,False,,https://www.nps.gov/lamr/planyourvisit/camping.htm
258970,Harbor Bay Campground,TX,NPS,Lake Meredith National Recreation Area,35.647856,-101.628983,False,first-come,0,False,False,False,False,False,,False,,https://www.nps.gov/lamr/planyourvisit/camping.htm
258971,Cedar Canyon Campground,TX,NPS,Lake Meredith National Recreation Area,35.795840,-101.244510,False,first-come,0,False,False,False,False,False,,False,,https://www.nps.gov/lamr/planyourvisit/camping.htm
258972,Mcbride Canyon And Mullinaw Creek Campgrounds,TX,NPS,Lake Meredith National Recreation Area,35.529449,-101.759431,False,first-come,0,False,False,False,False,False,,False,,https://www.nps.gov/lamr/planyourvisit/camping.htm
258973,Plum Creek Campgrounds,TX,NPS,Lake Meredith National Recreation Area,35.516667,-102.783330,False,first-come,0,False,False,False,False,False,,False,,https://www.nps.gov/lamr/planyourvisit/camping.htm
258975,Chimney Hollow Campground,TX,NPS,Lake Meredith National Recreation Area,35.691860,-101.642234,False,first-come,0,False,False,False,False,False,,False,,
258992,Houchin Ferry Campground,KY,NPS,Mammoth Cave National Park,37.197605,-86.130902,True,reservable,12,False,False,False,True,True,30,False,https://www.recreation.gov/camping/campgrounds/258992,
259031,White River Campground,WA,NPS,Mount Rainier National Park,46.902410,-121.641815,False,first-come,109,False,False,False,False,False,,False,,https://www.nps.gov/mora/planyourvisit/campgrounds.htm
259042,"Rocky Springs Campground, Milepost 54.8",MS,NPS,Natchez Trace Parkway,32.087431,-90.798840,False,first-come,22,False,False,False,False,False,,False,,https://www.nps.gov/natr/planyourvisit/camping.htm
259043,"Jeff Busby Campground, Milepost 193.1",MS,NPS,Natchez Trace Parkway,33.417164,-89.267371,False,first-come,18,False,False,False,False,False,,True,,https://www.nps.gov/natr/planyourvisit/camping.htm
259044,"Meriwether Lewis Campground, Milepost 385.9",TN,NPS,Natchez Trace Parkway,35.522492,-87.455685,False,first-come,32,False,False,False,False,False,,False,,https://www.nps.gov/places/meriwether-lewis-campground-milepost-385-9.htm
259050,Sunset View Campground,AZ,NPS,Navajo National Monument,36.675692,-110.542683,False,first-come,0,False,False,False,False,False,,False,,
259051,Canyon View Campground,AZ,NPS,Navajo National Monument,36.717556,-110.550401,False,first-come,0,False,False,False,False,False,,True,,
259061,Brooklyn Campground,WV,NPS,New River Gorge National Park & Preserve,37.984096,-81.027881,False,first-come,0,False,False,False,False,False,,False,,
259084,Fairholme Campground,WA,NPS,Olympic National Park,48.070080,-123.918138,True,reservable,84,False,False,False,True,True,45,False,https://www.recreation.gov/camping/campgrounds/259084,https://www.nps.gov/olym/planyourvisit/lake-crescent-area-brochure.htm
259111,Malaquite Campground,TX,NPS,Padre Island National Seashore,27.430230,-97.296189,False,first-come,0,False,False,False,False,False,,False,,https://www.nps.gov/pais/planyourvisit/malaquite_campground.htm
259112,Bird Island Basin Campground,TX,NPS,Padre Island National Seashore,27.466794,-97.313693,False,first-come,0,False,False,False,False,False,,False,,https://www.nps.gov/pais/planyourvisit/bird-island-basin-campground.htm
259169,Prince William Forest RV Campground,VA,NPS,Prince William Forest Park,38.603929,-77.350905,False,first-come,0,False,False,False,False,False,,False,,http://www.princewilliamforestrvcampground.com/
259170,Chopawamsic Backcountry Camping Permits,VA,NPS,Prince William Forest Park,38.558761,-77.406910,True,reservable,8,False,False,False,False,False,,False,https://www.recreation.gov/camping/campgrounds/259170,
259179,Jedediah Smith Campground,CA,NPS,Redwood National and State Parks,41.795726,-124.086447,False,first-come,89,False,False,False,False,False,,False,,https://www.nps.gov/redw/planyourvisit/jedediah-smith-campground.htm
259180,Mill Creek Campground,CA,NPS,Redwood National and State Parks,41.702724,-124.097785,False,first-come,145,False,False,False,False,False,,False,,https://www.nps.gov/redw/planyourvisit/mill-creek-campground.htm
259181,Gold Bluffs Beach Campground,CA,NPS,Redwood National and State Parks,41.382217,-124.069882,False,first-come,0,False,False,False,False,False,,False,,https://www.nps.gov/redw/planyourvisit/gold-bluffs-beach-campground.htm
259237,Lewis Mountain Campground,VA,NPS,Shenandoah National Park,38.435560,-78.478096,False,first-come,32,False,False,False,False,False,,False,,https://www.nps.gov/shen/planyourvisit/lewis-mountain-campground.htm
259242,D.H. Day Campground,MI,NPS,Sleeping Bear Dunes National Lakeshore,44.897278,-86.020564,True,reservable,87,True,True,False,True,True,35,False,https://www.recreation.gov/camping/campgrounds/259242,https://www.nps.gov/slbe/planyourvisit/dhdaycamp.htm
259244,Popple Campground - South Manitou Island,MI,NPS,Sleeping Bear Dunes National Lakeshore,45.046024,-86.116205,False,first-come,0,False,False,False,False,False,,False,,https://www.nps.gov/slbe/planyourvisit/smicamping.htm
259245,Village Campground - North Manitou Island,MI,NPS,Sleeping Bear Dunes National Lakeshore,45.128121,-85.977598,False,first-come,0,False,False,False,False,False,,False,,https://www.nps.gov/slbe/planyourvisit/nmicamping.htm
259293,Kendesnii Campground,AK,NPS,Wrangell - St Elias National Park & Preserve,62.529820,-143.258776,False,first-come,0,False,False,False,False,False,,False,,https://www.nps.gov/wrst/planyourvisit/camping-along-the-nabesna-road.htm
259304,Indian Creek Campground,WY,NPS,Yellowstone National Park,44.887023,-110.736069,True,reservable,73,False,False,False,True,True,49,False,https://www.recreation.gov/camping/campgrounds/259304,
259308,Tower Fall Campground,WY,NPS,Yellowstone National Park,44.889550,-110.389476,True,reservable,33,False,False,False,True,True,40,False,https://www.recreation.gov/camping/campgrounds/259308,https://www.nps.gov/yell/planyourvisit/towerfallcg.htm
259309,Lewis Lake Campground,WY,NPS,Yellowstone National Park,44.282206,-110.627987,True,reservable,84,False,False,False,True,True,25,False,https://www.recreation.gov/camping/campgrounds/259309,https://www.nps.gov/yell/planyourvisit/lewislakecg.htm
259310,Slough Creek Campground,WY,NPS,Yellowstone National Park,44.948847,-110.306879,True,reservable,17,False,False,False,True,True,60,False,https://www.recreation.gov/camping/campgrounds/259310,https://www.nps.gov/yell/planyourvisit/sloughcreekcg.htm
259401,Meadow Ridge Campground,CO,FS,White River National Forest,39.811673,-107.536726,False,first-come,0,False,False,False,False,False,,False,,
259417,Gold Park Campground,CO,FS,White River National Forest,39.404702,-106.435277,False,first-come,0,False,False,False,False,False,,False,,
259456,Meadow Lake Campground,CO,FS,White River National Forest,39.817222,-107.542778,False,first-come,0,False,False,False,False,False,,False,,
259461,Lincoln Creek Dispersed Campground,CO,FS,White River National Forest,39.116944,-106.695833,False,first-come,0,False,False,False,False,False,,False,,
259557,Echo Park Campground,CO,NPS,Dinosaur National Monument,40.520458,-108.990744,True,partly,23,False,False,False,True,True,,False,https://www.recreation.gov/camping/campgrounds/259557,https://www.nps.gov/dino/planyourvisit/echoparkcampground.htm
260552,Rocky Mountain National Park Timber Creek Campground,CO,NPS,Rocky Mountain National Park,40.379184,-105.850271,True,reservable,99,False,True,True,True,True,30,False,https://www.recreation.gov/camping/campgrounds/260552,
260558,Meadow Lake Campground,ID,FS,Salmon-Challis National Forest,44.434778,-113.317556,True,reservable,2,False,False,False,True,True,28,False,https://www.recreation.gov/camping/campgrounds/260558,
261696,Holter Lake Campground,MT,BLM,Chain of Lakes,46.995022,-111.990513,True,reservable,56,False,False,False,True,True,33,False,https://www.recreation.gov/camping/campgrounds/261696,
261700,Santa Rosa Island Backcountry Beach Camping,CA,NPS,Channel Islands National Park,33.977350,-120.089631,True,reservable,33,False,False,False,False,False,,False,https://www.recreation.gov/camping/campgrounds/261700,https://www.recreation.gov/camping/santa-rosa-island-backcountry-beach-camping/r/campgroundDetails.do?contractCode=NRSO&parkId=1
261703,North Boulder Lake Campground,WY,BLM,Boulder Lake Recreation Area,42.841713,-109.701817,False,first-come,0,False,False,False,False,False,,False,,
261706,Small Vehicle Campground,WY,BLM,,42.821269,-109.554511,False,first-come,0,False,False,False,False,False,,False,,
261713,Penitente Canyon Campground,CO,BLM,Penitente Canyon,37.841810,-106.280020,True,reservable,18,False,False,False,True,True,,False,https://www.recreation.gov/camping/campgrounds/261713,
261714,Margies Cove West Campground,AZ,BLM,,33.126417,-112.582145,False,first-come,3,False,False,False,False,False,,False,,
261715,Zapata Falls Campground,CO,BLM,Zapata Falls SRMA,37.628570,-105.595130,True,reservable,45,False,False,False,True,True,,False,https://www.recreation.gov/camping/campgrounds/261715,
261735,Stateline Campground,UT,BLM,,37.001250,-112.035006,False,first-come,0,False,False,False,False,False,,False,,
261737,Cottonwood Grove Campground,CO,BLM,Gunnison Gorge Wilderness,38.777680,-107.851920,False,first-come,0,False,False,False,False,False,,True,,
261760,Gypsum Campground,CO,BLM,,39.655550,-106.976200,False,first-come,0,False,False,False,False,False,,False,,
261767,Wolcott Campground,CO,BLM,Upper Colorado River Recreation Area,39.711830,-106.695830,False,first-come,0,False,False,False,False,False,,False,,
261780,Sand Gulch Campground,CO,BLM,Shelf Road Sites,38.617370,-105.229560,True,reservable,31,False,False,False,True,True,99,False,https://www.recreation.gov/camping/campgrounds/261780,
261786,Pumphouse Recreation Area,CO,BLM,Kremmling Recreation Management Area,39.987278,-106.508467,True,reservable,21,False,False,False,True,False,20,False,https://www.recreation.gov/camping/campgrounds/261786,
261791,Castle Rock Group Campground,OR,FS,Siuslaw National Forest,45.179860,-123.818020,True,reservable,1,False,False,False,True,True,20,False,https://www.recreation.gov/camping/campgrounds/261791,
261792,Kelly Pines Campground,PA,FS,Allegheny National Forest,41.485419,-79.009078,True,reservable,9,False,False,False,True,True,40,False,https://www.recreation.gov/camping/campgrounds/261792,
261795,Palisades Campground,MT,BLM,,44.995850,-111.659430,False,first-come,0,False,False,False,False,False,,True,,
261802,Trapper Springs,MT,BLM,Dillion,45.606848,-111.568147,True,reservable,16,False,False,False,True,True,60,False,https://www.recreation.gov/camping/campgrounds/261802,
261804,Red Mountain,MT,BLM,Dillion,45.609394,-111.569723,True,reservable,18,False,False,False,True,True,80,False,https://www.recreation.gov/camping/campgrounds/261804,
261818,Divide Bridge Campground,MT,BLM,,45.753435,-112.774953,False,first-come,0,False,False,False,False,False,,False,,
261822,White Sandy Campground,MT,BLM,Hauser Lake,46.740940,-111.888760,True,reservable,31,True,False,False,True,True,50,False,https://www.recreation.gov/camping/campgrounds/261822,
261843,Lake Havasu Shoreline Sites,AZ,BLM,,34.300454,-114.136724,False,first-come,0,False,False,False,False,False,,True,,
262586,Thompson Creek Campground,CO,BLM,,39.322920,-107.282400,False,first-come,0,False,False,False,False,False,,True,,
262607,Knowles Overlook Campground,CO,BLM,McInnis Canyons National Conservation Area,39.136000,-109.030000,False,first-come,0,False,False,False,False,False,,False,,
262640,Dutch Joe Campground,WY,BLM,,42.604855,-109.266260,False,first-come,0,False,False,False,False,False,,True,,
262699,Salmon Lake Campground,AK,BLM,,64.916440,-164.961107,False,first-come,0,False,False,False,False,False,,True,,
262702,Millpond Recreation Site,OR,BLM,North Umpqua Wild and Scenic River ,43.380448,-122.948100,True,reservable,12,False,False,False,True,False,,False,https://www.recreation.gov/camping/campgrounds/262702,
262717,James Kipp Campground,MT,BLM,,47.627768,-108.689597,False,first-come,0,False,False,False,False,False,,False,,
262739,Topsy Campground,OR,BLM,,42.123387,-122.041944,False,first-come,0,False,False,False,False,False,,False,,
262741,Duncan Reservoir Campground,OR,BLM,,43.071327,-120.944932,False,first-come,0,False,False,False,False,False,,True,,
262752,Hebo Lake Campground,OR,FS,Siuslaw National Forest,45.231350,-123.794350,True,reservable,14,False,False,False,True,True,18,False,https://www.recreation.gov/camping/campgrounds/262752,
262754,Three Bears Campground,OR,BLM,Molalla,45.045528,-122.489455,True,reservable,15,False,False,False,True,True,12,False,https://www.recreation.gov/camping/campgrounds/262754,
262756,Cedar Grove Campground,OR,BLM,Molalla,45.033391,-122.485518,True,reservable,10,False,False,False,True,True,12,False,https://www.recreation.gov/camping/campgrounds/262756,
262759,Aquila Vista Recreation Site,OR,BLM,Molalla,44.984517,-122.493515,True,reservable,1,False,False,False,True,True,12,False,https://www.recreation.gov/camping/campgrounds/262759,
262760,Camp Creek Campground,MT,BLM,,47.923056,-108.505556,False,first-come,0,False,False,False,False,False,,True,,
262763,Dovre Recreation Site,OR,BLM,Nestucca River Recreation Area,45.315996,-123.479531,True,reservable,11,False,False,False,True,True,50,False,https://www.recreation.gov/camping/campgrounds/262763,
262764,Elk Bend Recreation Site,OR,BLM,Nestucca River Recreation Area,45.282870,-123.540320,True,reservable,1,False,False,False,True,True,,False,https://www.recreation.gov/camping/campgrounds/262764,
262766,Fan Creek Recreation Site,OR,BLM,Nestucca River Recreation Area,45.291210,-123.493980,True,reservable,11,False,False,False,True,True,50,False,https://www.recreation.gov/camping/campgrounds/262766,
262767,Alder Glen Recreation Site,OR,BLM,Nestucca River Recreation Area,45.266520,-123.581580,True,reservable,11,False,False,False,True,True,90,False,https://www.recreation.gov/camping/campgrounds/262767,
262781,Honeydew Creek,CA,BLM,,40.231497,-124.114619,False,first-come,0,False,False,False,False,False,,False,,
262790,Mattole Campground,CA,BLM,,40.289180,-124.355879,False,first-come,23,False,False,False,False,False,,False,,
262791,Nadelos Campground,CA,BLM,,40.021924,-124.006602,False,first-come,8,False,False,False,False,False,,False,,
262792,Tolkan Campground,CA,BLM,,40.081651,-124.057402,False,first-come,9,False,False,False,False,False,,False,,
262793,Wailaki Campground,CA,BLM,,40.019580,-124.003487,False,first-come,13,False,False,False,False,False,,False,,
262810,Oyster Point Campground,NC,FS,National Forests in North Carolina,34.760842,-76.761708,True,partly,15,False,False,False,True,True,,False,https://www.recreation.gov/camping/campgrounds/262810,
262815,Radium Recreation Area,CO,BLM,Kremmling Recreation Management Area,39.951360,-106.555980,True,reservable,21,False,False,False,True,True,18,False,https://www.recreation.gov/camping/campgrounds/262815,
264293,Duck Harbor Campground,ME,NPS,Acadia National Park,44.028197,-68.653122,True,reservable,5,False,False,False,False,True,,False,https://www.recreation.gov/camping/campgrounds/264293,https://www.nps.gov/acad/planyourvisit/duckharbor.htm
264294,Jouflas Campground,CO,BLM,,39.177000,-109.021000,False,first-come,0,False,False,False,False,False,,True,,
264388,Dispersed Camping Areas (Undeveloped Campground),WY,FS,Bridger-Teton National Forest,43.484000,-110.762300,False,first-come,0,False,False,False,False,False,,False,,
264601,Baker Beach Campground,OR,FS,Siuslaw National Forest,44.087483,-124.118360,False,first-come,0,False,False,False,False,False,,False,,
264616,North Fork Siuslaw Campground,OR,FS,Siuslaw National Forest,44.101802,-123.938244,False,first-come,0,False,False,False,False,False,,False,,
264686,Rocky Bend Group Campground,OR,FS,Siuslaw National Forest,45.239621,-123.606030,True,reservable,1,False,False,False,True,True,18,False,https://www.recreation.gov/camping/campgrounds/264686,
264706,Archie Knowles Campground,OR,FS,Siuslaw National Forest,44.021210,-123.803130,False,first-come,0,False,False,False,False,False,,False,,
264720,Elks Group Campground,AZ,FS,Coconino National Forest Recreation,34.708972,-111.102611,True,reservable,1,False,False,False,True,True,,False,https://www.recreation.gov/camping/campgrounds/264720,
264724,Knoll Lake Campground,AZ,FS,Coconino National Forest Recreation,34.426216,-111.093646,False,first-come,0,False,False,False,False,False,,False,,
264749,Lockett Meadow Campground,AZ,FS,Coconino National Forest Recreation,35.358600,-111.620800,False,first-come,0,False,False,False,False,False,,False,,
264779,Double Springs,AZ,FS,Coconino National Forest Recreation,34.942380,-111.493580,True,partly,15,False,False,False,True,True,40,False,https://www.recreation.gov/camping/campgrounds/264779,
264886,Rocky Bluff Campground,NC,FS,National Forests in North Carolina,35.861738,-82.846077,True,reservable,17,False,False,False,True,True,55,False,https://www.recreation.gov/camping/campgrounds/264886,
265033,Rattler Ford Campground,NC,FS,National Forests in North Carolina,35.357780,-83.916700,False,first-come,0,False,False,False,False,False,,False,,
265059,Boone Fork Campground,NC,FS,National Forests in North Carolina,36.007229,-81.615863,False,first-come,14,False,False,False,False,False,,False,,
265192,Art Lilley Campground,NC,FS,National Forests in North Carolina,35.408109,-80.073691,False,first-come,0,False,False,False,False,False,,False,,
265263,Rogue River Dispersed Campsites,OR,FS,Rogue River-Siskiyou National Forest,42.671837,-123.968961,False,first-come,0,False,False,False,False,False,,False,,
265539,Chimney Loop Campground,MI,FS,Huron-Manistee National Forests,44.552622,-84.157039,True,reservable,1,False,False,False,True,True,99,False,https://www.recreation.gov/camping/campgrounds/265539,
266135,Frazier Group Campground,AZ,FS,Tonto National Forest,33.666806,-111.128556,True,reservable,1,False,False,False,True,False,45,False,https://www.recreation.gov/camping/campgrounds/266135,
266136,Grapevine Group Campground,AZ,FS,Tonto National Forest,33.643792,-111.046547,True,reservable,9,False,False,False,False,True,,False,https://www.recreation.gov/camping/campgrounds/266136,
266137,Wyeth Campground - Deschutes,OR,FS,Deschutes National Forest,43.739233,-121.611450,True,reservable,5,False,False,False,True,True,40,False,https://www.recreation.gov/camping/campgrounds/266137,
266138,East Davis Campground,OR,FS,Deschutes National Forest,43.588214,-121.854161,True,reservable,19,False,False,False,True,True,40,False,https://www.recreation.gov/camping/campgrounds/266138,
266139,Lower Bridge Campground,OR,FS,Deschutes National Forest,44.557756,-121.620228,True,reservable,12,False,False,False,True,True,30,False,https://www.recreation.gov/camping/campgrounds/266139,
266140,Bull Bend Campground,OR,FS,Deschutes National Forest,43.725403,-121.627483,True,reservable,12,False,False,False,True,True,40,False,https://www.recreation.gov/camping/campgrounds/266140,
266141,North Twin Lake Campground,OR,FS,Deschutes National Forest,43.731492,-121.763825,True,reservable,20,False,False,False,True,True,40,False,https://www.recreation.gov/camping/campgrounds/266141,
266142,Jack Creek Campground,OR,FS,Deschutes National Forest,44.507822,-121.693856,True,reservable,19,False,False,False,True,True,40,False,https://www.recreation.gov/camping/campgrounds/266142,
266144,Sand Flats Recreation Area Group Campsites,UT,BLM,Sand Flats Recreation Area,38.567697,-109.527097,True,reservable,6,False,False,False,True,True,30,False,https://www.recreation.gov/camping/campgrounds/266144,
266418,Harr Point Campground,OR,FS,Rogue River-Siskiyou National Forest,42.034920,-123.112792,False,first-come,0,False,False,False,False,False,,False,,
267070,Sunset Cove Campground,OR,FS,Deschutes National Forest,43.562517,-121.963686,True,reservable,21,False,False,False,True,True,40,False,https://www.recreation.gov/camping/campgrounds/267070,
267071,Driftwood Campground - Deschutes,OR,FS,Deschutes National Forest,44.100836,-121.630400,True,reservable,18,False,False,False,True,True,40,False,https://www.recreation.gov/camping/campgrounds/267071,
267072,Cultus Corral Horse Camp,OR,FS,Deschutes National Forest,43.824661,-121.800236,True,reservable,11,False,False,False,False,True,40,False,https://www.recreation.gov/camping/campgrounds/267072,
267073,Fall River Campground,OR,FS,Deschutes National Forest,43.772536,-121.620306,True,reservable,12,False,False,False,True,True,40,False,https://www.recreation.gov/camping/campgrounds/267073,
267074,Three Creeks Meadow Campground,OR,FS,Deschutes National Forest,44.138356,-121.643753,True,reservable,11,False,False,False,True,True,50,False,https://www.recreation.gov/camping/campgrounds/267074,
267075,Allingham Campground,OR,FS,Deschutes National Forest,44.488128,-121.641686,True,reservable,10,False,False,False,True,True,40,False,https://www.recreation.gov/camping/campgrounds/267075,
267076,Monty Campground,OR,FS,Deschutes National Forest,44.621258,-121.478081,True,reservable,12,False,False,False,True,True,90,False,https://www.recreation.gov/camping/campgrounds/267076,
267077,Reservoir Campground,OR,FS,Deschutes National Forest,43.669708,-121.770875,True,reservable,24,False,False,False,True,True,125,False,https://www.recreation.gov/camping/campgrounds/267077,
267078,Pine Rest Campground,OR,FS,Deschutes National Forest,44.481714,-121.638222,True,reservable,7,False,False,False,True,True,18,False,https://www.recreation.gov/camping/campgrounds/267078,
267079,Princess Creek Campground,OR,FS,Deschutes National Forest,43.585611,-122.009111,True,reservable,30,False,False,False,True,True,32,False,https://www.recreation.gov/camping/campgrounds/267079,
267080,Candle Creek Campground,OR,FS,Deschutes National Forest,44.576881,-121.628531,True,reservable,10,False,False,False,True,True,18,False,https://www.recreation.gov/camping/campgrounds/267080,
267081,Lower Canyon Creek Campground,OR,FS,Deschutes National Forest,44.501342,-121.641447,True,reservable,7,False,False,False,True,True,40,False,https://www.recreation.gov/camping/campgrounds/267081,
267082,Indian Ford Campground,OR,FS,Deschutes National Forest,44.360517,-121.607425,True,reservable,13,False,False,False,True,True,50,False,https://www.recreation.gov/camping/campgrounds/267082,
267083,Gorge Campground,OR,FS,Deschutes National Forest,44.485322,-121.639169,True,reservable,18,False,False,False,True,True,40,False,https://www.recreation.gov/camping/campgrounds/267083,
267551,Rock Creek Recreation Area,TN,FS,Cherokee National Forest,36.137683,-82.347575,True,reservable,34,True,True,False,True,True,50,False,https://www.recreation.gov/camping/campgrounds/267551,
267552,Riverside Campground,OR,FS,Deschutes National Forest,44.455089,-121.638378,True,reservable,16,False,False,False,True,True,,False,https://www.recreation.gov/camping/campgrounds/267552,
267553,Cow Meadow Campground,OR,FS,Deschutes National Forest,43.813164,-121.776522,True,reservable,18,False,False,False,True,True,30,False,https://www.recreation.gov/camping/campgrounds/267553,
267554,Three Creeks Meadow Horse Camp,OR,FS,Deschutes National Forest,44.131239,-121.637489,True,reservable,9,False,False,False,False,True,30,False,https://www.recreation.gov/camping/campgrounds/267554,
267555,Elk Lake Campground,OR,FS,Deschutes National Forest,43.980636,-121.807114,True,reservable,22,False,False,False,True,True,40,False,https://www.recreation.gov/camping/campgrounds/267555,
267556,Three Creeks Lake Campground,OR,FS,Deschutes National Forest,44.092939,-121.630708,True,reservable,11,False,False,False,True,True,40,False,https://www.recreation.gov/camping/campgrounds/267556,
267557,Crescent Creek Campground,OR,FS,Deschutes National Forest,43.497867,-121.843664,True,reservable,9,False,False,False,True,True,40,False,https://www.recreation.gov/camping/campgrounds/267557,
267558,North Davis Creek Campground,OR,FS,Deschutes National Forest,43.673781,-121.823950,True,reservable,14,False,False,False,True,True,40,False,https://www.recreation.gov/camping/campgrounds/267558,
267559,Cave Creek Group Site,AZ,FS,Tonto National Forest,33.975250,-111.865811,True,reservable,1,False,False,False,False,False,,False,https://www.recreation.gov/camping/campgrounds/267559,
267560,Point Campground - Deschutes,OR,FS,Deschutes National Forest,43.966733,-121.808631,True,reservable,9,False,False,False,True,True,40,False,https://www.recreation.gov/camping/campgrounds/267560,
268489,Rocky Peak Campground,UT,BLM,Three Peaks Recreation Area,37.760274,-113.185263,True,reservable,12,False,False,False,True,True,99,False,https://www.recreation.gov/camping/campgrounds/268489,
270420,Potato Patch Campground,AZ,FS,Prescott National Forest,34.709386,-112.153722,True,reservable,41,True,False,False,True,True,40,False,https://www.recreation.gov/camping/campgrounds/270420,
270421,Deer Flat Boat In Campground,CA,USACE,New Hogan Lake,38.154722,-120.813611,True,reservable,30,False,False,False,True,True,,False,https://www.recreation.gov/camping/campgrounds/270421,
270602,Turnipseed Campground,AL,FS,National Forests in Alabama,33.443284,-85.839202,False,first-come,0,False,False,False,False,False,,False,,
270682,Kilbrennan Lake Campground,MT,FS,Kootenai National Forest,48.596379,-115.888144,False,first-come,0,False,False,False,False,False,,False,,
270729,Big Spring Campground,OR,FS,,44.332380,-119.992617,False,first-come,0,False,False,False,False,False,,False,,
270748,Black Rock Campground,CA,FS,Lassen National Forest,40.183819,-121.712367,False,first-come,0,False,False,False,False,False,,False,,
270777,Pinnacles Campground,WY,FS,Shoshone National Forest,43.754180,-109.996310,False,first-come,0,False,False,False,False,False,,False,,
270816,Twin Peaks Campground,AZ,NPS,Organ Pipe Cactus National Monument,31.942500,-112.811389,True,reservable,209,False,False,False,True,False,45,False,https://www.recreation.gov/camping/campgrounds/270816,https://www.nps.gov/orpi/planyourvisit/twin-peaks.htm
270819,Jackpine Flats Campground,MT,FS,Kootenai National Forest,47.685560,-115.646110,False,first-come,0,False,False,False,False,False,,False,,
270841,Sawmill Campground,CA,FS,Angeles National Forest,34.701007,-118.571822,False,first-come,0,False,False,False,False,False,,False,,
270912,High Bridge Campground,CA,FS,Lassen National Forest,40.337720,-121.307630,False,first-come,0,False,False,False,False,False,,False,,
270967,Wildwood,NH,FS,White Mountain National Forest,44.075100,-71.793678,True,partly,26,False,False,False,True,True,50,False,https://www.recreation.gov/camping/campgrounds/270967,
271434,Dalton Lake Campground,SD,FS,Black Hills National Forest,44.231000,-103.475000,True,reservable,12,False,False,False,True,True,55,False,https://www.recreation.gov/camping/campgrounds/271434,
271446,Little Isabella River Campground,MN,FS,Superior National Forest,47.648330,-91.426110,True,partly,11,False,False,False,True,False,,False,https://www.recreation.gov/camping/campgrounds/271446,
271475,Legacy Campground,CA,FS,Lassen National Forest,40.216420,-121.191175,False,first-come,0,False,False,False,False,False,,False,,
271519,Johnson Mesa Campground,NM,FS,Santa Fe National Forest,35.703784,-105.469463,False,first-come,0,False,False,False,False,False,,False,,
271727,Mill Creek Campground,CO,BLM,,37.907260,-107.392830,True,reservable,31,False,False,False,True,False,50,False,https://www.recreation.gov/camping/campgrounds/271727,
271728,Red Bridge Campground,CO,BLM,Lake Fork of The Gunnison Riv.,38.322000,-107.225000,False,first-come,0,False,False,False,False,False,,False,,
271729,The Gate Campground,CO,BLM,Lake Fork of The Gunnison Riv.,38.245950,-107.260590,False,first-come,8,False,False,False,False,False,,False,,
271732,Sage Campground,CO,BLM,North Sand Hills OHV Area,40.873578,-106.220572,False,first-come,0,False,False,False,False,False,,True,,
271900,Aikens Creek West Campground,CA,FS,,41.228918,-123.654428,False,first-come,0,False,False,False,False,False,,False,,
271930,Bonito Campground,AZ,FS,Coconino National Forest Recreation,35.370429,-111.543602,True,partly,44,False,False,False,True,True,42,False,https://www.recreation.gov/camping/campgrounds/271930,
271985,Van Deriet Campground,MT,FS,Helena-Lewis and Clark National Forest,47.475556,-112.866389,False,first-come,0,False,False,False,False,False,,False,,
271991,El Caso I-IV Campground,NM,FS,Gila National Forest,34.138036,-108.469777,False,first-come,0,False,False,False,False,False,,False,,
272036,Beegum Gorge Campground,CA,FS,Shasta-Trinity National Forest,40.313783,-122.933356,False,first-come,0,False,False,False,False,False,,False,,
272044,Big Elk Campground,OR,FS,Siuslaw National Forest,44.544167,-123.721944,False,first-come,0,False,False,False,False,False,,False,,
272068,Bayview Campground,WA,FS,Mt. Baker-Snoqualmie National Forest,48.675266,-121.677622,True,reservable,25,False,False,False,True,True,72,False,https://www.recreation.gov/camping/campgrounds/272068,
272084,Tailwater West Campground,IA,USACE,Coralville Lake,41.722744,-91.532303,True,reservable,22,True,True,True,True,True,69,False,https://www.recreation.gov/camping/campgrounds/272084,
272091,Linder Point Campground,IA,USACE,Coralville Lake,41.724483,-91.543225,True,reservable,18,True,True,True,True,True,85,False,https://www.recreation.gov/camping/campgrounds/272091,
272092,Kinnikinnick Campground,OR,FS,Mt. Hood National Forest,45.457481,-121.663431,True,reservable,26,False,False,False,True,True,26,False,https://www.recreation.gov/camping/campgrounds/272092,
272093,Sherwood Campground,OR,FS,Mt. Hood National Forest,45.394811,-121.570339,True,reservable,16,False,False,False,True,False,35,False,https://www.recreation.gov/camping/campgrounds/272093,
272094,Cottonwood Campground,IA,USACE,Coralville Lake,41.722906,-91.534739,True,reservable,15,False,False,False,True,True,,False,https://www.recreation.gov/camping/campgrounds/272094,
272095,Kellner Group Campground,AZ,FS,Tonto National Forest,33.335056,-110.829000,True,reservable,1,False,False,False,True,True,15,False,https://www.recreation.gov/camping/campgrounds/272095,
272096,Nottingham Campground,OR,FS,Mt. Hood National Forest,45.367100,-121.567700,True,reservable,21,False,False,False,True,True,55,False,https://www.recreation.gov/camping/campgrounds/272096,
272097,Timber Camp Recreation Area And Group Campgrounds,AZ,FS,Tonto National Forest,33.688133,-110.571853,True,partly,15,False,False,False,False,True,45,False,https://www.recreation.gov/camping/campgrounds/272097,
272108,Gecko Campground,CA,BLM,Imperial Sand Dunes,32.939722,-115.142778,False,first-come,0,False,False,False,False,False,,False,,
272109,Goodale Creek Campground,CA,BLM,Alabama Hills,36.986000,-118.278000,False,first-come,43,False,False,False,False,False,,False,,
272174,Bush Recreation Area,PA,USACE,Loyalhanna Lake,40.438291,-79.436463,True,reservable,45,True,True,False,True,True,22,False,https://www.recreation.gov/camping/campgrounds/272174,
272177,Keyhole Campground,CA,BLM,Imperial Sand Dunes,32.915000,-115.117778,False,first-come,0,False,False,False,False,False,,False,,
272178,Midway Campground,CA,BLM,Imperial Sand Dunes,32.715833,-114.914722,False,first-come,0,False,False,False,False,False,,False,,
272179,Roadrunner Campground,CA,BLM,Imperial Sand Dunes,32.911667,-115.117778,False,first-come,0,False,False,False,False,False,,False,,
272188,Lodgepole Campground,WY,BLM,Muddy Mountain Environmental Education Area,42.677378,-106.263585,False,first-come,0,False,False,False,False,False,,False,,
272228,Prairie Campground,OR,FS,Deschutes National Forest,43.726103,-121.423242,True,reservable,17,False,False,False,True,True,40,False,https://www.recreation.gov/camping/campgrounds/272228,
272229,Bicentennial Campground,CA,NPS,Golden Gate National Recreation Area,37.830892,-122.524664,True,reservable,3,False,False,False,False,False,,False,https://www.recreation.gov/camping/campgrounds/272229,https://www.recreation.gov/camping/campgrounds/272229
272230,Mckay Crossing Campground,OR,FS,Deschutes National Forest,43.716389,-121.377319,True,reservable,15,False,False,False,True,True,,False,https://www.recreation.gov/camping/campgrounds/272230,
272243,Sheep Camp Primitive Campground,CA,NPS,Whiskeytown National Recreation Area,40.600000,-122.594167,True,reservable,4,False,False,False,True,True,15,False,https://www.recreation.gov/camping/campgrounds/272243,
272244,Horse Camp Primitive Campground,CA,NPS,Whiskeytown National Recreation Area,40.576111,-122.531389,True,reservable,2,False,False,False,True,True,40,False,https://www.recreation.gov/camping/campgrounds/272244,
272245,Fruita Campground,UT,NPS,Capitol Reef National Park,38.282486,-111.246889,True,reservable,72,False,False,False,True,True,52,False,https://www.recreation.gov/camping/campgrounds/272245,https://www.nps.gov/care/planyourvisit/fruitacampground.htm
272246,Indian Creek Campground,CA,BLM,Indian Creek Recreation Area,38.747939,-119.784867,True,reservable,32,False,False,False,True,True,45,False,https://www.recreation.gov/camping/campgrounds/272246,
272247,Crystal Creek Primitive Campground,CA,NPS,Whiskeytown National Recreation Area,40.642222,-122.670833,True,reservable,2,False,False,False,True,True,20,False,https://www.recreation.gov/camping/campgrounds/272247,
272248,Peltier Bridge Primitive Campground,CA,NPS,Whiskeytown National Recreation Area,40.585833,-122.551667,True,reservable,9,False,False,False,True,True,15,False,https://www.recreation.gov/camping/campgrounds/272248,
272249,Sylvania Campground,MI,FS,Ottawa National Forest,46.244633,-89.310031,True,partly,48,True,True,False,True,True,88,False,https://www.recreation.gov/camping/campgrounds/272249,
272250,Brandy Creek Primitive Campground,CA,NPS,Whiskeytown National Recreation Area,40.601389,-122.582500,True,reservable,2,False,False,False,True,True,25,False,https://www.recreation.gov/camping/campgrounds/272250,
272257,Natural Bridges Campground,UT,NPS,Natural Bridges National Monument,37.609218,-109.984193,True,reservable,13,False,False,False,True,True,26,False,https://www.recreation.gov/camping/campgrounds/272257,https://www.nps.gov/nabr/planyourvisit/camping.htm
272266,South Campground,UT,NPS,Zion National Park,37.201667,-112.985556,True,reservable,128,False,False,False,True,True,60,False,https://www.recreation.gov/camping/campgrounds/272266,
272271,Old Goldledge Campground,CA,FS,Sequoia National Forest,36.015670,-118.392940,False,first-come,0,False,False,False,False,False,,False,,
272276,Devil's Elbow Campground,MT,BLM,Hauser Lake,46.701592,-111.809494,True,reservable,49,False,True,False,True,True,60,False,https://www.recreation.gov/camping/campgrounds/272276,
272277,Jackson Campground On The Applegate River,OR,FS,Rogue River-Siskiyou National Forest,42.114044,-123.087064,True,reservable,12,False,False,False,True,True,25,False,https://www.recreation.gov/camping/campgrounds/272277,
272281,Blucher Creek Campground,WY,BLM,,42.561830,-109.141634,False,first-come,0,False,False,False,False,False,,True,,
272294,Sweetwater Bridge Campground,WY,BLM,,42.519253,-109.048905,False,first-come,0,False,False,False,False,False,,True,,
272295,Sweetwater Guard Station Campground,WY,BLM,,42.561772,-109.061887,False,first-come,0,False,False,False,False,False,,True,,
272299,Cottonwood Campground,CA,NPS,Joshua Tree National Park,33.750000,-115.825000,True,reservable,62,False,False,False,True,True,48,False,https://www.recreation.gov/camping/campgrounds/272299,
272300,Jumbo Rocks Campground,CA,NPS,Joshua Tree National Park,33.992222,-116.062500,True,reservable,124,False,False,False,True,True,46,False,https://www.recreation.gov/camping/campgrounds/272300,https://www.nps.gov/jotr/planyourvisit/jumbo-rocks-campground.htm
273308,Clay Creek Recreation Site,OR,BLM,Siuslaw River SRMA,43.905080,-123.568330,True,reservable,23,False,False,False,True,True,30,False,https://www.recreation.gov/camping/campgrounds/273308,
273309,Whittaker Creek Recreation Site,OR,BLM,Siuslaw River SRMA,43.985507,-123.662202,True,reservable,31,False,False,False,True,True,,False,https://www.recreation.gov/camping/campgrounds/273309,
273310,Shotgun Creek Recreation Site,OR,BLM,Shotgun Creek OHV Staging Area,44.228751,-122.846386,True,reservable,2,True,False,False,True,True,20,False,https://www.recreation.gov/camping/campgrounds/273310,
273311,Sharps Creek Recreation Site,OR,BLM,,43.665900,-122.807330,True,reservable,12,False,False,False,True,True,40,False,https://www.recreation.gov/camping/campgrounds/273311,
273333,Gooseneck Lake Campsites,MI,FS,Hiawatha National Forest,46.062500,-86.544444,True,reservable,3,False,False,False,True,True,24,False,https://www.recreation.gov/camping/campgrounds/273333,
273334,Chicago Lake Campsites,MI,FS,Hiawatha National Forest,46.040000,-86.598333,True,reservable,4,False,False,False,True,True,32,False,https://www.recreation.gov/camping/campgrounds/273334,
273335,Hilltop Campground,AZ,FS,Prescott National Forest,34.508017,-112.382608,True,partly,37,False,False,False,True,True,40,False,https://www.recreation.gov/camping/campgrounds/273335,
273337,Pringle Falls Campground,OR,FS,Deschutes National Forest,43.748519,-121.602517,True,reservable,7,False,False,False,True,True,30,False,https://www.recreation.gov/camping/campgrounds/273337,
273338,Crooked Lake Campsite,MI,FS,Hiawatha National Forest,46.216667,-86.431667,True,reservable,1,False,False,False,True,True,24,False,https://www.recreation.gov/camping/campgrounds/273338,
273339,Mowe Lake Campsites,MI,FS,Hiawatha National Forest,46.145278,-86.577222,True,reservable,2,False,False,False,True,True,32,False,https://www.recreation.gov/camping/campgrounds/273339,
273340,Bass Lake Campsite,MI,FS,Hiawatha National Forest,46.169167,-86.446389,True,reservable,1,False,False,False,True,True,16,False,https://www.recreation.gov/camping/campgrounds/273340,
273341,Bear Lake Campsite,MI,FS,Hiawatha National Forest,46.070556,-86.498333,True,reservable,1,False,False,False,True,True,24,False,https://www.recreation.gov/camping/campgrounds/273341,
273342,Triangle Lake Campsites,MI,FS,Hiawatha National Forest,46.166400,-86.497200,True,reservable,2,False,False,False,True,True,32,False,https://www.recreation.gov/camping/campgrounds/273342,
273343,Black River Harbor Campground,MI,FS,Ottawa National Forest,46.670281,-90.049719,True,partly,40,False,False,False,True,True,,False,https://www.recreation.gov/camping/campgrounds/273343,
273344,Lake Nineteen Campsite,MI,FS,Hiawatha National Forest,46.171667,-86.544167,True,reservable,1,False,False,False,True,True,,False,https://www.recreation.gov/camping/campgrounds/273344,
273346,East Lake Campsites,MI,FS,Hiawatha National Forest,46.178611,-86.413333,True,reservable,3,False,False,False,True,True,40,False,https://www.recreation.gov/camping/campgrounds/273346,
273347,Jackpine Lake Campsites,MI,FS,Hiawatha National Forest,46.080278,-86.523056,True,reservable,2,False,False,False,True,True,24,False,https://www.recreation.gov/camping/campgrounds/273347,
273348,Elk Creek Campground,CO,FS,Rio Grande National Forest,37.125125,-106.368411,True,reservable,38,True,False,False,True,True,60,False,https://www.recreation.gov/camping/campgrounds/273348,
273349,Little Bass Lake Campsites,MI,FS,Hiawatha National Forest,46.161944,-86.449444,True,reservable,5,False,False,False,True,True,24,False,https://www.recreation.gov/camping/campgrounds/273349,
273350,Camp Cook Campsite,MI,FS,Hiawatha National Forest,46.039167,-86.581389,True,reservable,1,False,False,False,True,True,40,False,https://www.recreation.gov/camping/campgrounds/273350,
273351,Ironjaw Lake Campsite,MI,FS,Hiawatha National Forest,46.171389,-86.548333,True,reservable,1,False,False,False,True,True,24,False,https://www.recreation.gov/camping/campgrounds/273351,
273352,Lake Rabun Beach Recreation Area,GA,FS,Chattahoochee-Oconee National Forest,34.755767,-83.481300,True,reservable,77,True,True,False,True,True,,False,https://www.recreation.gov/camping/campgrounds/273352,
273353,Minerva Lake Campsite,MI,FS,Hiawatha National Forest,46.144722,-86.479444,True,reservable,1,False,False,False,True,True,16,False,https://www.recreation.gov/camping/campgrounds/273353,
273354,Elkhorn Valley Recreation Site,OR,BLM,,44.797781,-122.455831,True,reservable,23,False,False,False,True,True,49,False,https://www.recreation.gov/camping/campgrounds/273354,
273355,Leg Lake Campsites,MI,FS,Hiawatha National Forest,46.128889,-86.482500,True,reservable,2,False,False,False,True,True,32,False,https://www.recreation.gov/camping/campgrounds/273355,
273356,Carr Lake Campsite,MI,FS,Hiawatha National Forest,46.077778,-86.507778,True,reservable,1,False,False,False,True,False,32,False,https://www.recreation.gov/camping/campgrounds/273356,
273357,Steuben Lake Campsites,MI,FS,Hiawatha National Forest,46.200000,-86.428611,True,reservable,2,False,False,False,True,True,24,False,https://www.recreation.gov/camping/campgrounds/273357,
273358,Lyman Lake Campsites,MI,FS,Hiawatha National Forest,46.069722,-86.530556,True,reservable,10,False,False,False,True,True,40,False,https://www.recreation.gov/camping/campgrounds/273358,
273360,Santa Barbara Campground,NM,FS,Carson National Forest,36.089100,-105.610100,True,partly,21,False,True,False,True,True,65,False,https://www.recreation.gov/camping/campgrounds/273360,
273361,Swan Lake Campsites,MI,FS,Hiawatha National Forest,46.162500,-86.572778,True,reservable,4,False,False,False,True,True,40,False,https://www.recreation.gov/camping/campgrounds/273361,
273362,Twin Cove Point,OK,USACE,Birch Lake,36.539333,-96.162025,True,reservable,13,True,True,False,True,True,18,False,https://www.recreation.gov/camping/campgrounds/273362,
273363,Clear Lake Campsite,MI,FS,Hiawatha National Forest,46.244722,-86.413889,True,reservable,1,False,False,False,True,True,20,False,https://www.recreation.gov/camping/campgrounds/273363,
273375,Gregory Creek Group Campground,CA,FS,Shasta-Trinity National Forest,40.887972,-122.368150,True,reservable,1,False,False,False,True,True,20,False,https://www.recreation.gov/camping/campgrounds/273375,
273376,East Weaver Group Campground,CA,FS,Shasta-Trinity National Forest,40.773000,-122.920989,True,reservable,1,False,False,False,True,True,25,False,https://www.recreation.gov/camping/campgrounds/273376,
273379,Cooper Gulch Campground,CA,FS,Shasta-Trinity National Forest,40.745925,-122.804286,True,partly,6,False,False,False,True,True,16,False,https://www.recreation.gov/camping/campgrounds/273379,
273755,Mariners Point Group Campground,CA,FS,Shasta-Trinity National Forest,40.752483,-122.253608,True,reservable,2,False,False,False,True,True,30,False,https://www.recreation.gov/camping/campgrounds/273755,
273758,Field Tract Campground,NM,FS,Santa Fe National Forest,35.686694,-105.693111,True,partly,15,False,False,False,True,True,62,False,https://www.recreation.gov/camping/campgrounds/273758,
273759,Spruces Campground,UT,FS,Dixie National Forest,37.518383,-112.774281,True,partly,29,False,False,False,True,True,75,False,https://www.recreation.gov/camping/campgrounds/273759,
273778,Russell Pond Campground,NH,FS,White Mountain National Forest,44.008744,-71.648928,True,partly,86,True,False,False,True,True,40,False,https://www.recreation.gov/camping/campgrounds/273778,
273780,Black Mountain Campground,NC,FS,National Forests in North Carolina,35.752722,-82.221142,True,reservable,41,True,True,True,True,True,,False,https://www.recreation.gov/camping/campgrounds/273780,
273781,Lake Russell Recreation Area,GA,FS,Chattahoochee-Oconee National Forest,34.493150,-83.494961,True,reservable,42,True,True,True,True,True,67,False,https://www.recreation.gov/camping/campgrounds/273781,
273782,Soda Creek Campground,OR,FS,Deschutes National Forest,44.025536,-121.726756,True,reservable,10,False,False,False,True,True,40,False,https://www.recreation.gov/camping/campgrounds/273782,
273783,Alpine Ranger Station,CO,FS,"Grand Mesa, Uncompahgre and Gunnison National Forest",38.226080,-107.385150,True,reservable,1,False,False,False,False,True,,False,https://www.recreation.gov/camping/campgrounds/273783,
273785,Huckleberry Campground,ID,BLM,Coeur d'Alene Lake,47.268333,-116.087778,True,reservable,33,True,True,False,True,True,,False,https://www.recreation.gov/camping/campgrounds/273785,
273799,Gillette Campground,WA,FS,Colville National Forest,48.612500,-117.534167,True,partly,30,False,False,False,True,True,55,False,https://www.recreation.gov/camping/campgrounds/273799,
273816,Cedar Flat Group Campground,CA,FS,Inyo National Forest,37.277008,-118.151472,True,reservable,3,False,False,False,True,True,60,False,https://www.recreation.gov/camping/campgrounds/273816,
273817,Davy Brown Campground,CA,FS,Los Padres National Forest,34.757900,-119.951800,True,reservable,13,False,False,False,True,True,,False,https://www.recreation.gov/camping/campgrounds/273817,
273819,White Oaks Campground,CA,FS,Los Padres National Forest,36.326389,-121.573611,True,reservable,8,False,False,False,True,True,30,False,https://www.recreation.gov/camping/campgrounds/273819,
273821,Big Creek Campground,NC,NPS,Great Smoky Mountains National Park,35.750198,-83.111397,True,reservable,12,False,False,False,True,True,18,False,https://www.recreation.gov/camping/campgrounds/273821,
273822,Navajo Lake Campground,UT,FS,Dixie National Forest,37.521239,-112.789236,True,partly,28,False,False,False,True,True,60,False,https://www.recreation.gov/camping/campgrounds/273822,
273833,Mccabe Flat Campground,CA,BLM,Merced River Recreation Management Area,37.596590,-120.003490,True,reservable,10,False,False,False,True,False,,False,https://www.recreation.gov/camping/campgrounds/273833,
273836,Railroad Flat Campground,CA,BLM,Merced River Recreation Management Area,37.618230,-120.019670,True,reservable,9,False,False,False,False,False,,False,https://www.recreation.gov/camping/campgrounds/273836,
273838,Willow Placer Campground,CA,BLM,Merced River Recreation Management Area,37.610370,-120.009490,True,reservable,9,False,False,False,True,False,20,False,https://www.recreation.gov/camping/campgrounds/273838,
273842,Campo Alto Campground,CA,FS,Los Padres National Forest,34.831400,-119.204800,True,reservable,19,False,False,False,True,True,40,False,https://www.recreation.gov/camping/campgrounds/273842,
273843,Pine Mountain Campground,CA,FS,Los Padres National Forest,34.638800,-119.326900,True,reservable,7,False,False,False,True,True,40,False,https://www.recreation.gov/camping/campgrounds/273843,
273844,Reyes Peak Campground,CA,FS,Los Padres National Forest,34.638100,-119.316100,True,partly,6,False,False,False,True,True,25,False,https://www.recreation.gov/camping/campgrounds/273844,
273845,Rose Valley Campground,CA,FS,Los Padres National Forest,34.532600,-119.182400,True,reservable,9,False,False,False,True,True,20,False,https://www.recreation.gov/camping/campgrounds/273845,
273846,Turkey Flat OHV Staging Area,CA,FS,Los Padres National Forest,35.348600,-120.350900,True,reservable,4,False,False,False,True,False,,False,https://www.recreation.gov/camping/campgrounds/273846,
273847,Abram's Creek Campground,TN,NPS,Great Smoky Mountains National Park,35.610747,-83.933183,True,reservable,16,False,False,False,True,True,12,False,https://www.recreation.gov/camping/campgrounds/273847,https://www.nps.gov/grsm/planyourvisit/abrams-creek-campground.htm
273848,Balsam Mountain Campground,NC,NPS,Great Smoky Mountains National Park,35.565436,-83.174299,True,reservable,43,False,False,False,True,True,24,False,https://www.recreation.gov/camping/campgrounds/273848,https://www.nps.gov/grsm/planyourvisit/balsam-mountain.htm
273867,Middle Lion Campground,CA,FS,Los Padres National Forest,34.549400,-119.166200,True,partly,8,False,False,False,True,True,20,False,https://www.recreation.gov/camping/campgrounds/273867,
273869,Escondido Campground,CA,FS,Los Padres National Forest,36.141300,-121.493100,True,reservable,9,False,False,False,True,True,50,False,https://www.recreation.gov/camping/campgrounds/273869,
273870,La Panza Campground,CA,FS,Los Padres National Forest,35.353300,-120.260000,True,reservable,7,False,False,False,True,True,,False,https://www.recreation.gov/camping/campgrounds/273870,
273871,Nira Campground,CA,FS,Los Padres National Forest,34.770500,-119.937500,True,reservable,12,False,False,False,True,True,24,False,https://www.recreation.gov/camping/campgrounds/273871,
273872,Navajo Flats Campground,CA,FS,Los Padres National Forest,35.368900,-120.312500,True,reservable,6,False,False,False,True,True,,False,https://www.recreation.gov/camping/campgrounds/273872,
273873,Ballinger Campground,CA,FS,Los Padres National Forest,34.883900,-119.445200,True,reservable,13,False,False,False,True,True,70,False,https://www.recreation.gov/camping/campgrounds/273873,
273874,Memorial Campground,CA,FS,Los Padres National Forest,36.117100,-121.462700,True,reservable,8,False,False,False,True,True,80,False,https://www.recreation.gov/camping/campgrounds/273874,
273875,Mt. Pinos Campground,CA,FS,Los Padres National Forest,34.813700,-119.102200,True,reservable,19,False,False,False,True,True,40,False,https://www.recreation.gov/camping/campgrounds/273875,
273876,Chuchupate Campground,CA,FS,Los Padres National Forest,34.785800,-119.001900,True,reservable,29,False,False,False,True,True,26,False,https://www.recreation.gov/camping/campgrounds/273876,
273877,Reyes Creek Campground,CA,FS,Los Padres National Forest,34.681200,-119.308800,True,reservable,27,False,False,False,True,True,50,False,https://www.recreation.gov/camping/campgrounds/273877,
273878,China Camp,CA,FS,Los Padres National Forest,36.295539,-121.567508,True,reservable,10,False,False,False,True,True,20,False,https://www.recreation.gov/camping/campgrounds/273878,
273879,Mt. Figueroa Campground,CA,FS,Los Padres National Forest,34.734700,-119.986100,True,reservable,34,False,False,False,True,True,,False,https://www.recreation.gov/camping/campgrounds/273879,
273910,Graham Harbor Campground,WA,FS,Okanogan-Wenatchee National Forest,48.081800,-120.489000,False,first-come,0,False,False,False,False,False,,False,,
273911,Graham Harbor Creek Campground,WA,FS,Okanogan-Wenatchee National Forest,48.084850,-120.492573,False,first-come,0,False,False,False,False,False,,False,,
273917,Lucerne Campground,WA,FS,Okanogan-Wenatchee National Forest,48.201600,-120.589000,False,first-come,0,False,False,False,False,False,,False,,
273975,Lake Creek Campground,WA,FS,Okanogan-Wenatchee National Forest,47.935528,-120.515084,True,partly,18,False,False,False,True,True,30,False,https://www.recreation.gov/camping/campgrounds/273975,
274004,Dog Lake Campground,WA,FS,Okanogan-Wenatchee National Forest,46.654572,-121.360359,False,first-come,0,False,False,False,False,False,,False,,
274033,White Pass Lake Campground,WA,FS,Okanogan-Wenatchee National Forest,46.644965,-121.384205,False,first-come,0,False,False,False,False,False,,False,,
274091,Nineteenmile Campground,WA,FS,Okanogan-Wenatchee National Forest,48.019500,-120.828000,False,first-come,0,False,False,False,False,False,,False,,
274259,Walker Fork Campground,AK,BLM,Fortymile Wild and Scenic River,64.076230,-141.631250,False,first-come,0,False,False,False,False,False,,False,,
274260,West Fork Campground,AK,BLM,Fortymile Wild and Scenic River,63.887650,-142.239490,False,first-come,0,False,False,False,False,False,,False,,
274288,Crossroads Campground,CA,BLM,Parker Strip Recreation Area,34.210878,-114.215050,True,reservable,26,False,False,False,True,False,50,False,https://www.recreation.gov/camping/campgrounds/274288,
274314,Silver Valley Campground,CA,FS,Stanislaus National Forest,38.480200,-119.985000,True,reservable,21,False,False,False,True,True,46,False,https://www.recreation.gov/camping/campgrounds/274314,
274315,Jemez Falls Campground,NM,FS,Santa Fe National Forest,35.816389,-106.606389,True,reservable,51,False,False,False,True,True,47,False,https://www.recreation.gov/camping/campgrounds/274315,
274330,Chimney Rock Campground,OR,BLM,Crooked Wild and Scenic River,44.135440,-120.814160,False,first-come,20,False,False,False,False,False,,False,,
274351,Buffalo Creek Campground,WY,BLM,South Bighorn/Red Wall Back Country Byway,43.438542,-107.221930,False,first-come,0,False,False,False,False,False,,True,,
274353,Grave Springs Campground,WY,BLM,South Bighorn/Red Wall Back Country Byway,43.461523,-107.227947,False,first-come,0,False,False,False,False,False,,True,,
274354,Rim Campground,WY,BLM,Muddy Mountain Environmental Education Area,42.680857,-106.258580,False,first-come,0,False,False,False,False,False,,False,,
274410,Silver Tip Campground,CA,FS,Stanislaus National Forest,38.481100,-120.017000,True,reservable,22,False,False,False,True,True,62,False,https://www.recreation.gov/camping/campgrounds/274410,
274413,North Fruita Desert Campground,CO,BLM,18 Road - North Fruita Desert,39.334000,-108.704000,True,reservable,144,False,False,False,True,True,99,False,https://www.recreation.gov/camping/campgrounds/274413,
274414,The Bank Campground,CO,BLM,Shelf Road Sites,38.627976,-105.225243,True,reservable,35,False,False,False,True,True,20,False,https://www.recreation.gov/camping/campgrounds/274414,
274437,Sawtooth Canyon Campground,CA,BLM,,34.670107,-116.983935,False,first-come,0,False,False,False,False,False,,True,,
274471,Valley View Group Campground,NJ,NPS,Delaware Water Gap National Recreation Area,41.115174,-74.964946,True,reservable,5,False,False,False,False,True,,False,https://www.recreation.gov/camping/campgrounds/274471,https://www.nps.gov/dewa/planyourvisit/group-camping.htm
274478,Trout Creek Campground,OR,BLM,Trout Creek Trail,44.815894,-121.095326,False,first-come,0,False,False,False,False,False,,False,,
274721,Yellowbottom Recreation Site,OR,BLM,Quartzville Creek Wild and Scenic River,44.588910,-122.373360,True,reservable,21,False,False,False,True,True,70,False,https://www.recreation.gov/camping/campgrounds/274721,
274864,Vedauwoo Designated Dispersed Campsites,WY,FS,Medicine Bow-Routt NFs & Thunder Basin NG,41.308540,-105.629614,False,first-come,0,False,False,False,False,False,,False,,
274908,North Gorge Campground,WA,NPS,Lake Roosevelt National Recreation Area,48.785800,-118.000917,True,reservable,11,False,False,False,True,True,40,False,https://www.recreation.gov/camping/campgrounds/274908,https://www.nps.gov/laro/planyourvisit/cg-northgorge.htm
274993,Marcus Island Campground,WA,NPS,Lake Roosevelt National Recreation Area,48.665750,-118.052767,True,reservable,25,False,False,False,True,True,46,False,https://www.recreation.gov/camping/campgrounds/274993,https://www.nps.gov/laro/planyourvisit/cg-marcusisland.htm
275027,Snag Cove Campground,WA,NPS,Lake Roosevelt National Recreation Area,48.733050,-118.060333,True,reservable,9,False,False,False,True,True,40,False,https://www.recreation.gov/camping/campgrounds/275027,https://www.nps.gov/laro/planyourvisit/cg-snagcove.htm
275028,Kettle River Campground,WA,NPS,Lake Roosevelt National Recreation Area,48.710033,-118.128217,True,reservable,13,False,False,False,True,True,36,False,https://www.recreation.gov/camping/campgrounds/275028,https://www.nps.gov/laro/planyourvisit/cg-kettleriver.htm
275029,Kamloops Island Campground,WA,NPS,Lake Roosevelt National Recreation Area,48.675200,-118.116300,True,reservable,17,False,False,False,True,True,40,False,https://www.recreation.gov/camping/campgrounds/275029,https://www.nps.gov/laro/planyourvisit/cg-kamloopsisland.htm
275082,Haag Cove Campground,WA,NPS,Lake Roosevelt National Recreation Area,48.568267,-118.156283,True,reservable,18,False,False,False,True,True,36,False,https://www.recreation.gov/camping/campgrounds/275082,https://www.nps.gov/laro/planyourvisit/cg-haagcove.htm
275085,Cloverleaf Campground,WA,NPS,Lake Roosevelt National Recreation Area,48.297583,-118.145717,True,reservable,7,False,False,False,True,True,,False,https://www.recreation.gov/camping/campgrounds/275085,
275091,Hawk Creek Campground,WA,NPS,Lake Roosevelt National Recreation Area,47.816515,-118.316381,True,reservable,20,False,False,False,True,True,40,False,https://www.recreation.gov/camping/campgrounds/275091,https://www.nps.gov/laro/planyourvisit/cg-hawkcreek.htm
275092,Jones Bay Campground,WA,NPS,Lake Roosevelt National Recreation Area,47.918483,-118.582467,True,reservable,9,False,False,False,True,True,50,False,https://www.recreation.gov/camping/campgrounds/275092,https://www.nps.gov/laro/planyourvisit/cg-jonesbay.htm
72417,Ten Mile Campground,ID,FS,Boise National Forest,43.898560,-115.712719,True,partly,15,False,False,False,True,True,71,False,https://www.recreation.gov/camping/campgrounds/72417,
72481,Juniper Campground Group Site,ND,NPS,Theodore Roosevelt National Park,47.594167,-103.333889,True,reservable,1,False,False,False,True,True,,False,https://www.recreation.gov/camping/campgrounds/72481,
fs10267,Lee Creek Campground,MT,FS,Lolo National Forest,46.706,-114.5362,False,first-come,22,False,False,False,False,False,,False,,
fs10286,Bitterroot Flat Campground,MT,FS,Lolo National Forest,46.4685,-113.7774,False,first-come,0,False,False,False,False,False,,False,,
fs10289,Harry's Flat Campground,MT,FS,Lolo National Forest,46.5372,-113.7508,False,first-come,0,False,False,False,False,False,,False,,
fs10290,Norton Campground,MT,FS,Lolo National Forest,46.5894,-113.6701,False,first-come,0,False,False,False,False,False,,False,,
fs10291,Siria Campground,MT,FS,Lolo National Forest,46.4225,-113.7189,False,first-come,0,False,False,False,False,False,,True,,
fs10306,Copper King Campground,MT,FS,Lolo National Forest,47.6174,-115.1886,False,first-come,0,False,False,False,False,False,,True,,
fs10307,Fishtrap Lake Campground,MT,FS,Lolo National Forest,47.8615,-115.2028,False,first-come,0,False,False,False,False,False,,True,,
fs10319,Big Nelson Campground,MT,FS,Lolo National Forest,47.0702,-112.9221,False,first-come,0,False,False,False,False,False,,False,,
fs10323,Monture Creek Campground,MT,FS,Lolo National Forest,47.1248,-113.1452,False,first-come,0,False,False,False,False,False,,True,,
fs10458,Hickey Gap Campground,GA,FS,Chattahoochee-Oconee National Forest,34.8941,-84.6725,False,first-come,0,False,False,False,False,False,,False,,
fs10489,Pear Tree Hill Group Camp,GA,FS,Chattahoochee-Oconee National Forest,34.755,-83.481,True,reservable,0,False,False,False,False,False,,False,,
fs10503,Wildcat Creek Campground #1 Lower,GA,FS,Chattahoochee-Oconee National Forest,34.8275,-83.6189,False,first-come,0,False,False,False,False,False,,False,,
fs10504,Wildcat Creek Campground #2 Upper,GA,FS,Chattahoochee-Oconee National Forest,34.8322,-83.6261,False,first-come,0,False,False,False,False,False,,False,,
fs10514,Panther Creek Recreation Area,GA,FS,Chattahoochee-Oconee National Forest,34.6989,-83.4199,False,first-come,0,False,False,False,False,False,,False,,
fs10521,Boggs Creek Recreation Area,GA,FS,Chattahoochee-Oconee National Forest,34.6889,-83.8917,False,first-come,0,False,False,False,False,False,,True,,
fs10528,Lake Winfield Scott Campground,GA,FS,Chattahoochee-Oconee National Forest,34.7338,-83.9743,False,first-come,0,False,False,False,False,False,,False,,
fs10530,Mulky Campground,GA,FS,Chattahoochee-Oconee National Forest,34.7617,-84.0741,True,reservable,11,False,False,False,False,False,,False,,
fs10609,Whitetail Campground,NE,FS,Nebraska National Forests and Grasslands,41.7966,-100.2646,False,first-come,0,False,False,False,False,False,,False,,
fs10610,Natick Campground,NE,FS,Nebraska National Forests and Grasslands,41.8819,-100.4128,False,first-come,0,False,False,False,False,False,,False,,
fs10611,Steer Creek Campground,NE,FS,Nebraska National Forests and Grasslands,42.6892,-101.1528,False,first-come,0,False,False,False,False,False,,False,,
fs10677,Pine Hills Campground,IL,FS,Shawnee National Forest,37.5156,-89.4222,False,first-come,0,False,False,False,False,False,,False,,
fs10716,Camp Clearfork,AR,FS,Ouachita National Forest,34.5088,-93.3925,True,reservable,0,False,False,False,False,False,,False,,
fs10735,Jack Creek Recreation Area,AR,FS,Ouachita National Forest,35.0336,-93.8463,False,first-come,0,False,False,False,False,False,,True,,
fs10907,Bottchers Gap Campround,CA,FS,Los Padres National Forest,36.3537,-121.8131,False,first-come,0,False,False,False,False,False,,False,,
fs10912,Nacimiento Campground,CA,FS,Los Padres National Forest,36.0075,-121.4012,False,first-come,9,False,False,False,False,False,,False,,
fs10987,Kings Campground,CA,FS,Los Padres National Forest,34.7164,-118.9283,False,first-come,0,False,False,False,False,False,,False,,
fs10988,Marian Campground,CA,FS,Los Padres National Forest,34.8803,-119.2156,False,first-come,0,False,False,False,False,False,,False,,
fs10996,Thorn Meadows Campground,CA,FS,Los Padres National Forest,34.6269,-119.1131,False,first-come,0,False,False,False,False,False,,True,,
fs11129,Navajo Flat OHV Staging Area and campsites,CA,FS,Los Padres National Forest,35.379,-120.2841,True,reservable,5,False,False,False,False,False,,False,,
fs11202,Meadow View Equestrian Campground,CA,FS,Plumas National Forest,40.0353,-120.2128,False,first-come,0,False,False,False,False,False,,False,,
fs11204,Conklin Park Campground,CA,FS,Plumas National Forest,40.0472,-120.366,False,first-come,0,False,False,False,False,False,,True,,
fs11205,Goose Lake Campground,CA,FS,Plumas National Forest,39.6756,-120.6364,False,first-come,13,False,False,False,False,False,,False,,
fs11206,Haven Lake Campground,CA,FS,Plumas National Forest,39.6722,-120.6304,False,first-come,4,False,False,False,False,False,,False,,
fs11214,Wyandotte Campground,CA,FS,Plumas National Forest,39.76,-121.93,True,reservable,30,False,False,False,False,False,,False,,
fs11220,Tooms RV Campground,CA,FS,Plumas National Forest,39.749,-120.99,True,partly,0,False,False,False,False,False,,False,,
fs11221,Horse Camp,CA,FS,Plumas National Forest,39.749,-121.99,True,partly,0,False,False,False,False,False,,False,,
fs11225,Little North Fork Campground,CA,FS,Plumas National Forest,39.782,-121.259,False,first-come,0,False,False,False,False,False,,False,,
fs11229,Golden Trout,CA,FS,Plumas National Forest,39.605,-121.139,False,first-come,0,False,False,False,False,False,,False,,
fs11236,Long Point Group Campground (25 people per site),CA,FS,Plumas National Forest,39.9927,-120.8039,True,reservable,4,False,False,False,False,False,,False,,
fs11238,Mill Creek Campground,CA,FS,Plumas National Forest,39.9138,-121.8802,True,partly,10,False,False,False,False,False,,False,,
fs11240,Lower Bucks Campground,CA,FS,Plumas National Forest,39.901,-121.213,False,first-come,0,False,False,False,False,False,,False,,
fs11282,Cherry Hill Campground,CA,FS,Lassen National Forest,40.1028,-121.4972,False,first-come,0,False,False,False,False,False,,False,,
fs11399,Crater Lake,CA,FS,Lassen National Forest,40.627,-121.0621,False,first-come,17,False,False,False,False,False,,False,,
fs11407,Goumaz,CA,FS,Lassen National Forest,40.4137,-120.8625,False,first-come,5,False,False,False,False,False,,True,,
fs11418,Bridge Campground,CA,FS,Lassen National Forest,40.7311,-121.4391,False,first-come,0,False,False,False,False,False,,True,,
fs11421,Cave Campground,CA,FS,Lassen National Forest,40.6849,-121.4233,False,first-come,0,False,False,False,False,False,,False,,
fs11428,Honn Campground,CA,FS,Lassen National Forest,40.7793,-121.5031,False,first-come,0,False,False,False,False,False,,False,,
fs11442,Big Flat Campground,CA,FS,Six Rivers National Forest,41.6865,-123.9128,False,first-come,0,False,False,False,False,False,,False,,
fs11595,Billy Creek Recreation Area,OK,FS,Ouachita National Forest,34.6908,-94.7316,False,first-come,0,False,False,False,False,False,,True,,
fs11759,Zephyr Cove Resort,NV,FS,Lake Tahoe Basin Management Unit,39.0065,-119.9464,False,first-come,0,False,False,False,False,False,,False,,
fs12121,Big john's flat CUA dispersed,UT,FS,Fishlake National Forest,38.3443,-112.3999,False,first-come,0,False,False,False,False,False,,True,,
fs12136,City creek campground,UT,FS,Fishlake National Forest,38.2693,-112.31,False,first-come,0,False,False,False,False,False,,False,,
fs12203,Mallard bay overflow rec site,UT,FS,Fishlake National Forest,38.5287,-111.7357,False,first-come,0,False,False,False,False,False,,False,,
fs12227,Upper pleasant creek campground,UT,FS,Fishlake National Forest,38.1001,-111.337,False,first-come,16,False,False,False,False,False,,False,,
fs12306,Golden Lake Campground,MI,FS,Ottawa National Forest,46.1716,-88.8829,False,first-come,22,False,False,False,False,False,,False,,
fs12318,Lake Ste Kathryn Campground,MI,FS,Ottawa National Forest,46.3931,-88.7228,False,first-come,0,False,False,False,False,False,,False,,
fs12319,Norway Lake Campground,MI,FS,Ottawa National Forest,46.4158,-88.6822,False,first-come,0,False,False,False,False,False,,False,,
fs12324,Bob Lake Campground,MI,FS,Ottawa National Forest,46.6622,-88.9143,False,first-come,17,False,False,False,False,False,,False,,
fs12325,Courtney Lake Campground,MI,FS,Ottawa National Forest,46.7524,-88.9404,False,first-come,21,False,False,False,False,False,,False,,
fs12333,Imp Lake Campground,MI,FS,Ottawa National Forest,46.2178,-89.0705,False,first-come,22,False,False,False,False,False,,False,,
fs12369,Otter Creek Wilderness,WV,FS,Monongahela National Forest,38.9971,-79.6458,False,first-come,0,False,False,False,False,False,,False,,
fs12413,Cimarron Campground,KS,FS,Pike-San Isabel National Forests,37.1355,-101.824,False,first-come,12,False,False,False,False,False,,False,,
fs12833,Happy Meadows Campground,CO,FS,Pike-San Isabel National Forests,39.0141,-105.3633,True,reservable,0,False,False,False,False,False,,False,,
fs12844,Kite Lake Campground,CO,FS,Pike-San Isabel National Forests,39.3287,-106.1287,False,first-come,0,False,False,False,False,False,,False,,
fs12872,Riverside Campground,CO,FS,Pike-San Isabel National Forests,38.9606,-105.375,True,reservable,18,False,False,False,False,False,,False,,
fs13057,Fort Goff Campground,CA,FS,Klamath National Forest,41.8651,-123.2575,False,first-come,5,False,False,False,False,False,,True,,
fs13058,Grider Creek Campground,CA,FS,Klamath National Forest,41.8063,-123.2183,False,first-come,10,False,False,False,False,False,,True,,
fs13059,Mt. Ashland Campground,OR,FS,Klamath National Forest,42.0756,-122.7145,False,first-come,0,False,False,False,False,False,,True,,
fs13060,Norcross Campground,CA,FS,Klamath National Forest,41.6459,-123.3091,False,first-come,0,False,False,False,False,False,,True,,
fs13063,Sulphur Springs Campground,CA,FS,Klamath National Forest,41.659,-123.3203,False,first-come,6,False,False,False,False,False,,True,,
fs13065,West Branch Campground,CA,FS,Klamath National Forest,41.9315,-123.4751,False,first-come,10,False,False,False,False,False,,True,,
fs13105,Idlewild Campground,CA,FS,Klamath National Forest,41.3315,-123.06,False,first-come,11,False,False,False,False,False,,False,,
fs13107,Mulebridge Campground,CA,FS,Klamath National Forest,41.3563,-123.0756,False,first-come,4,False,False,False,False,False,,True,,
fs13114,Kangaroo Lake Campground,CA,FS,Klamath National Forest,41.3343,-122.6389,False,first-come,18,False,False,False,False,False,,False,,
fs13115,Lovers Camp,CA,FS,Klamath National Forest,41.5887,-123.147,False,first-come,8,False,False,False,False,False,,True,,
fs13169,Martins Dairy Horse Camp,CA,FS,Klamath National Forest,41.7974,-122.2083,False,first-come,4,False,False,False,False,False,,False,,
fs13170,Orr Lake Campground,CA,FS,Klamath National Forest,41.6624,-121.9928,False,first-come,4,False,False,False,False,False,,True,,
fs13171,Shafter Campground,CA,FS,Klamath National Forest,41.7104,-121.9808,False,first-come,0,False,False,False,False,False,,False,,
fs13368,Bucks Lake Recreation Area,CA,FS,Plumas National Forest,39.891,-121.185,False,first-come,0,False,False,False,False,False,,False,,
fs13386,Rock Creek Campground,CA,FS,Plumas National Forest,39.901,-121.0238,False,first-come,0,False,False,False,False,False,,False,,
fs13388,Red Bridge Campground,CA,FS,Plumas National Forest,39.9927,-120.8039,False,first-come,5,False,False,False,False,False,,True,,
fs13389,Antelope Lake Recreation Area,CA,FS,Plumas National Forest,40.183,-120.59,False,first-come,0,False,False,False,False,False,,False,,
fs13394,Brady's Camp,CA,FS,Plumas National Forest,39.9927,-120.8039,False,first-come,6,False,False,False,False,False,,True,,
fs14845,Bloomfield Campground,CA,FS,Stanislaus National Forest,38.5381,-119.8249,False,first-come,20,False,False,False,False,False,,False,,
fs14859,Spicer Reservoir Group Campground,CA,FS,Stanislaus National Forest,38.4021,-120.0018,True,reservable,0,False,False,False,False,False,,False,,
fs14897,Highland Lakes Campground,CA,FS,Stanislaus National Forest,38.4898,-119.8066,False,first-come,0,False,False,False,False,False,,False,,
fs14985,River Ranch - Hacienda Campground,CA,FS,Stanislaus National Forest,37.9933,-120.1815,True,reservable,0,False,False,False,False,False,,False,,
fs15015,Boulder Flat Campground,CA,FS,Stanislaus National Forest,38.3539,-119.8848,False,first-come,0,False,False,False,False,False,,False,,
fs15035,Herring Reservoir Campground,CA,FS,Stanislaus National Forest,38.2486,-119.9361,False,first-come,9,False,False,False,False,False,,False,,
fs16496,CCC Campground,ID,FS,Nez Perce-Clearwater National Forests,46.0911,-115.5206,False,first-come,3,False,False,False,False,False,,True,,
fs16498,Rackliff Campground,ID,FS,Nez Perce-Clearwater National Forests,46.0868,-115.4916,False,first-come,6,False,False,False,False,False,,False,,
fs16502,Twenty-mile Bar Dispersed Site,ID,FS,Nez Perce-Clearwater National Forests,46.0733,-115.3767,False,first-come,2,False,False,False,False,False,,True,,
fs16506,Boyd Creek Campground,ID,FS,Nez Perce-Clearwater National Forests,46.0832,-115.4428,False,first-come,5,False,False,False,False,False,,False,,
fs16512,Selway Falls Campground,ID,FS,Nez Perce-Clearwater National Forests,46.0467,-115.3039,False,first-come,7,False,False,False,False,False,,False,,
fs16514,Slims Camp,ID,FS,Nez Perce-Clearwater National Forests,46.0345,-115.2889,False,first-come,0,False,False,False,False,False,,True,,
fs16516,Race Creek Campground,ID,FS,Nez Perce-Clearwater National Forests,46.0798,-115.5074,False,first-come,0,False,False,False,False,False,,True,,
fs16550,Castle Creek Campground,ID,FS,Nez Perce-Clearwater National Forests,45.8316,-115.9724,False,first-come,0,False,False,False,False,False,,False,,
fs16572,Five Mile Campground,ID,FS,Nez Perce-Clearwater National Forests,45.7246,-115.5433,False,first-come,0,False,False,False,False,False,,True,,
fs16580,French Gulch Campground,ID,FS,Nez Perce-Clearwater National Forests,45.7796,-115.3871,False,first-come,0,False,False,False,False,False,,True,,
fs16582,Halfway House Campground,ID,FS,Nez Perce-Clearwater National Forests,45.5121,-115.5249,False,first-come,0,False,False,False,False,False,,True,,
fs16600,Leggett Creek Campground,ID,FS,Nez Perce-Clearwater National Forests,45.826,-115.6299,False,first-come,5,False,False,False,False,False,,True,,
fs16604,Limber Luke Campground and Trailhead,ID,FS,Nez Perce-Clearwater National Forests,45.9639,-115.425,False,first-come,0,False,False,False,False,False,,True,,
fs16608,Mackay Bar Campground,ID,FS,Nez Perce-Clearwater National Forests,45.3923,-115.4945,False,first-come,0,False,False,False,False,False,,True,,
fs16646,Sam's Creek Campground,ID,FS,Nez Perce-Clearwater National Forests,45.5423,-115.4923,False,first-come,0,False,False,False,False,False,,True,,
fs16648,Sing Lee Campground,ID,FS,Nez Perce-Clearwater National Forests,45.8879,-115.6218,False,first-come,0,False,False,False,False,False,,True,,
fs16660,Table Meadows Campground,ID,FS,Nez Perce-Clearwater National Forests,45.9376,-115.6218,False,first-come,0,False,False,False,False,False,,True,,
fs16664,Trapper Creek Camp Area,ID,FS,Nez Perce-Clearwater National Forests,45.6744,-115.3439,False,first-come,0,False,False,False,False,False,,True,,
fs16672,Wildhorse Campground,ID,FS,Nez Perce-Clearwater National Forests,45.6551,-115.6516,False,first-come,5,False,False,False,False,False,,True,,
fs16708,Granite Springs Campground,ID,FS,Nez Perce-Clearwater National Forests,45.7527,-115.1017,False,first-come,0,False,False,False,False,False,,True,,
fs16772,Rocky Bluff Campground,ID,FS,Nez Perce-Clearwater National Forests,45.6374,-116.0095,False,first-come,0,False,False,False,False,False,,True,,
fs16776,North Fork Slate Creek Campground,ID,FS,Nez Perce-Clearwater National Forests,45.6426,-116.1139,False,first-come,0,False,False,False,False,False,,True,,
fs17824,Beaver Creek Group Campground,WA,FS,Mt. Baker-Snoqualmie National Forest,48.0797,-121.5267,True,reservable,0,False,False,False,False,False,,False,,
fs18094,Evans Creek Campground,WA,FS,Mt. Baker-Snoqualmie National Forest,46.9395,-121.9398,False,first-come,0,False,False,False,False,False,,False,,
fs18552,Buttercup Campground,MI,FS,Huron-Manistee National Forests,44.6408,-83.9138,False,first-come,0,False,False,False,False,False,,True,,
fs18554,Cathedral Pines Campground,MI,FS,Huron-Manistee National Forests,44.655,-84.0043,False,first-come,0,False,False,False,False,False,,True,,
fs18564,Meadow Springs Campground,MI,FS,Huron-Manistee National Forests,44.6567,-84.0732,False,first-come,0,False,False,False,False,False,,True,,
fs18566,River Dune Campground,MI,FS,Huron-Manistee National Forests,44.6497,-84.0974,False,first-come,0,False,False,False,False,False,,True,,
fs18616,Claybanks Campground,MI,FS,Huron-Manistee National Forests,43.8708,-85.8823,False,first-come,9,False,False,False,False,False,,False,,
fs18618,Elk Canoe Campground,MI,FS,Huron-Manistee National Forests,43.9282,-86.0297,False,first-come,0,False,False,False,False,False,,False,,
fs18640,Sulak Campground,MI,FS,Huron-Manistee National Forests,43.9238,-86.0133,False,first-come,12,False,False,False,False,False,,True,,
fs18674,Bear Track Campground,MI,FS,Huron-Manistee National Forests,44.1475,-86.0306,False,first-come,0,False,False,False,False,False,,False,,
fs18682,Pine River Campground,MI,FS,Huron-Manistee National Forests,44.5633,-83.5994,False,first-come,0,False,False,False,False,False,,False,,
fs18750,South Branch Trail Campground and Trailhead,MI,FS,Huron-Manistee National Forests,44.4847,-83.7954,False,first-come,0,False,False,False,False,False,,False,,
fs18822,Horseshoe Lake Campground and Boat Launch,MI,FS,Huron-Manistee National Forests,44.6007,-83.7654,False,first-come,0,False,False,False,False,False,,True,,
fs18830,Jewell Lake Campground,MI,FS,Huron-Manistee National Forests,44.6775,-83.5971,False,first-come,0,False,False,False,False,False,,False,,
fs18850,Bowman Lake Campground,MI,FS,Huron-Manistee National Forests,43.8912,-85.9677,False,first-come,4,False,False,False,False,False,,True,,
fs18854,Brush Lake Campground,MI,FS,Huron-Manistee National Forests,43.6392,-85.6897,False,first-come,6,False,False,False,False,False,,False,,
fs18860,Hemlock Campground and Boat Launch,MI,FS,Huron-Manistee National Forests,44.2335,-85.5028,False,first-come,19,False,False,False,False,False,,False,,
fs18864,Highbank Lake Campground,MI,FS,Huron-Manistee National Forests,43.7703,-85.8896,False,first-come,9,False,False,False,False,False,,False,,
fs18868,Indian Lake Campground,MI,FS,Huron-Manistee National Forests,43.6718,-85.8223,False,first-come,6,False,False,False,False,False,,False,,
fs18870,Minnie Pond Campground,MI,FS,Huron-Manistee National Forests,43.6303,-85.8999,False,first-come,0,False,False,False,False,False,,False,,
fs18872,Old Grade Campground,MI,FS,Huron-Manistee National Forests,44.0608,-85.8516,False,first-come,20,False,False,False,False,False,,False,,
fs18876,Pine Lake Campground,MI,FS,Huron-Manistee National Forests,44.1954,-86.0092,False,first-come,0,False,False,False,False,False,,False,,
fs18882,Shelley Lake Campground,MI,FS,Huron-Manistee National Forests,43.7123,-85.8109,False,first-come,8,False,False,False,False,False,,False,,
fs18884,Timber Creek Campground,MI,FS,Huron-Manistee National Forests,43.9482,-85.9964,False,first-come,9,False,False,False,False,False,,False,,
fs18886,Twinwood Lake Campground,MI,FS,Huron-Manistee National Forests,43.4765,-85.769,False,first-come,5,False,False,False,False,False,,False,,
fs18894,Benton Lake Campground,MI,FS,Huron-Manistee National Forests,43.6694,-85.8897,False,first-come,25,False,False,False,False,False,,False,,
fs1961,Valle Tio Vinces Campground,NM,FS,Gila National Forest,34.0333,-108.3506,False,first-come,4,False,False,False,False,False,,True,,
fs1962,Armijo Springs Campground,NM,FS,Gila National Forest,34.0925,-108.5667,False,first-come,5,False,False,False,False,False,,True,,
fs1963,Head of the Ditch Campground,NM,FS,Gila National Forest,33.8169,-108.987,False,first-come,12,False,False,False,False,False,,True,,
fs1967,Pueblo Park Campground,NM,FS,Gila National Forest,33.5933,-108.9615,False,first-come,0,False,False,False,False,False,,False,,
fs1969,Bighorn Campground,NM,FS,Gila National Forest,33.3241,-108.8828,False,first-come,6,False,False,False,False,False,,True,,
fs1971,Wolf Hollow Campground,NM,FS,Gila National Forest,33.4231,-108.1969,False,first-come,5,False,False,False,False,False,,False,,
fs1973,Gallinas Campground - Upper,NM,FS,Gila National Forest,32.8978,-107.8242,False,first-come,3,False,False,False,False,False,,True,,
fs1974,Railroad Canyon Campground,NM,FS,Gila National Forest,32.9083,-107.8171,False,first-come,0,False,False,False,False,False,,True,,
fs1976,Cherry Creek Campground,NM,FS,Gila National Forest,32.9143,-108.2253,False,first-come,12,False,False,False,False,False,,True,,
fs1977,McMillan Campground,NM,FS,Gila National Forest,32.9254,-108.2144,False,first-come,3,False,False,False,False,False,,True,,
fs1979,Dipping Vat Campground,NM,FS,Gila National Forest,33.4232,-108.5013,False,first-come,0,False,False,False,False,False,,False,,
fs1980,Willow Creek Campground,NM,FS,Gila National Forest,33.4023,-108.5794,False,first-come,0,False,False,False,False,False,,True,,
fs1984,Apache Creek Campground,NM,FS,Gila National Forest,33.8285,-108.628,False,first-come,10,False,False,False,False,False,,True,,
fs1986,Mesa Campground,NM,FS,Gila National Forest,33.0322,-108.1565,False,first-come,23,False,False,False,False,False,,False,,
fs20268,Grandview Campground,CA,FS,Inyo National Forest,37.3336,-118.1873,False,first-come,23,False,False,False,False,False,,False,,
fs20330,Big Trees Campground,CA,FS,Inyo National Forest,37.2657,-118.5784,False,first-come,16,False,False,False,False,False,,False,,
fs20332,North Lake Campground,CA,FS,Inyo National Forest,37.2274,-118.6268,False,first-come,11,False,False,False,False,False,,False,,
fs20334,Sabrina Campground,CA,FS,Inyo National Forest,37.2181,-118.6068,False,first-come,18,False,False,False,False,False,,False,,
fs20340,Mountain Glen Campground,CA,FS,Inyo National Forest,37.2244,-118.5667,False,first-come,5,False,False,False,False,False,,False,,
fs20348,Bitterbrush Campground,CA,FS,Inyo National Forest,37.2868,-118.5584,False,first-come,30,False,False,False,False,False,,False,,
fs20352,Intake 2 Campground,CA,FS,Inyo National Forest,37.2474,-118.587,False,first-come,5,False,False,False,False,False,,False,,
fs20378,Holiday Campground,CA,FS,Inyo National Forest,37.5511,-118.6784,False,first-come,35,False,False,False,False,False,,True,,
fs20562,Hartley Springs Campground,CA,FS,Inyo National Forest,37.7717,-119.0373,False,first-come,25,False,False,False,False,False,,False,,
fs20580,Aerie Crag Picnic Area and Campground,CA,FS,Inyo National Forest,37.8029,-119.1134,False,first-come,10,False,False,False,False,False,,False,,
fs20588,Glass Creek Campground,CA,FS,Inyo National Forest,37.7522,-118.9898,False,first-come,66,False,False,False,False,False,,False,,
fs20606,Tioga Lake Campground,CA,FS,Inyo National Forest,37.9281,-119.2551,False,first-come,13,False,False,False,False,False,,False,,
fs20608,Big Bend Campground,CA,FS,Inyo National Forest,37.9451,-119.201,False,first-come,17,False,False,False,False,False,,False,,
fs20610,Sawmill Walk-in Campground,CA,FS,Inyo National Forest,37.9559,-119.2667,False,first-come,12,False,False,False,False,False,,False,,
fs20614,Ellery Lake Campground,CA,FS,Inyo National Forest,37.9385,-119.2444,False,first-come,12,False,False,False,False,False,,False,,
fs20616,Junction Campground,CA,FS,Inyo National Forest,37.9384,-119.2511,False,first-come,13,False,False,False,False,False,,False,,
fs20636,Aspen Campground,CA,FS,Inyo National Forest,37.9392,-119.1855,False,first-come,45,False,False,False,False,False,,False,,
fs20692,Cottonwood Lakes Walk in Campground,CA,FS,Inyo National Forest,36.4534,-118.169,False,first-come,13,False,False,False,False,False,,False,,
fs20694,Cottonwood Pass Walk in Campground,CA,FS,Inyo National Forest,36.4479,-118.169,False,first-come,18,False,False,False,False,False,,False,,
fs20696,Horseshoe Meadow Equestrian Camp,CA,FS,Inyo National Forest,36.4522,-118.1699,False,first-come,0,False,False,False,False,False,,False,,
fs20704,Mt. Whitney Trailhead Campground,CA,FS,Inyo National Forest,36.5869,-118.2394,False,first-come,25,False,False,False,False,False,,False,,
fs21672,Deer Leap Recreation Area,MO,FS,Mark Twain National Forest,36.6743,-90.8858,False,first-come,0,False,False,False,False,False,,False,,
fs21674,Float Camp Recreation Area,MO,FS,Mark Twain National Forest,36.6656,-90.8725,True,reservable,0,False,False,False,False,False,,False,,
fs21682,Greer Crossing Recreation Area,MO,FS,Mark Twain National Forest,36.794,-91.3316,False,first-come,0,False,False,False,False,False,,True,,
fs21708,McCormack Lake Recreation Area,MO,FS,Mark Twain National Forest,36.8217,-91.3523,False,first-come,0,False,False,False,False,False,,True,,
fs21712,Fourche Lake Recreation Area,MO,FS,Mark Twain National Forest,36.639,-91.0568,False,first-come,0,False,False,False,False,False,,True,,
fs21740,Bar-K Wrangler Camp,MO,FS,Mark Twain National Forest,36.8601,-93.009,False,first-come,0,False,False,False,False,False,,False,,
fs21746,North Fork Recreation Area,MO,FS,Mark Twain National Forest,36.7586,-92.1528,False,first-come,0,False,False,False,False,False,,False,,
fs21778,Dry Fork Recreation Area,MO,FS,Mark Twain National Forest,38.7842,-92.1255,False,first-come,0,False,False,False,False,False,,False,,
fs21784,Pine Ridge Recreation Area,MO,FS,Mark Twain National Forest,38.7584,-92.1425,False,first-come,0,False,False,False,False,False,,False,,
fs21842,Berryman Campground,MO,FS,Mark Twain National Forest,37.9278,-91.0622,False,first-come,8,False,False,False,False,False,,False,,
fs21846,Hazel Creek Campground,MO,FS,Mark Twain National Forest,37.8375,-91.016,False,first-come,0,False,False,False,False,False,,True,,
fs21860,Marble Creek Recreation Area,MO,FS,Mark Twain National Forest,37.4511,-90.5408,False,first-come,0,False,False,False,False,False,,False,,
fs22668,Granite Campground,CO,FS,Medicine Bow-Routt NFs and Thunder Basin NG,40.4968,-106.692,False,first-come,8,False,False,False,False,False,,False,,
fs22680,Summit Lake Campground,CO,FS,Medicine Bow-Routt NFs and Thunder Basin NG,40.5467,-106.6833,False,first-come,0,False,False,False,False,False,,False,,
fs22854,Miller Lake Dispersed Campground,WY,FS,Medicine Bow-Routt NFs and Thunder Basin NG,41.0696,-106.1561,False,first-come,0,False,False,False,False,False,,False,,
fs22862,Libby Creek Pine Campground,WY,FS,Medicine Bow-Routt NFs and Thunder Basin NG,41.3201,-106.1652,True,reservable,6,False,False,False,False,False,,False,https://www.recreation.gov/camping/campgrounds/10155980,
fs22874,Libby Creek Willow Campground,WY,FS,Medicine Bow-Routt NFs and Thunder Basin NG,41.3213,-106.166,True,reservable,16,False,False,False,False,False,,False,https://www.recreation.gov/camping/campgrounds/10155980,
fs22964,Hidden Lakes Campground,CO,FS,Medicine Bow-Routt NFs and Thunder Basin NG,40.5067,-106.6083,False,first-come,9,False,False,False,False,False,,False,,
fs22990,Pines Campground,CO,FS,Medicine Bow-Routt NFs and Thunder Basin NG,40.4912,-106.0071,False,first-come,11,False,False,False,False,False,,False,,
fs23030,Bear Lake Campground,CO,FS,Medicine Bow-Routt NFs and Thunder Basin NG,40.0465,-107.0743,False,first-come,43,False,False,False,False,False,,False,,
fs23034,Blacktail Creek Campground,CO,FS,Medicine Bow-Routt NFs and Thunder Basin NG,40.0675,-106.5797,False,first-come,0,False,False,False,False,False,,False,,
fs23036,Chapman Reservoir Campground,CO,FS,Medicine Bow-Routt NFs and Thunder Basin NG,40.1867,-107.0862,False,first-come,12,False,False,False,False,False,,False,,
fs23040,Crosho Lake Recreation Area,CO,FS,Medicine Bow-Routt NFs and Thunder Basin NG,40.1702,-107.0543,False,first-come,0,False,False,False,False,False,,True,,
fs23042,Horseshoe Campground,CO,FS,Medicine Bow-Routt NFs and Thunder Basin NG,40.0346,-107.1132,False,first-come,7,False,False,False,False,False,,False,,
fs23050,Sheriff Reservoir Campground,CO,FS,Medicine Bow-Routt NFs and Thunder Basin NG,40.1439,-107.1388,False,first-come,5,False,False,False,False,False,,False,,
fs24792,Ebenezer Bryce Campground,UT,FS,Dixie National Forest,37.3919,-113.4628,False,first-come,0,False,False,False,False,False,,False,,
fs24796,Honeycomb Rocks Campground,UT,FS,Dixie National Forest,37.52,-113.858,False,first-come,21,False,False,False,False,False,,False,,
fs24806,Equestrian Campground,UT,FS,Dixie National Forest,37.3802,-113.4832,True,reservable,0,False,False,False,False,False,,False,,
fs24944,Red Canyon Campground,UT,FS,Dixie National Forest,37.7335,-112.3002,False,first-come,37,False,False,False,False,False,,False,,
fs24988,Blue Spruce Campground,UT,FS,Dixie National Forest,37.974,-111.653,False,first-come,5,False,False,False,False,False,,False,,
fs25180,Pogie Point Campground,CA,FS,Mendocino National Forest,39.4414,-122.9689,False,first-come,44,False,False,False,False,False,,False,,
fs25254,Atchison Campground,CA,FS,Mendocino National Forest,39.7502,-122.925,False,first-come,0,False,False,False,False,False,,False,,
fs25256,Eel River Campground,CA,FS,Mendocino National Forest,39.8247,-123.0844,False,first-come,15,False,False,False,False,False,,False,,
fs25258,Hammerhorn Campground,CA,FS,Mendocino National Forest,39.9488,-122.9914,False,first-come,0,False,False,False,False,False,,False,,
fs25366,Idlewilde Campground,AZ,FS,Coronado National Forest,31.8943,-109.166,False,first-come,0,False,False,False,False,False,,False,,
fs25404,Walnut Grove Campground,AZ,FS,Coronado National Forest,31.7582,-109.3701,False,first-come,0,False,False,False,False,False,,False,,
fs25410,Rustler Park Campground,AZ,FS,Coronado National Forest,31.9043,-109.279,False,first-come,0,False,False,False,False,False,,False,,
fs25426,Stewart Campground,AZ,FS,Coronado National Forest,31.8902,-109.1686,False,first-come,0,False,False,False,False,False,,False,,
fs25428,Sunny Flat Campground,AZ,FS,Coronado National Forest,31.8848,-109.1754,False,first-come,130,False,False,False,False,False,,False,,
fs25430,Sycamore Campground,AZ,FS,Coronado National Forest,31.8598,-109.3339,False,first-come,0,False,False,False,False,False,,False,,
fs25446,Cochise Stronghold Campground,AZ,FS,Coronado National Forest,31.9225,-109.9686,False,first-come,0,False,False,False,False,False,,False,,
fs25506,Ramsey Vista Campground,AZ,FS,Coronado National Forest,31.4292,-110.3037,False,first-come,0,False,False,False,False,False,,False,,
fs25514,Lakeview Campground,AZ,FS,Coronado National Forest,31.4283,-110.451,False,first-come,65,False,False,False,False,False,,False,,
fs25566,Shannon Campground,AZ,FS,Coronado National Forest,32.6584,-109.8574,False,first-come,0,False,False,False,False,False,,False,,
fs25578,Cunningham Campground,AZ,FS,Coronado National Forest,32.6783,-109.8937,False,first-come,0,False,False,False,False,False,,False,,
fs25582,Riggs Flat Campground,AZ,FS,Coronado National Forest,32.7085,-109.9623,True,partly,0,False,False,False,False,False,,False,,
fs25584,Soldier Creek Campground,AZ,FS,Coronado National Forest,32.6992,-109.92,False,first-come,0,False,False,False,False,False,,False,,
fs25646,General Hitchcock Campground,AZ,FS,Coronado National Forest,32.3775,-110.6858,False,first-come,0,False,False,False,False,False,,False,,
fs25648,Gordon Hirabayashi Campground,AZ,FS,Coronado National Forest,32.3389,-110.7187,False,first-come,0,False,False,False,False,False,,False,,
fs25710,Spencer Canyon Campground,AZ,FS,Coronado National Forest,32.4186,-110.7383,False,first-come,66,False,False,False,False,False,,False,,
fs25732,Bog Springs Campground,AZ,FS,Coronado National Forest,31.7276,-110.8754,False,first-come,0,False,False,False,False,False,,False,,
fs25796,White Rock Campground,AZ,FS,Coronado National Forest,31.3934,-111.0896,False,first-come,0,False,False,False,False,False,,False,,
fs25927,Bearlodge Campground,WY,FS,Black Hills National Forest,44.6545,-104.3268,False,first-come,8,False,False,False,False,False,,False,,
fs26231,Big Pine Flat Family Campground,CA,FS,San Bernardino National Forest,34.3206,-116.0117,False,first-come,19,False,False,False,False,False,,False,,
fs26255,South Fork Family Campground,CA,FS,San Bernardino National Forest,34.1696,-116.8274,False,first-come,28,False,False,False,False,False,,False,,
fs26267,Coon Creek Cabin Group Campground,CA,FS,San Bernardino National Forest,34.1492,-116.7097,True,reservable,0,False,False,False,False,False,,False,https://www.recreation.gov/camping/campgrounds/232030,
fs26271,Deer Group Campground,CA,FS,San Bernardino National Forest,34.221,-116.9183,True,reservable,0,False,False,False,False,False,,False,https://www.recreation.gov/camping/campgrounds/231968,
fs26624,Noma Lake Campground,MN,FS,Chippewa National Forest,47.754,-93.968,False,first-come,14,False,False,False,False,False,,True,,
fs26891,Shiefer Campground,ID,FS,Payette National Forest,45.1746,-115.5795,False,first-come,0,False,False,False,False,False,,True,,
fs26893,Kiwanis Campground,ID,FS,Payette National Forest,44.5124,-116.9532,False,first-come,0,False,False,False,False,False,,True,,
fs26899,Deadman Bar Camping Area,ID,FS,Payette National Forest,44.9633,-115.6616,False,first-come,0,False,False,False,False,False,,True,,
fs26903,Chamberlain Basin Camping Area,ID,FS,Payette National Forest,45.3726,-115.2013,False,first-come,0,False,False,False,False,False,,True,,
fs26911,Granite Lake Camping Area,ID,FS,Payette National Forest,45.1025,-116.0841,False,first-come,7,False,False,False,False,False,,True,,
fs26943,Big Bar Camping Area,ID,FS,Payette National Forest,45.1278,-116.7386,False,first-come,0,False,False,False,False,False,,True,,
fs26951,Justrite Campground,ID,FS,Payette National Forest,44.5408,-116.9547,False,first-come,0,False,False,False,False,False,,True,,
fs26963,Indian Point Camping Area,ID,FS,Payette National Forest,45.0133,-115.7161,False,first-come,0,False,False,False,False,False,,True,,
fs27789,Kathryn Lake Recreation Area,WI,FS,Chequamegon-Nicolet NF,45.2003,-90.6201,False,first-come,8,False,False,False,False,False,,False,,
fs27803,Wabasso Lake Recreation Area,WI,FS,Chequamegon-Nicolet NF,45.9727,-90.0003,False,first-come,0,False,False,False,False,False,,False,,
fs27839,Wanoka Lake Recreation Area,WI,FS,Chequamegon-Nicolet NF,46.5432,-91.2835,False,first-come,20,False,False,False,False,False,,False,,
fs27863,Chipmunk Rapids Recreation Area,WI,FS,Chequamegon-Nicolet NF,45.8925,-88.5568,False,first-come,6,False,False,False,False,False,,False,,
fs28448,Mizpah Campground,CO,FS,Arapaho & Roosevelt National Forests Pawnee NG,39.7762,-105.7926,False,first-come,0,False,False,False,False,False,,False,,
fs28530,Denver Creek Campground,CO,FS,Arapaho & Roosevelt National Forests Pawnee NG,40.2539,-106.0782,False,first-come,0,False,False,False,False,False,,False,,
fs28544,Horseshoe Campground,CO,FS,Arapaho & Roosevelt National Forests Pawnee NG,39.8998,-106.0957,False,first-come,0,False,False,False,False,False,,False,,
fs28596,South Fork Campgound,CO,FS,Arapaho & Roosevelt National Forests Pawnee NG,39.7962,-106.0292,True,partly,0,False,False,False,False,False,,False,,
fs28606,Sugarloaf Campground,CO,FS,Arapaho & Roosevelt National Forests Pawnee NG,39.7902,-106.0241,False,first-come,0,False,False,False,False,False,,False,,
fs28825,Blue Lake Recreation Area,MS,FS,National Forests in Mississippi,32.8214,-90.81,True,reservable,0,False,False,False,False,False,,False,,
fs28835,Airey Lake,MS,FS,National Forests in Mississippi,30.6887,-89.0607,False,first-come,0,False,False,False,False,False,,True,,
fs28918,Big Meadows Campground and Picnic Area,CO,FS,Rio Grande National Forest,37.5381,-106.7961,True,reservable,0,False,False,False,False,False,,False,,
fs28922,Cross Creek Campground,CO,FS,Rio Grande National Forest,37.5806,-106.6506,False,first-come,12,False,False,False,False,False,,False,,
fs28924,Highway Springs Campground,CO,FS,Rio Grande National Forest,37.6231,-106.6852,False,first-come,13,False,False,False,False,False,,False,,
fs28926,Lower Beaver Creek Campground,CO,FS,Rio Grande National Forest,37.6158,-106.6755,False,first-come,15,False,False,False,False,False,,False,,
fs28952,North Clear Creek Campground,CO,FS,Rio Grande National Forest,37.8343,-107.1391,False,first-come,21,False,False,False,False,False,,False,,
fs29038,Hansen Mill Dispersed Camping,CO,FS,Rio Grande National Forest,37.8131,-106.7369,False,first-come,0,False,False,False,False,False,,True,,
fs29124,Palisade Campground,CO,FS,Rio Grande National Forest,37.7511,-106.7645,False,first-come,12,False,False,False,False,False,,False,,
fs29128,Park Creek Campground,CO,FS,Rio Grande National Forest,37.5906,-106.7304,False,first-come,0,False,False,False,False,False,,False,,
fs29162,Road Canyon Campground,CO,FS,Rio Grande National Forest,37.755,-107.1927,False,first-come,0,False,False,False,False,False,,False,,
fs29194,Silver Thread Campground,CO,FS,Rio Grande National Forest,37.8292,-107.1576,False,first-come,0,False,False,False,False,False,,False,,
fs29228,Tucker Ponds Campground,CO,FS,Rio Grande National Forest,37.4945,-106.7602,False,first-come,0,False,False,False,False,False,,False,,
fs29234,Upper Beaver Creek Campground,CO,FS,Rio Grande National Forest,37.6053,-106.6762,False,first-come,0,False,False,False,False,False,,False,,
fs29300,Buffalo Pass Campground,CO,FS,Rio Grande National Forest,38.1847,-106.5169,False,first-come,19,False,False,False,False,False,,False,,
fs29362,Luders Creek Campground,CO,FS,Rio Grande National Forest,38.1791,-106.5832,False,first-come,5,False,False,False,False,False,,False,,
fs29388,North Crestone Creek Campground,CO,FS,Rio Grande National Forest,38.0254,-105.6749,False,first-come,13,False,False,False,False,False,,False,,
fs29404,Poso Campground,CO,FS,Rio Grande National Forest,37.908,-106.4274,False,first-come,8,False,False,False,False,False,,False,,
fs29440,Storm King Campground,CO,FS,Rio Grande National Forest,37.959,-106.4312,False,first-come,6,False,False,False,False,False,,False,,
fs29478,Alamosa Campground,CO,FS,Rio Grande National Forest,37.3796,-106.3437,False,first-come,5,False,False,False,False,False,,False,,
fs29510,Conejos Campground,CO,FS,Rio Grande National Forest,37.1714,-106.4425,False,first-come,0,False,False,False,False,False,,False,,
fs29558,Mix Lake Campground,CO,FS,Rio Grande National Forest,37.3578,-106.5427,False,first-come,22,False,False,False,False,False,,False,,
fs29612,Spectacle Lake Campground,CO,FS,Rio Grande National Forest,37.1684,-106.4392,False,first-come,24,False,False,False,False,False,,False,,
fs29616,Stunner Campground,CO,FS,Rio Grande National Forest,37.3777,-106.5737,False,first-come,5,False,False,False,False,False,,True,,
fs29630,Trujillo Meadows Campground,CO,FS,Rio Grande National Forest,37.0409,-106.4515,False,first-come,50,False,False,False,False,False,,False,,
fs29926,Herman Creek Campground/Horse Camp,OR,FS,Columbia River Gorge National Scenic Area,45.683,-121.8419,True,reservable,0,False,False,False,False,False,,False,,
fs30083,Brushy Lake Recreation Area,AL,FS,National Forests in Alabama,34.2963,-87.2701,False,first-come,13,False,False,False,False,False,,False,,
fs30147,Payne Lake Recreation Area,AL,FS,National Forests in Alabama,32.8872,-87.4431,False,first-come,26,False,False,False,False,False,,False,,
fs30157,Coleman Lake Recreation Area,AL,FS,National Forests in Alabama,33.7841,-85.562,False,first-come,39,False,False,False,False,False,,False,,
fs30159,Pine Glen Recreation Area,AL,FS,National Forests in Alabama,33.7252,-85.6018,False,first-come,21,False,False,False,False,False,,False,,
fs30161,Warden Station Horse Camp,AL,FS,National Forests in Alabama,33.7834,-85.5792,False,first-come,45,False,False,False,False,False,,False,,
fs30222,566 Piney Creek Horse Camp,TX,FS,National Forests and Grasslands in Texas,31.3175,-95.1861,False,first-come,0,False,False,False,False,False,,False,,
fs30226,Neches Bluff Overlook,TX,FS,National Forests and Grasslands in Texas,31.5676,-95.1636,False,first-come,0,False,False,False,False,False,,False,,
fs30258,Boles Field,TX,FS,National Forests and Grasslands in Texas,31.7726,-93.9682,True,reservable,0,False,False,False,False,False,,False,,
fs30264,Lakeview Campground,TX,FS,National Forests and Grasslands in Texas,31.3106,-93.6802,False,first-come,0,False,False,False,False,False,,False,,
fs30268,Ragtown,TX,FS,National Forests and Grasslands in Texas,31.6822,-93.8249,False,first-come,0,False,False,False,False,False,,False,,
fs30270,Willow Oak,TX,FS,National Forests and Grasslands in Texas,31.2112,-93.7334,False,first-come,0,False,False,False,False,False,,False,,
fs30272,Indian Mounds,TX,FS,National Forests and Grasslands in Texas,31.31,-93.6952,False,first-come,0,False,False,False,False,False,,False,,
fs30278,Kelly's Pond Campground,TX,FS,National Forests and Grasslands in Texas,30.5113,-95.6616,False,first-come,0,False,False,False,False,False,,True,,
fs30284,Cagle Recreation Area,TX,FS,National Forests and Grasslands in Texas,30.5221,-95.5902,True,reservable,0,False,False,False,False,False,,False,,
fs31682,Campground: Twin Falls,WA,FS,Gifford Pinchot National Forest,46.2158,-121.6683,False,first-come,5,False,False,False,False,False,,True,,
fs31732,Trailhead: Crest Camp,WA,FS,Gifford Pinchot National Forest,45.9089,-121.801,False,first-come,0,False,False,False,False,False,,False,,
fs31754,Horse Camp: Falls Creek,WA,FS,Gifford Pinchot National Forest,45.9665,-121.8447,False,first-come,0,False,False,False,False,False,,False,,
fs31840,Campground: Morrison Creek,WA,FS,Gifford Pinchot National Forest,46.1292,-121.517,False,first-come,0,False,False,False,False,False,,True,,
fs31974,Campground: Wicky Shelter,WA,FS,Gifford Pinchot National Forest,46.0921,-121.5326,False,first-come,0,False,False,False,False,False,,True,,
fs32056,Campground: Coho Group Camp,WA,FS,Gifford Pinchot National Forest,46.6775,-121.5764,True,reservable,100,False,False,False,False,False,,False,,
fs32197,Libby Creek Aspen Campground,WY,FS,Medicine Bow-Routt NFs and Thunder Basin NG,41.3189,-106.1612,False,first-come,8,False,False,False,False,False,,False,,
fs32524,Angel Creek Campground,CO,FS,"Grand Mesa, Uncompahgre and Gunnison National Fore",38.0022,-107.6941,False,first-come,0,False,False,False,False,False,,False,,
fs32582,Columbine Campground,CO,FS,"Grand Mesa, Uncompahgre and Gunnison National Fore",38.425,-108.3814,False,first-come,0,False,False,False,False,False,,False,,
fs32684,Iron Springs Campground,CO,FS,"Grand Mesa, Uncompahgre and Gunnison National Fore",38.3167,-108.1643,False,first-come,8,False,False,False,False,False,,False,,
fs32818,Thistledown Campground,CO,FS,"Grand Mesa, Uncompahgre and Gunnison National Fore",38.0022,-107.694,False,first-come,0,False,False,False,False,False,,False,,
fs32998,Raber Cow Camp Interpretive Hike,CO,FS,"Grand Mesa, Uncompahgre and Gunnison National Fore",39.0014,-108.1314,False,first-come,0,False,False,False,False,False,,False,,
fs33100,Big Blue Campground,CO,FS,"Grand Mesa, Uncompahgre and Gunnison National Fore",38.2173,-107.386,False,first-come,0,False,False,False,False,False,,False,,
fs33236,Dorchester Campground,CO,FS,"Grand Mesa, Uncompahgre and Gunnison National Fore",38.9652,-106.6654,False,first-come,0,False,False,False,False,False,,False,,
fs33284,Gold Creek Campground,CO,FS,"Grand Mesa, Uncompahgre and Gunnison National Fore",38.655,-106.5745,False,first-come,0,False,False,False,False,False,,False,,
fs33290,Granite Tent Campground,CO,FS,"Grand Mesa, Uncompahgre and Gunnison National Fore",38.7259,-106.7687,False,first-come,6,False,False,False,False,False,,False,,
fs33304,Hidden Valley Tent Campground- Gunnison RD,CO,FS,"Grand Mesa, Uncompahgre and Gunnison National Fore",38.0408,-107.1329,False,first-come,3,False,False,False,False,False,,False,,
fs33410,Mirror Lake Campground,CO,FS,"Grand Mesa, Uncompahgre and Gunnison National Fore",38.7474,-106.4322,False,first-come,10,False,False,False,False,False,,False,,
fs33430,Needle Creek Reservoir Camping Area,CO,FS,"Grand Mesa, Uncompahgre and Gunnison National Fore",38.3534,-106.5597,False,first-come,0,False,False,False,False,False,,True,,
fs33566,Spruce Campground,CO,FS,"Grand Mesa, Uncompahgre and Gunnison National Fore",38.0472,-107.117,False,first-come,0,False,False,False,False,False,,False,,
fs33778,Lost Lake Campground-Paonia RD,CO,FS,"Grand Mesa, Uncompahgre and Gunnison National Fore",38.8693,-107.2093,False,first-come,0,False,False,False,False,False,,False,,
fs33780,McClure Campground,CO,FS,"Grand Mesa, Uncompahgre and Gunnison National Fore",39.1239,-107.3126,False,first-come,0,False,False,False,False,False,,False,,
fs34056,Alta Lakes Campground (Designated),CO,FS,"Grand Mesa, Uncompahgre and Gunnison National Fore",37.8859,-107.8535,False,first-come,0,False,False,False,False,False,,True,,
fs34174,James Canyon Campground,NM,FS,Lincoln National Forest,32.9047,-105.5051,False,first-come,5,False,False,False,False,False,,True,,
fs34198,Skyline Campground,NM,FS,Lincoln National Forest,33.4199,-105.7338,False,first-come,17,False,False,False,False,False,,False,,
fs34200,South Fork Campground,NM,FS,Lincoln National Forest,33.4491,-105.7532,False,first-come,53,False,False,False,False,False,,False,,
fs34202,Three Rivers Campground,NM,FS,Lincoln National Forest,33.4011,-105.8851,False,first-come,12,False,False,False,False,False,,False,,
fs34206,Aspen Group Campground,NM,FS,Lincoln National Forest,32.942,-105.7402,True,reservable,0,False,False,False,False,False,,False,,
fs34212,Slide Group Campground,NM,FS,Lincoln National Forest,32.9376,-105.7531,True,reservable,0,False,False,False,False,False,,False,,
fs34216,Sam Tobias Memorial Group Campground,NM,FS,Lincoln National Forest,33.3616,-105.6852,True,reservable,3,False,False,False,False,False,,False,https://www.recreation.gov/camping/campgrounds/234460,
fs34602,Iris Meadow Campground,CA,FS,Inyo National Forest,37.5193,-118.7107,False,first-come,14,False,False,False,False,False,,False,,
fs34747,South Shore Campground and Day Use Area,LA,FS,Kisatchie National Forest,32.9069,-92.7484,False,first-come,0,False,False,False,False,False,,False,,
fs34749,North Shore Primitive Campground and Day Use Area,LA,FS,Kisatchie National Forest,32.9108,-92.7349,False,first-come,0,False,False,False,False,False,,False,,
fs34787,"Stuart Lake Recreation Complex, Camping/Day Use",LA,FS,Kisatchie National Forest,31.5079,-92.579,True,reservable,0,False,False,False,False,False,,False,,
fs35030,Tumbling Creek Campground,TN,FS,Cherokee National Forest,35.0174,-84.4673,False,first-come,8,False,False,False,False,False,,True,,
fs35066,Lost Creek Campground,TN,FS,Cherokee National Forest,35.16,-84.4679,False,first-come,15,False,False,False,False,False,,True,,
fs35205,Civilian Conservation Corps Campground,AZ,FS,Tonto National Forest,33.9705,-111.866,False,first-come,0,False,False,False,False,False,,False,,
fs35219,Sheep Bridge,AZ,FS,Tonto National Forest,34.078,-111.7095,False,first-come,0,False,False,False,False,False,,False,,
fs35345,Oak Flat Campground,AZ,FS,Tonto National Forest,33.3083,-111.0511,False,first-come,0,False,False,False,False,False,,False,,
fs35347,Sulphide Del Rey Campground,AZ,FS,Tonto National Forest,33.2928,-110.8687,False,first-come,0,False,False,False,False,False,,False,,
fs35349,Pinal & Upper Pinal Campgrounds,AZ,FS,Tonto National Forest,33.2845,-110.8221,False,first-come,0,False,False,False,False,False,,False,,
fs35417,Bagley Flat Campground and Boat Dock,AZ,FS,Tonto National Forest,33.5714,-111.4842,False,first-come,0,False,False,False,False,False,,False,,
fs35429,"The Point Boat Dock, Campground and Picnic Area",AZ,FS,Tonto National Forest,33.557,-111.4091,False,first-come,0,False,False,False,False,False,,False,,
fs35649,Valentine Ridge Dispersed Camping Area,AZ,FS,Tonto National Forest,34.2436,-110.7969,False,first-come,0,False,False,False,False,False,,False,,
fs35651,Haigler Canyon Campground and Day Use,AZ,FS,Tonto National Forest,34.2198,-110.9635,False,first-come,2,False,False,False,False,False,,False,,
fs35819,Beartooth Lake Campground,WY,FS,Shoshone National Forest,44.9447,-109.5885,False,first-come,21,False,False,False,False,False,,False,,
fs35861,Crazy Creek Campground,WY,FS,Shoshone National Forest,44.9423,-109.7741,False,first-come,16,False,False,False,False,False,,False,,
fs35869,Dead Indian Campground,WY,FS,Shoshone National Forest,44.7532,-109.4177,False,first-come,10,False,False,False,False,False,,False,,
fs35889,Fox Creek Campground,WY,FS,Shoshone National Forest,44.9763,-109.8329,False,first-come,0,False,False,False,False,False,,False,,
fs35915,Lake Creek Campground,WY,FS,Shoshone National Forest,44.9216,-109.707,False,first-come,0,False,False,False,False,False,,False,,
fs36003,Brown Mountain Campground,WY,FS,Shoshone National Forest,43.9351,-109.1786,False,first-come,0,False,False,False,False,False,,False,,
fs36033,Jack Creek Campground,WY,FS,Shoshone National Forest,44.1103,-109.352,False,first-come,0,False,False,False,False,False,,False,,
fs36081,Wood River Campground,WY,FS,Shoshone National Forest,43.9317,-109.1323,False,first-come,0,False,False,False,False,False,,False,,
fs36151,Deer Creek Campground,WY,FS,Shoshone National Forest,44.1585,-109.6195,False,first-come,0,False,False,False,False,False,,False,,
fs36155,Eagle Creek Campground,WY,FS,Shoshone National Forest,44.4711,-109.8895,False,first-come,20,False,False,False,False,False,,False,,
fs36163,Elk Fork Campground,WY,FS,Shoshone National Forest,44.4625,-109.6289,False,first-come,13,False,False,False,False,False,,False,,
fs36309,Dickinson Creek Campground,WY,FS,Shoshone National Forest,42.836,-109.0576,False,first-come,15,False,False,False,False,False,,False,,
fs36313,Fiddlers Lake Campground,WY,FS,Shoshone National Forest,42.6296,-108.8816,False,first-come,20,False,False,False,False,False,,False,,
fs36331,Louis Lake Campground,WY,FS,Shoshone National Forest,42.5926,-108.8437,False,first-come,0,False,False,False,False,False,,False,,
fs36353,Little Popo Agie Campground,WY,FS,Shoshone National Forest,42.6078,-108.8574,False,first-come,0,False,False,False,False,False,,False,,
fs36361,Sinks Canyon Campground,WY,FS,Shoshone National Forest,42.7365,-108.8368,False,first-come,14,False,False,False,False,False,,False,,
fs36419,Brooks Lake Campground,WY,FS,Shoshone National Forest,43.7508,-110.0043,False,first-come,13,False,False,False,False,False,,False,,
fs36447,Double Cabin Campground,WY,FS,Shoshone National Forest,43.8062,-109.5601,False,first-come,0,False,False,False,False,False,,False,,
fs36469,Falls Campground,WY,FS,Shoshone National Forest,43.7048,-109.9699,False,first-come,54,False,False,False,False,False,,False,,
fs36489,Horse Creek Campground,WY,FS,Shoshone National Forest,43.6668,-109.6352,False,first-come,0,False,False,False,False,False,,False,,
fs36609,Aspen Glen Campground,CO,FS,Arapaho & Roosevelt National Forests Pawnee NG,40.6193,-105.8184,False,first-come,0,False,False,False,False,False,,False,,
fs36619,Big Bend Campground,CO,FS,Arapaho & Roosevelt National Forests Pawnee NG,40.7104,-105.7266,False,first-come,0,False,False,False,False,False,,False,,
fs36623,Big South Campground,CO,FS,Arapaho & Roosevelt National Forests Pawnee NG,40.6333,-105.8085,False,first-come,0,False,False,False,False,False,,False,,
fs36633,Browns Park Campground,CO,FS,Arapaho & Roosevelt National Forests Pawnee NG,40.7974,-105.927,False,first-come,0,False,False,False,False,False,,False,,
fs36657,Dutch George Campground,CO,FS,Arapaho & Roosevelt National Forests Pawnee NG,40.6951,-105.4473,False,first-come,20,False,False,False,False,False,,False,,
fs36723,Tom Bennett Campground,CO,FS,Arapaho & Roosevelt National Forests Pawnee NG,40.5744,-105.5824,False,first-come,0,False,False,False,False,False,,False,,
fs36725,Tunnel Campground,CO,FS,Arapaho & Roosevelt National Forests Pawnee NG,40.6727,-105.8556,False,first-come,49,False,False,False,False,False,,False,,
fs36909,Baker Lake Rustic Campground,MN,FS,Superior National Forest,47.8452,-90.8169,False,first-come,0,False,False,False,False,False,,True,,
fs36913,Cascade River Rustic Campground,MN,FS,Superior National Forest,47.6603,-91.0627,False,first-come,0,False,False,False,False,False,,True,,
fs36915,Clara Lake Rustic Campground,MN,FS,Superior National Forest,47.7743,-90.7517,False,first-come,0,False,False,False,False,False,,True,,
fs36927,Harriet Lake Rustic Campground,MN,FS,Superior National Forest,47.6564,-91.116,False,first-come,0,False,False,False,False,False,,True,,
fs36931,Kawishiwi Lake Rustic Campground,MN,FS,Superior National Forest,47.8387,-91.1029,False,first-come,0,False,False,False,False,False,,True,,
fs36941,Poplar River Rustic Campground,MN,FS,Superior National Forest,47.7384,-90.7775,False,first-come,0,False,False,False,False,False,,True,,
fs36951,Temperance River Campground,MN,FS,Superior National Forest,47.7181,-90.8789,False,first-come,0,False,False,False,False,False,,False,,
fs36961,White Pine Lake Rustic Campground,MN,FS,Superior National Forest,47.74,-90.7527,False,first-come,0,False,False,False,False,False,,True,,
fs36965,Wilson Lake Rustic Campground & Backcountry Sites,MN,FS,Superior National Forest,47.6603,-91.0627,False,first-come,4,False,False,False,False,False,,True,,
fs36975,Devil Track Lake Campground,MN,FS,Superior National Forest,47.8301,-90.467,False,first-come,16,False,False,False,False,False,,False,,
fs36995,Kimball Lake Campground,MN,FS,Superior National Forest,47.8633,-90.2268,False,first-come,10,False,False,False,False,False,,False,,
fs37137,Lake Jeanette Campground & Backcountry Sites,MN,FS,Superior National Forest,48.1318,-92.2967,True,partly,0,False,False,False,False,False,,False,,
fs37159,Divide Lake Campground & Backcountry Sites,MN,FS,Superior National Forest,47.61,-91.2564,False,first-come,3,False,False,False,False,False,,False,,
fs37163,Eighteen Lake Rustic Campground,MN,FS,Superior National Forest,47.6438,-91.3443,False,first-come,0,False,False,False,False,False,,True,,
fs37169,Sand Lake Rustic Campground,MN,FS,Superior National Forest,47.5813,-91.6638,False,first-come,0,False,False,False,False,False,,True,,
fs37173,Section 29 Lake Rustic Campground,MN,FS,Superior National Forest,47.7413,-91.2418,False,first-come,0,False,False,False,False,False,,True,,
fs37175,Silver Island Lk Rustic Campgd & Backcountry Sites,MN,FS,Superior National Forest,47.7274,-91.1492,False,first-come,0,False,False,False,False,False,,True,,
fs37177,Whitefish Lake Rustic Campgd & Timber-Frear Area,MN,FS,Superior National Forest,47.7188,-91.045,False,first-come,0,False,False,False,False,False,,True,,
fs38596,Cottonwood Campground,OR,FS,Ochoco National Forest,44.3892,-119.8552,False,first-come,0,False,False,False,False,False,,False,,
fs38598,Cottonwood Pit Campground,OR,FS,Ochoco National Forest,44.3677,-119.8706,False,first-come,0,False,False,False,False,False,,False,,
fs38604,Deep Creek Campground,OR,FS,Ochoco National Forest,44.3274,-120.0752,False,first-come,0,False,False,False,False,False,,False,,
fs38608,Frazier Campground,OR,FS,Ochoco National Forest,44.2209,-119.577,False,first-come,0,False,False,False,False,False,,False,,
fs38620,Lava Lake Campground,OR,FS,Deschutes National Forest,44.261,-121.7867,False,first-come,0,False,False,False,False,False,,False,,
fs38630,Mud Springs Horse Camp,OR,FS,Ochoco National Forest,44.3022,-119.6629,False,first-come,6,False,False,False,False,False,,False,,
fs38652,Salters Cabin Horse Camp,OR,FS,Ochoco National Forest,44.2486,-119.8234,False,first-come,0,False,False,False,False,False,,False,,
fs38676,Allen Creek Horse Camp,OR,FS,Ochoco National Forest,44.3995,-120.1715,False,first-come,0,False,False,False,False,False,,False,,
fs38680,Barnhouse Campground,OR,FS,Ochoco National Forest,44.468,-119.9409,False,first-come,0,False,False,False,False,False,,False,,
fs38686,Biggs Springs Campground,OR,FS,Ochoco National Forest,44.2723,-120.262,False,first-come,0,False,False,False,False,False,,False,,
fs38696,Dry Creek Horse Camp,OR,FS,Ochoco National Forest,44.4209,-120.6699,False,first-come,0,False,False,False,False,False,,False,,
fs38754,Scotts Campground,OR,FS,Ochoco National Forest,44.4247,-120.1447,False,first-come,0,False,False,False,False,False,,False,,
fs38772,Whistler Campground,OR,FS,Ochoco National Forest,44.4956,-120.4858,False,first-come,0,False,False,False,False,False,,False,,
fs38774,White Rock Campground,OR,FS,Ochoco National Forest,44.4227,-120.5455,False,first-come,0,False,False,False,False,False,,False,,
fs38776,Wildcat Campground and Day Use Area,OR,FS,Ochoco National Forest,44.44,-120.58,False,first-come,0,False,False,False,False,False,,False,,
fs38780,Wildwood Campground,OR,FS,Ochoco National Forest,44.4839,-120.3366,False,first-come,0,False,False,False,False,False,,False,,
fs38784,Antelope Flat Reservoir Campground and Day Use,OR,FS,Ochoco National Forest,44.0029,-120.3943,False,first-come,0,False,False,False,False,False,,False,,
fs38786,Double Cabin Campground,OR,FS,Ochoco National Forest,44.0281,-120.3208,False,first-come,0,False,False,False,False,False,,False,,
fs38788,Elkhorn Campground,OR,FS,Ochoco National Forest,44.079,-120.3203,False,first-come,0,False,False,False,False,False,,False,,
fs38792,Wiley Flat Campground,OR,FS,Ochoco National Forest,44.0421,-120.2997,False,first-come,0,False,False,False,False,False,,False,,
fs38846,Devils Lake Campground,OR,FS,Deschutes National Forest,44.0334,-121.7667,False,first-come,0,False,False,False,False,False,,False,,
fs39002,South Twin Lake Campground,OR,FS,Deschutes National Forest,43.7148,-121.7713,True,reservable,0,False,False,False,False,False,,False,https://www.recreation.gov/camping/campgrounds/251538,
fs39020,Todd Creek Horse Camp,OR,FS,Deschutes National Forest,44.0168,-121.6963,False,first-come,0,False,False,False,False,False,,False,,
fs39022,Todd Lake Campground,OR,FS,Deschutes National Forest,44.0247,-121.6834,False,first-come,3,False,False,False,False,False,,False,,
fs39028,West Cultus Boat-In Campground,OR,FS,Deschutes National Forest,43.8389,-121.8903,True,reservable,12,False,False,False,False,False,,False,https://www.recreation.gov/camping/campgrounds/236991,
fs39048,Boundary Springs Campground,OR,FS,Deschutes National Forest,43.4001,-121.6419,False,first-come,0,False,False,False,False,False,,True,,
fs39148,Henderson Flat Staging Area,OR,FS,Ochoco National Forest,44.4318,-121.1436,False,first-come,0,False,False,False,False,False,,False,,
fs39154,Skull Hollow Campground,OR,FS,Ochoco National Forest,44.3972,-121.063,False,first-come,70,False,False,False,False,False,,False,,
fs39188,Graham Corral Horse Camp,OR,FS,Deschutes National Forest,44.3426,-121.6345,True,reservable,0,False,False,False,False,False,,False,https://www.recreation.gov/camping/campgrounds/251472,
fs39240,Sisters Cow Camp Horse Camp,OR,FS,Deschutes National Forest,44.2756,-121.6192,False,first-come,0,False,False,False,False,False,,True,,
fs39280,China Hat Campground,OR,FS,Deschutes National Forest,43.6583,-121.036,False,first-come,0,False,False,False,False,False,,True,,
fs39332,Clear Creek Campground,KY,FS,Daniel Boone National Forest,38.0462,-83.5862,False,first-come,0,False,False,False,False,False,,False,,
fs39340,White Sulphur Horse Camp,KY,FS,Daniel Boone National Forest,38.0861,-83.5753,False,first-come,0,False,False,False,False,False,,False,,
fs39574,Turkey Foot Campground,KY,FS,Daniel Boone National Forest,37.4678,-83.9174,False,first-come,0,False,False,False,False,False,,False,,
fs39602,White Oak Boat-In Campground,KY,FS,Daniel Boone National Forest,36.9892,-84.2319,False,first-come,0,False,False,False,False,False,,False,,
fs39604,Bee Rock Campground,KY,FS,Daniel Boone National Forest,37.0292,-84.3215,False,first-come,25,False,False,False,False,False,,False,,
fs39606,Little Lick Campground,KY,FS,Daniel Boone National Forest,36.9629,-84.3987,False,first-come,0,False,False,False,False,False,,False,,
fs39718,Barren Fork Horse Camp,KY,FS,Daniel Boone National Forest,36.7756,-84.468,True,partly,41,False,False,False,False,False,,False,,
fs39720,Bell Farm Horse Camp,KY,FS,Daniel Boone National Forest,36.6687,-84.6673,False,first-come,0,False,False,False,False,False,,False,,
fs39722,Great Meadows Campground,KY,FS,Daniel Boone National Forest,36.6289,-84.7259,False,first-come,0,False,False,False,False,False,,False,,
fs39914,Billy Fields Campground,OR,FS,Malheur National Forest,44.3495,-119.3024,False,first-come,2,False,False,False,False,False,,True,,
fs39956,Head O' Boulder Forest Camp,OR,FS,Malheur National Forest,44.7549,-118.6923,False,first-come,0,False,False,False,False,False,,True,,
fs39982,Oregon Mine Campground,OR,FS,Malheur National Forest,44.2755,-119.2961,False,first-come,0,False,False,False,False,False,,True,,
fs40050,Emigrant Campground,OR,FS,Malheur National Forest,43.8647,-119.4197,False,first-come,0,False,False,False,False,False,,False,,
fs40082,Yellowjacket Campground,OR,FS,Malheur National Forest,43.8764,-119.2711,False,first-come,0,False,False,False,False,False,,False,,
fs40096,Elk Creek Campground,OR,FS,Malheur National Forest,44.148,-118.239,False,first-come,0,False,False,False,False,False,,True,,
fs40132,North Fork Malheur Campground,OR,FS,Malheur National Forest,44.2079,-118.382,False,first-come,0,False,False,False,False,False,,True,,
fs40152,Slide Creek Campground,OR,FS,Malheur National Forest,44.3428,-118.6573,False,first-come,0,False,False,False,False,False,,True,,
fs40301,Hogback Lake Rustic Campground & Backcountry Sites,MN,FS,Superior National Forest,47.6446,-91.1351,False,first-come,3,False,False,False,False,False,,True,,
fs40509,Lincoln Gulch Campground,CO,FS,White River National Forest,39.1176,-106.6955,False,first-come,7,False,False,False,False,False,,False,,
fs40513,Lost Man Campground,CO,FS,White River National Forest,39.121,-106.6242,False,first-come,10,False,False,False,False,False,,False,,
fs40531,Portal Campground,CO,FS,White River National Forest,39.076,-106.6129,False,first-come,5,False,False,False,False,False,,False,,
fs40545,Weller Campground,CO,FS,White River National Forest,39.1216,-106.7201,False,first-come,11,False,False,False,False,False,,False,,
fs40581,Elk Wallow Campground,CO,FS,White River National Forest,39.3439,-106.6137,False,first-come,7,False,False,False,False,False,,False,,
fs40667,Avalanche Campground,CO,FS,White River National Forest,39.2366,-107.2034,False,first-come,0,False,False,False,False,False,,False,,
fs40701,Fulford Cave Campground,CO,FS,White River National Forest,39.4919,-106.6589,False,first-come,0,False,False,False,False,False,,False,,
fs40783,Himes Peak Campground,CO,FS,White River National Forest,40.0283,-107.2722,False,first-come,11,False,False,False,False,False,,False,,
fs40831,Trappers Lake / Bucks Campground,CO,FS,White River National Forest,39.9939,-107.2395,False,first-come,10,False,False,False,False,False,,False,,
fs40833,Trappers Lake / Cutthroat Campground,CO,FS,White River National Forest,39.9925,-107.2417,False,first-come,14,False,False,False,False,False,,False,,
fs40835,Trappers Lake / Horse Thief Campground,CO,FS,White River National Forest,39.9954,-107.239,False,first-come,5,False,False,False,False,False,,False,,
fs40839,Trappers Lake / Trapline Campground,CO,FS,White River National Forest,39.9933,-107.2405,False,first-come,13,False,False,False,False,False,,False,,
fs40877,Pine Cove Campground,CO,FS,White River National Forest,39.5876,-106.0689,False,first-come,0,False,False,False,False,False,,False,,
fs40913,Cataract Creek Campground,CO,FS,White River National Forest,39.8384,-106.3072,False,first-come,5,False,False,False,False,False,,False,,
fs40929,McDonald Flats Campground,CO,FS,White River National Forest,39.8508,-106.2378,False,first-come,0,False,False,False,False,False,,False,,
fs41241,Sweetwater Lake Campground,CO,FS,White River National Forest,39.7972,-107.1606,False,first-come,9,False,False,False,False,False,,False,,
fs41287,Columbine Landing Recreation Site,CO,FS,White River National Forest,39.7594,-106.135,False,first-come,0,False,False,False,False,False,,False,,
fs41357,Halfmoon Campground,CO,FS,White River National Forest,39.5014,-106.4317,False,first-come,0,False,False,False,False,False,,False,,
fs41363,Hornsilver Campground,CO,FS,White River National Forest,39.4891,-106.3668,False,first-come,0,False,False,False,False,False,,False,,
fs41488,North Face Loop,IN,FS,Hoosier National Forest,38.197,-86.6062,True,reservable,36,False,False,False,False,False,,False,,
fs41490,South Slope Loop,IN,FS,Hoosier National Forest,38.1931,-86.6088,True,reservable,27,False,False,False,False,False,,False,,
fs41502,Jackpine Loop,IN,FS,Hoosier National Forest,38.1356,-86.6427,True,reservable,23,False,False,False,False,False,,False,,
fs41504,Dogwood Loop,IN,FS,Hoosier National Forest,38.1335,-86.6432,True,reservable,14,False,False,False,False,False,,False,,
fs41506,Goldenrod Loop,IN,FS,Hoosier National Forest,38.1357,-86.6369,True,reservable,0,False,False,False,False,False,,False,,
fs41508,Primrose Loop,IN,FS,Hoosier National Forest,38.1339,-86.6348,True,reservable,0,False,False,False,False,False,,False,,
fs41510,Catbrier Loop,IN,FS,Hoosier National Forest,38.136,-86.6372,True,reservable,0,False,False,False,False,False,,False,,
fs41668,Fourmile Lk Rustic Campground & Backcountry Sites,MN,FS,Superior National Forest,47.702,-90.9637,False,first-come,0,False,False,False,False,False,,True,,
fs41690,Buckhorn Campground,CA,FS,Angeles National Forest,34.3467,-117.9128,False,first-come,0,False,False,False,False,False,,False,,
fs41700,Spring Camp,CA,FS,Angeles National Forest,34.2153,-117.9778,False,first-come,0,False,False,False,False,False,,False,,
fs41720,Mt. Pacifico Campground,CA,FS,Angeles National Forest,34.3826,-118.0342,False,first-come,0,False,False,False,False,False,,False,,
fs41724,Big Rock Campground,CA,FS,Angeles National Forest,34.3879,-117.7769,False,first-come,0,False,False,False,False,False,,False,,
fs41726,Blue Ridge Campground,CA,FS,Angeles National Forest,34.3597,-117.6873,False,first-come,0,False,False,False,False,False,,False,,
fs41728,Cabin Flat Campground (Hike-in Campground),CA,FS,Angeles National Forest,34.3439,-117.6996,False,first-come,0,False,False,False,False,False,,False,,
fs41730,Guffy Campground,CA,FS,Angeles National Forest,34.3411,-117.6552,False,first-come,0,False,False,False,False,False,,False,,
fs41732,Lupine Campground,CA,FS,Angeles National Forest,34.3296,-117.6681,False,first-come,0,False,False,False,False,False,,False,,
fs41744,Los Alamos Campground,CA,FS,Angeles National Forest,34.7019,-118.8102,True,reservable,93,False,False,False,False,False,,False,,
fs41746,Oak Flat Campground,CA,FS,Angeles National Forest,34.6005,-118.7221,False,first-come,20,False,False,False,False,False,,False,,
fs41758,Bear Campground,CA,FS,Angeles National Forest,34.7127,-118.6324,False,first-come,0,False,False,False,False,False,,False,,
fs41766,Messenger Flats Campground,CA,FS,Angeles National Forest,34.3799,-118.1898,False,first-come,10,False,False,False,False,False,,False,,
fs41774,Glenn Camp (Hike or bike in 7 miles),CA,FS,Angeles National Forest,34.2408,-117.9517,False,first-come,10,False,False,False,False,False,,False,,
fs41776,Manker Flat Campground,CA,FS,Angeles National Forest,34.265,-117.6308,False,first-come,21,False,False,False,False,False,,False,,
fs41786,Jackson Flat Group Campground,CA,FS,Angeles National Forest,34.3816,-117.7374,True,reservable,0,False,False,False,False,False,,False,,
fs4222,Marion Forks Campground and Day Use Area,OR,FS,Willamette National Forest,44.6115,-121.9475,False,first-come,0,False,False,False,False,False,,False,,
fs42317,Marys Peak Campground,OR,FS,Siuslaw National Forest,44.5093,-123.5615,False,first-come,0,False,False,False,False,False,,False,,
fs42715,South Lake Dispersed Area,OR,FS,Siuslaw National Forest,45.2013,-123.7232,False,first-come,0,False,False,False,False,False,,False,,
fs4311,Trout Creek Campground,OR,FS,Willamette National Forest,44.3985,-122.3489,True,partly,24,False,False,False,False,False,,True,,
fs43427,Bayou Bluff Point of Interest,AR,FS,Ozark-St. Francis National Forests,35.5237,-92.944,False,first-come,0,False,False,False,False,False,,False,,
fs43433,Brock Creek Lake Recreation Area,AR,FS,Ozark-St. Francis National Forests,35.5103,-92.8178,False,first-come,0,False,False,False,False,False,,False,,
fs43445,Haw Creek Falls Point of Interest,AR,FS,Ozark-St. Francis National Forests,35.677,-93.255,False,first-come,0,False,False,False,False,False,,True,,
fs4371,Lakes End Campground,OR,FS,Willamette National Forest,44.332,-122.0473,False,first-come,0,False,False,False,False,False,,True,,
fs4396,Box Canyon Horse Camp,OR,FS,Willamette National Forest,43.9049,-122.0837,False,first-come,0,False,False,False,False,False,,True,,
fs44074,Canjilon Lakes Campground,NM,FS,Carson National Forest,36.556,-106.332,False,first-come,0,False,False,False,False,False,,False,,
fs44667,Granville Campground,AZ,FS,Apache-Sitgreaves National Forest,33.1846,-109.3819,False,first-come,0,False,False,False,False,False,,True,,
fs44671,Lower Juan Miller Campground,AZ,FS,Apache-Sitgreaves National Forest,33.2677,-109.3404,False,first-come,0,False,False,False,False,False,,True,,
fs44677,Coal Creek Campground,AZ,FS,Apache-Sitgreaves National Forest,33.1032,-109.0614,False,first-come,0,False,False,False,False,False,,True,,
fs44681,Bear Canyon Lake and Camping Area,AZ,FS,Apache-Sitgreaves National Forest,34.4054,-111.0045,False,first-come,0,False,False,False,False,False,,True,,
fs44683,Chevelon Canyon Lake Campground,AZ,FS,Apache-Sitgreaves National Forest,34.5094,-110.8409,False,first-come,0,False,False,False,False,False,,True,,
fs44685,Chevelon Crossing Campground,AZ,FS,Apache-Sitgreaves National Forest,34.5911,-110.7878,False,first-come,0,False,False,False,False,False,,True,,
fs44695,Gentry Campground,AZ,FS,Apache-Sitgreaves National Forest,34.3015,-110.7122,True,partly,5,False,False,False,False,False,,False,,
fs44703,Gabaldon Horse Camp,AZ,FS,Apache-Sitgreaves National Forest,33.9289,-109.4864,False,first-come,0,False,False,False,False,False,,True,,
fs44711,Los Burros Campground,AZ,FS,Apache-Sitgreaves National Forest,34.1457,-109.7777,False,first-come,0,False,False,False,False,False,,True,,
fs44715,Alpine Divide Campground,AZ,FS,Apache-Sitgreaves National Forest,33.8943,-109.1544,False,first-come,0,False,False,False,False,False,,False,,
fs44717,Blue Crossing Campground,AZ,FS,Apache-Sitgreaves National Forest,33.6294,-109.097,False,first-come,4,False,False,False,False,False,,True,,
fs44721,Diamond Rock Campground,AZ,FS,Apache-Sitgreaves National Forest,33.8178,-109.3001,False,first-come,3,False,False,False,False,False,,False,,
fs44723,Hannagan Campground,AZ,FS,Apache-Sitgreaves National Forest,33.6359,-109.3279,False,first-come,0,False,False,False,False,False,,True,,
fs44725,KP Cienega Campground,AZ,FS,Apache-Sitgreaves National Forest,33.5845,-109.3601,False,first-come,0,False,False,False,False,False,,True,,
fs44727,Upper Blue Campground,AZ,FS,Apache-Sitgreaves National Forest,33.6926,-109.0712,False,first-come,3,False,False,False,False,False,,True,,
fs44729,Horse Springs Campground,AZ,FS,Apache-Sitgreaves National Forest,33.789,-109.3451,False,first-come,0,False,False,False,False,False,,False,,
fs44733,Deer Creek Campground,AZ,FS,Apache-Sitgreaves National Forest,33.806,-109.3197,False,first-come,6,False,False,False,False,False,,False,,
fs44737,Raccoon Campground,AZ,FS,Apache-Sitgreaves National Forest,33.7987,-109.3291,False,first-come,0,False,False,False,False,False,,False,,
fs44747,Horse Springs Group Ramada/Campground,AZ,FS,Apache-Sitgreaves National Forest,33.7891,-109.345,False,first-come,0,False,False,False,False,False,,False,,
fs4525,Harralson Horse Camp,OR,FS,Willamette National Forest,43.7637,-121.992,False,first-come,0,False,False,False,False,False,,False,,
fs45458,Lower Chiquito Campground,CA,FS,Sierra National Forest,37.4131,-119.3845,False,first-come,7,False,False,False,False,False,,False,,
fs45468,Wishon Point Campground,CA,FS,Sierra National Forest,37.2969,-119.535,True,reservable,0,False,False,False,False,False,,False,,
fs45478,Gravel Flat Camping Area,CA,FS,Sierra National Forest,36.8647,-119.1134,False,first-come,0,False,False,False,False,False,,True,,
fs45480,Bear Wallow Camping Area,CA,FS,Sierra National Forest,36.8589,-119.0904,False,first-come,0,False,False,False,False,False,,True,,
fs45492,Voyager Rock Camping Area,CA,FS,Sierra National Forest,37.1095,-118.9651,False,first-come,0,False,False,False,False,False,,True,,
fs45496,Buck Meadow Campground,CA,FS,Sierra National Forest,37.0113,-119.0627,False,first-come,0,False,False,False,False,False,,False,,
fs45498,Sawmill Flat Campground,CA,FS,Sierra National Forest,36.9698,-119.0166,False,first-come,0,False,False,False,False,False,,True,,
fs45502,Bretz Mill Campground,CA,FS,Sierra National Forest,37.0378,-119.2412,False,first-come,0,False,False,False,False,False,,True,,
fs45508,Swanson Campground,CA,FS,Sierra National Forest,37.0941,-119.2782,False,first-come,0,False,False,False,False,False,,False,,
fs45510,"Billy Creek, Upper Campground",CA,FS,Sierra National Forest,37.2391,-119.2271,True,reservable,44,False,False,False,False,False,,False,,
fs45512,"Billy Creek, Lower Campground",CA,FS,Sierra National Forest,37.2377,-119.2274,True,reservable,15,False,False,False,False,False,,False,,
fs45514,Sample Meadow Campground,CA,FS,Sierra National Forest,37.3345,-119.1555,False,first-come,16,False,False,False,False,False,,True,,
fs45518,Portal Forebay Campground,CA,FS,Sierra National Forest,37.3202,-119.0671,False,first-come,0,False,False,False,False,False,,False,,
fs45520,Bolsillo Campground,CA,FS,Sierra National Forest,37.3151,-119.0412,False,first-come,3,False,False,False,False,False,,True,,
fs45522,Ward Lake Campground,CA,FS,Sierra National Forest,37.3016,-118.9861,False,first-come,0,False,False,False,False,False,,False,,
fs45526,Whiskers Campground,CA,FS,Sierra National Forest,37.3338,-119.4915,False,first-come,8,False,False,False,False,False,,False,,
fs45528,Soda Springs Campground,CA,FS,Sierra National Forest,37.3811,-119.3888,False,first-come,18,False,False,False,False,False,,False,,
fs45534,Gaggs Camp,CA,FS,Sierra National Forest,37.3612,-119.468,False,first-come,11,False,False,False,False,False,,False,,
fs45540,Granite Creek Campground,CA,FS,Sierra National Forest,37.5382,-119.2646,False,first-come,20,False,False,False,False,False,,True,,
fs45544,Little Jackass Campground,CA,FS,Sierra National Forest,37.3998,-119.3362,False,first-come,5,False,False,False,False,False,,True,,
fs45548,Jerseydale Campground,CA,FS,Sierra National Forest,37.5456,-119.8387,False,first-come,10,False,False,False,False,False,,True,,
fs45550,Greys Mountain Campground,CA,FS,Sierra National Forest,37.3989,-119.5647,False,first-come,26,False,False,False,False,False,,False,,
fs45552,Nelder Grove Campground,CA,FS,Sierra National Forest,37.4312,-119.5821,False,first-come,7,False,False,False,False,False,,False,,
fs45554,Big Sandy Campground,CA,FS,Sierra National Forest,37.4678,-119.5816,False,first-come,18,False,False,False,False,False,,False,,
fs45556,Fresno Dome Campground,CA,FS,Sierra National Forest,37.4555,-119.5483,False,first-come,15,False,False,False,False,False,,False,,
fs45558,Midge Creek Group Campground,CA,FS,Sierra National Forest,37.259,-119.1407,False,first-come,2,False,False,False,False,False,,False,,
fs45564,Texas Flat Group Campground,CA,FS,Sierra National Forest,37.4255,-119.5418,True,reservable,4,False,False,False,False,False,,False,,
fs45572,Bowler Group Campground,CA,FS,Sierra National Forest,37.5086,-119.3272,False,first-come,12,False,False,False,False,False,,False,,
fs47067,Cassidy Bridge Hunt Camp,SC,FS,Francis Marion and Sumter National Forests,34.7857,-83.2096,True,reservable,0,False,False,False,False,False,,True,,
fs47183,Lick Fork Lake Recreation Area,SC,FS,Francis Marion and Sumter National Forests,33.7275,-82.0406,False,first-come,0,False,False,False,False,False,,False,,
fs47185,Morrow Bridge and Midway Seasonal Camps,SC,FS,Francis Marion and Sumter National Forests,33.9896,-82.4203,False,first-come,0,False,False,False,False,False,,False,,
fs47297,Elmwood Recreation Area,SC,FS,Francis Marion and Sumter National Forests,33.199,-79.4701,False,first-come,0,False,False,False,False,False,,True,,
fs47299,Honey Hill Recreation Area,SC,FS,Francis Marion and Sumter National Forests,33.1745,-79.5627,False,first-come,0,False,False,False,False,False,,True,,
fs47550,Atáxam Mámta’ash Campground,CA,FS,Cleveland National Forest,33.3489,-116.6594,False,first-come,17,False,False,False,False,False,,False,,
fs47588,Blue Jay Campground,CA,FS,Cleveland National Forest,33.6528,-117.4497,False,first-come,51,False,False,False,False,False,,False,,
fs47707,Klahanie Campground,WA,FS,Olympic National Forest,47.9657,-124.3057,False,first-come,0,False,False,False,False,False,,False,,
fs47739,Campbell Tree Grove Campground,WA,FS,Olympic National Forest,47.4822,-123.6859,False,first-come,0,False,False,False,False,False,,True,,
fs47789,Big Creek Campground,WA,FS,Olympic National Forest,47.4924,-123.2102,False,first-come,64,False,False,False,False,False,,False,,
fs47861,Lena Creek Campground,WA,FS,Olympic National Forest,47.5994,-123.1523,False,first-come,0,False,False,False,False,False,,False,,
fs47863,Lena Lake Campground,WA,FS,Olympic National Forest,47.6235,-123.1572,False,first-come,28,False,False,False,False,False,,True,,
fs47917,Seal Rock Campground,WA,FS,Olympic National Forest,47.7079,-122.8934,False,first-come,0,False,False,False,False,False,,False,,
fs48128,Cove Creek Group Campground,NC,FS,National Forests in North Carolina,35.2888,-82.8177,True,reservable,0,False,False,False,False,False,,False,https://www.recreation.gov/camping/campgrounds/233108,
fs48642,Appletree Group Campground,NC,FS,National Forests in North Carolina,35.2269,-83.6581,True,reservable,0,False,False,False,False,False,,False,,
fs48674,Kimsey Creek Group Campground,NC,FS,National Forests in North Carolina,35.0708,-83.5325,True,reservable,0,False,False,False,False,False,,False,,
fs48676,Wine Spring Horse Camp,NC,FS,National Forests in North Carolina,35.1772,-83.614,True,reservable,0,False,False,False,False,False,,False,,
fs48922,Tsali Recreation Area,NC,FS,National Forests in North Carolina,35.3946,-83.5921,False,first-come,42,False,False,False,False,False,,False,,
fs48924,Horse Cove Campground,NC,FS,National Forests in North Carolina,35.365,-83.92,False,first-come,8,False,False,False,False,False,,False,,
fs48944,West Morris Mtn. Campground,NC,FS,National Forests in North Carolina,35.4282,-79.9939,False,first-come,14,False,False,False,False,False,,False,,
fs48946,Uwharrie Hunt Camp,NC,FS,National Forests in North Carolina,35.4314,-80.0233,False,first-come,8,False,False,False,False,False,,False,,
fs48952,Badin Horse Camp or Old Horse Camp,NC,FS,National Forests in North Carolina,35.4426,-80.0407,False,first-come,0,False,False,False,False,False,,True,,
fs5032,Shady Pines Campground,ID,FS,Boise National Forest,44.3364,-116.1888,True,partly,0,False,False,False,False,False,,False,https://www.recreation.gov/camping/campgrounds/232016,
fs5033,Big Eddy Campground,ID,FS,Boise National Forest,44.2205,-116.1068,False,first-come,0,False,False,False,False,False,,False,,
fs5034,Canyon Creek Campground,ID,FS,Boise National Forest,44.1879,-116.1149,False,first-come,0,False,False,False,False,False,,False,,
fs5035,Cartwright Ridge Campground,ID,FS,Boise National Forest,44.334,-116.1916,False,first-come,0,False,False,False,False,False,,False,,
fs5040,Hardscrabble Campground,ID,FS,Boise National Forest,44.2389,-115.8999,False,first-come,0,False,False,False,False,False,,False,,
fs5041,Hollywood Campground,ID,FS,Boise National Forest,44.3269,-116.1784,False,first-come,0,False,False,False,False,False,,False,,
fs5048,Tie Creek Campground,ID,FS,Boise National Forest,44.2083,-115.9258,False,first-come,0,False,False,False,False,False,,False,,
fs5082,Badger Creek Campground,ID,FS,Boise National Forest,43.6622,-115.7117,False,first-come,5,False,False,False,False,False,,False,,
fs5083,Cottonwood Campground,ID,FS,Boise National Forest,43.6354,-115.8266,False,first-come,3,False,False,False,False,False,,False,,
fs5084,Troutdale Campground,ID,FS,Boise National Forest,43.7162,-115.6252,False,first-come,0,False,False,False,False,False,,False,,
fs5085,Willow Creek Campground (Mountain Home),ID,FS,Boise National Forest,43.6445,-115.7535,False,first-come,9,False,False,False,False,False,,False,,
fs5089,Big Trinity Lake Campground,ID,FS,Boise National Forest,43.6259,-115.4328,False,first-come,17,False,False,False,False,False,,False,,
fs5090,Castle Creek Campground,ID,FS,Boise National Forest,43.4111,-115.3949,False,first-come,2,False,False,False,False,False,,False,,
fs5091,Curlew Creek Campground,ID,FS,Boise National Forest,43.4362,-115.2884,False,first-come,0,False,False,False,False,False,,False,,
fs5095,Evans Creek Campground,ID,FS,Boise National Forest,43.3991,-115.4138,False,first-come,0,False,False,False,False,False,,False,,
fs5096,Ice Springs Campground,ID,FS,Boise National Forest,43.4832,-115.3969,False,first-come,3,False,False,False,False,False,,False,,
fs5098,Little Roaring River Lake Campground,ID,FS,Boise National Forest,43.6265,-115.4431,False,first-come,4,False,False,False,False,False,,False,,
fs5101,Tailwaters Campground,ID,FS,Boise National Forest,43.3531,-115.4662,False,first-come,3,False,False,False,False,False,,False,,
fs5141,South Fork Salmon River Campground,ID,FS,Boise National Forest,44.6555,-115.7015,False,first-come,11,False,False,False,False,False,,False,,
fs5142,Summit Lake Campground,ID,FS,Boise National Forest,44.645,-115.5856,False,first-come,3,False,False,False,False,False,,False,,
fs5144,Trout Creek Campground,ID,FS,Boise National Forest,44.7468,-115.5548,False,first-come,5,False,False,False,False,False,,False,,
fs5145,Buck Mountain Campground,ID,FS,Boise National Forest,44.6819,-115.5407,False,first-come,4,False,False,False,False,False,,False,,
fs5171,Bald Mountain Campground,ID,FS,Boise National Forest,43.749,-115.7379,False,first-come,4,False,False,False,False,False,,False,,
fs5176,Whoop Um Up Campground (Equestrian),ID,FS,Boise National Forest,43.9287,-115.6293,False,first-come,0,False,False,False,False,False,,False,,
fs5177,Willow Creek Campground (Idaho City),ID,FS,Boise National Forest,43.959,-115.5314,False,first-come,0,False,False,False,False,False,,False,,
fs5178,Power Plant Campground,ID,FS,Boise National Forest,43.8141,-115.1049,False,first-come,0,False,False,False,False,False,,False,,
fs5179,Queens River Campground,ID,FS,Boise National Forest,43.8211,-115.2093,False,first-come,0,False,False,False,False,False,,False,,
fs5180,Riverside Campground (Idaho City),ID,FS,Boise National Forest,43.8094,-115.1296,False,first-come,0,False,False,False,False,False,,False,,
fs51823,Buckhorn Campground,OR,FS,Wallowa Whitman National Forest,45.7549,-116.8363,False,first-come,0,False,False,False,False,False,,True,,
fs5208,Bear Valley Campground,ID,FS,Boise National Forest,44.4111,-115.3701,False,first-come,0,False,False,False,False,False,,False,,
fs5209,Deer Flat Campground,ID,FS,Boise National Forest,44.4091,-115.5539,False,first-come,0,False,False,False,False,False,,True,,
fs52131,Umapine Campground,OR,FS,Wallowa Whitman National Forest,45.1143,-118.5627,False,first-come,5,False,False,False,False,False,,False,,
fs52423,Grande Ronde Lake Campground,OR,FS,Wallowa Whitman National Forest,44.9757,-118.2432,False,first-come,0,False,False,False,False,False,,False,,
fs52503,McCully Forks Campground,OR,FS,Wallowa Whitman National Forest,44.7664,-118.2469,False,first-come,0,False,False,False,False,False,,False,,
fs52505,Millers Lane Campground,OR,FS,Wallowa Whitman National Forest,44.6733,-118.068,False,first-come,0,False,False,False,False,False,,False,,
fs52679,Southwest Shore Campground,OR,FS,Wallowa Whitman National Forest,44.6759,-118.0809,False,first-come,0,False,False,False,False,False,,False,,
fs52747,Union Creek Campground,OR,FS,Wallowa Whitman National Forest,44.6917,-118.0297,True,reservable,60,False,False,False,False,False,,False,,
fs52784,Badger Lake Campground,OR,FS,Mt. Hood National Forest,45.305,-121.5554,False,first-come,0,False,False,False,False,False,,False,,
fs52790,Bonney Crossing Campground,OR,FS,Mt. Hood National Forest,45.257,-121.392,False,first-come,0,False,False,False,False,False,,False,,
fs52792,Bonney Meadows Campground,OR,FS,Mt. Hood National Forest,45.2655,-121.5829,False,first-come,0,False,False,False,False,False,,False,,
fs52806,Eightmile Campground/Day Use,OR,FS,Mt. Hood National Forest,45.4062,-121.4579,False,first-come,0,False,False,False,False,False,,False,,
fs52812,Fifteenmile Campground,OR,FS,Mt. Hood National Forest,45.3505,-121.4729,False,first-come,0,False,False,False,False,False,,False,,
fs52818,Forest Creek Campground,OR,FS,Mt. Hood National Forest,45.1798,-121.5246,False,first-come,0,False,False,False,False,False,,False,,
fs52824,Keeps Mill Campground,OR,FS,Mt. Hood National Forest,45.154,-121.5204,False,first-come,0,False,False,False,False,False,,False,,
fs52826,Knebal Springs Campground/Day Use,OR,FS,Mt. Hood National Forest,45.4358,-121.4802,False,first-come,0,False,False,False,False,False,,False,,
fs52834,McCubbins Gulch Campground & Day Use,OR,FS,Mt. Hood National Forest,45.1167,-121.4938,False,first-come,0,False,False,False,False,False,,False,,
fs52838,Pebble Ford Campground/Day Use,OR,FS,Mt. Hood National Forest,45.4002,-121.4636,False,first-come,0,False,False,False,False,False,,False,,
fs52844,White River Station Campground,OR,FS,Mt. Hood National Forest,45.1998,-121.6011,False,first-come,0,False,False,False,False,False,,False,,
fs52858,Carter Bridge Campground,OR,FS,Mt. Hood National Forest,45.1682,-122.1573,False,first-come,0,False,False,False,False,False,,False,,
fs52888,Breitenbush Lake Campground,OR,FS,Mt. Hood National Forest,44.7678,-121.7825,False,first-come,0,False,False,False,False,False,,False,,
fs52898,Camp Ten Campground,OR,FS,Mt. Hood National Forest,44.8031,-121.7896,False,first-come,0,False,False,False,False,False,,False,,
fs52938,Hideaway Lake Campground,OR,FS,Mt. Hood National Forest,45.1234,-121.9673,False,first-come,0,False,False,False,False,False,,False,,
fs52944,Horseshoe Lake Campground,OR,FS,Mt. Hood National Forest,44.7798,-121.7854,False,first-come,0,False,False,False,False,False,,False,,
fs52966,Lower Lake Campground,OR,FS,Mt. Hood National Forest,44.8231,-121.7964,False,first-come,0,False,False,False,False,False,,False,,
fs52990,Paul Dennis Campground,OR,FS,Mt. Hood National Forest,44.8122,-121.7871,False,first-come,0,False,False,False,False,False,,False,,
fs52994,Peninsula Campground,OR,FS,Mt. Hood National Forest,44.8004,-121.7856,True,partly,0,False,False,False,False,False,,False,,
fs53012,Riverford Campground,OR,FS,Mt. Hood National Forest,45.0327,-122.0582,False,first-come,0,False,False,False,False,False,,False,,
fs53034,Shellrock Creek Campground,OR,FS,Mt. Hood National Forest,45.0843,-121.9213,False,first-come,0,False,False,False,False,False,,False,,
fs53046,Triangle Lake (Olallie) Horse Camp,OR,FS,Mt. Hood National Forest,44.851,-121.7755,False,first-come,0,False,False,False,False,False,,False,,
fs53150,Black Lake Campground & Day Use Area,OR,FS,Mt. Hood National Forest,45.6149,-121.759,False,first-come,0,False,False,False,False,False,,False,,
fs53164,Cloud Cap Saddle Campground/Day Use,OR,FS,Mt. Hood National Forest,45.4025,-121.6551,False,first-come,0,False,False,False,False,False,,False,,
fs53310,Tilly Jane Campground/Day Use,OR,FS,Mt. Hood National Forest,45.4,-121.6477,False,first-come,0,False,False,False,False,False,,False,,
fs53338,Alpine Campground,OR,FS,Mt. Hood National Forest,45.3203,-121.7055,False,first-come,0,False,False,False,False,False,,False,,
fs53386,Green Canyon Campground & Day Use Area,OR,FS,Mt. Hood National Forest,45.2826,-121.942,False,first-come,15,False,False,False,False,False,,False,,
fs53424,McNeil Campground,OR,FS,Mt. Hood National Forest,45.3835,-121.8678,False,first-come,34,False,False,False,False,False,,False,,
fs53426,Timothy Lake - Meditation Point Campground,OR,FS,Mt. Hood National Forest,45.1272,-121.7931,False,first-come,7,False,False,False,False,False,,False,,
fs53498,Summit Lake Campground,OR,FS,Mt. Hood National Forest,45.0327,-121.7907,False,first-come,0,False,False,False,False,False,,False,,
fs53562,McCubbins Overflow Campground,OR,FS,Mt. Hood National Forest,45.119,-121.4986,False,first-come,0,False,False,False,False,False,,False,,
fs53723,Beaver Creek Campground,ID,FS,Caribou-Targhee National Forest,42.0203,-111.5286,False,first-come,0,False,False,False,False,False,,True,,
fs53975,Dry Canyon Campground,ID,FS,Caribou-Targhee National Forest,42.0578,-112.1428,False,first-come,0,False,False,False,False,False,,False,,
fs54441,Palisades Creek Campground,ID,FS,Caribou-Targhee National Forest,43.3973,-111.2134,False,first-come,8,False,False,False,False,False,,False,,
fs54485,Pine Bar Campground,ID,FS,Caribou-Targhee National Forest,42.9724,-111.2096,False,first-come,0,False,False,False,False,False,,False,,
fs54561,Riverside Park Campground,ID,FS,Caribou-Targhee National Forest,43.3407,-111.2049,False,first-come,0,False,False,False,False,False,,False,,
fs54896,Blue Ridge Campground,AZ,FS,Coconino National Forest Recreation,34.592,-111.2008,False,first-come,0,False,False,False,False,False,,False,,
fs54902,Clints Well Campground,AZ,FS,Coconino National Forest Recreation,34.5553,-111.3156,False,first-come,0,False,False,False,False,False,,True,,
fs54916,Kehl Springs Campground,AZ,FS,Coconino National Forest Recreation,34.4357,-111.3171,False,first-come,0,False,False,False,False,False,,True,,
fs55566,Snag Lake Campground,CA,FS,Tahoe National Forest,39.6705,-120.6268,False,first-come,0,False,False,False,False,False,,False,,
fs55576,Poppy Campground,CA,FS,Tahoe National Forest,39.12,-120.4366,False,first-come,0,False,False,False,False,False,,False,,
fs55578,Robinson Flat Campground,CA,FS,Tahoe National Forest,39.1566,-120.502,False,first-come,7,False,False,False,False,False,,True,,
fs55582,Jackson Creek Campground,CA,FS,Tahoe National Forest,39.4574,-120.6008,False,first-come,14,False,False,False,False,False,,False,,
fs55584,Bowman Campground,CA,FS,Tahoe National Forest,39.4593,-120.6124,False,first-come,7,False,False,False,False,False,,True,,
fs55588,Grouse Ridge Campground,CA,FS,Tahoe National Forest,39.3897,-120.6096,False,first-come,9,False,False,False,False,False,,False,,
fs55592,Canyon Creek Campground,CA,FS,Tahoe National Forest,39.4369,-120.5796,False,first-come,20,False,False,False,False,False,,False,,
fs55594,Carr Lake Campground,CA,FS,Tahoe National Forest,39.4019,-120.6421,False,first-come,0,False,False,False,False,False,,False,,
fs55598,Bear Valley Campground,CA,FS,Tahoe National Forest,39.5574,-120.2357,False,first-come,10,False,False,False,False,False,,False,,
fs55606,Lindsey Lake Campground,CA,FS,Tahoe National Forest,39.4125,-120.6444,False,first-come,12,False,False,False,False,False,,False,,
fs55610,Forbes Group Campground,CA,FS,Tahoe National Forest,39.1308,-120.7836,True,reservable,0,False,False,False,False,False,,False,https://www.recreation.gov/camping/campgrounds/232045,
fs55618,Faucherie Group Campground,CA,FS,Tahoe National Forest,39.4279,-120.5694,True,reservable,0,False,False,False,False,False,,False,,
fs55634,Meadow Knolls Group Camp,CA,FS,Tahoe National Forest,39.42,-120.4826,False,first-come,0,False,False,False,False,False,,False,,
fs55816,Parker Flat Staging Area,CA,FS,Tahoe National Forest,39.1289,-120.7635,False,first-come,0,False,False,False,False,False,,False,,
fs5589,Colter Campground,MT,FS,Custer Gallatin National Forest,45.0281,-109.8944,False,first-come,0,False,False,False,False,False,,False,,
fs5621,Snowbank Campground,MT,FS,Custer Gallatin National Forest,45.2892,-110.5487,True,reservable,0,False,False,False,False,False,,False,,
fs56417,Coalmine Hill Campground,OR,FS,Umatilla National Forest,45.1663,-119.3338,False,first-come,0,False,False,False,False,False,,True,,
fs56427,Fairview Campground,OR,FS,Umatilla National Forest,44.9558,-119.7112,False,first-come,0,False,False,False,False,False,,True,,
fs56443,Penland Lake Campground,OR,FS,Umatilla National Forest,45.1172,-119.3188,False,first-come,0,False,False,False,False,False,,True,,
fs56467,Bear Wallow Creek Campground,OR,FS,Umatilla National Forest,45.1848,-118.7521,False,first-come,0,False,False,False,False,False,,False,,
fs56475,Big Creek Meadows Campground,OR,FS,Umatilla National Forest,45.009,-118.6189,False,first-come,3,False,False,False,False,False,,True,,
fs56515,Divide Well Campground,OR,FS,Umatilla National Forest,45.1026,-119.1425,False,first-come,0,False,False,False,False,False,,True,,
fs56517,Drift Fence Campground,OR,FS,Umatilla National Forest,45.0716,-118.8764,False,first-come,0,False,False,False,False,False,,True,,
fs56519,Driftwood Campground,OR,FS,Umatilla National Forest,45.0182,-118.8591,False,first-come,0,False,False,False,False,False,,False,,
fs56535,Frazier Campground & Trailhead,OR,FS,Umatilla National Forest,45.1596,-118.6396,False,first-come,20,False,False,False,False,False,,False,,
fs56551,Gold Dredge Campground,OR,FS,Umatilla National Forest,45.0019,-118.818,False,first-come,0,False,False,False,False,False,,False,,
fs56567,Lane Creek Campground,OR,FS,Umatilla National Forest,45.1899,-118.7663,False,first-come,0,False,False,False,False,False,,False,,
fs56609,Oriental Campground,OR,FS,Umatilla National Forest,44.9737,-118.7285,False,first-come,8,False,False,False,False,False,,False,,
fs5662,Dinner Station Campground and Picnic Area,MT,FS,Beaverhead-Deerlodge National Forest,45.4296,-112.9026,False,first-come,0,False,False,False,False,False,,False,,
fs5663,East Creek Campground,MT,FS,Beaverhead-Deerlodge National Forest,44.5631,-112.6606,False,first-come,0,False,False,False,False,False,,False,,
fs56655,Tollbridge Campground,OR,FS,Umatilla National Forest,44.997,-118.9351,False,first-come,0,False,False,False,False,False,,False,,
fs5666,Reservoir Lake Campground and Picnic Area,MT,FS,Beaverhead-Deerlodge National Forest,45.1221,-113.4534,False,first-come,0,False,False,False,False,False,,False,,
fs56665,Welch Creek Campground & Trailhead,OR,FS,Umatilla National Forest,44.877,-118.7788,False,first-come,0,False,False,False,False,False,,False,,
fs56671,Winom Campground & Trailhead,OR,FS,Umatilla National Forest,45.012,-118.6385,False,first-come,10,False,False,False,False,False,,True,,
fs56675,Alder Thicket Campground,WA,FS,Umatilla National Forest,46.2587,-117.5674,False,first-come,0,False,False,False,False,False,,True,,
fs56685,Big Springs Campground,WA,FS,Umatilla National Forest,46.2315,-117.5435,False,first-come,0,False,False,False,False,False,,True,,
fs5673,Boulder Creek Campground,MT,FS,Beaverhead-Deerlodge National Forest,45.6488,-113.0637,False,first-come,13,False,False,False,False,False,,False,,
fs56739,Forest Boundary Campground,WA,FS,Umatilla National Forest,46.2926,-117.558,False,first-come,0,False,False,False,False,False,,True,,
fs5674,Canyon Creek Campground,MT,FS,Beaverhead-Deerlodge National Forest,45.6236,-112.9422,False,first-come,3,False,False,False,False,False,,True,,
fs56741,Godman Campground/Trailhead,WA,FS,Umatilla National Forest,46.0997,-117.7863,False,first-come,8,False,False,False,False,False,,True,,
fs5675,Fourth of July Campground,MT,FS,Beaverhead-Deerlodge National Forest,45.6613,-113.0603,False,first-come,6,False,False,False,False,False,,False,,
fs5676,Little Joe Campground,MT,FS,Beaverhead-Deerlodge National Forest,45.5579,-113.0927,False,first-come,0,False,False,False,False,False,,False,,
fs5677,Lodgepole Campground,MT,FS,Beaverhead-Deerlodge National Forest,45.6433,-113.0775,False,first-come,10,False,False,False,False,False,,False,,
fs56781,Ladybug Campground,WA,FS,Umatilla National Forest,46.1967,-117.6698,False,first-come,0,False,False,False,False,False,,False,,
fs5679,Mono Creek Campground,MT,FS,Beaverhead-Deerlodge National Forest,45.5344,-113.0788,False,first-come,0,False,False,False,False,False,,False,,
fs56791,Midway Campground,WA,FS,Umatilla National Forest,46.1669,-117.7635,False,first-come,0,False,False,False,False,False,,False,,
fs5680,Pettengill Campground,MT,FS,Beaverhead-Deerlodge National Forest,45.6834,-113.0551,False,first-come,0,False,False,False,False,False,,False,,
fs56809,Panjab Campground,WA,FS,Umatilla National Forest,46.2042,-117.7058,False,first-come,0,False,False,False,False,False,,False,,
fs5681,Pintler Campground,MT,FS,Beaverhead-Deerlodge National Forest,45.8392,-113.4339,False,first-come,0,False,False,False,False,False,,True,,
fs5682,Seymour Creek Campground,MT,FS,Beaverhead-Deerlodge National Forest,45.9832,-113.1892,False,first-come,0,False,False,False,False,False,,False,,
fs5683,Willow Campground,MT,FS,Beaverhead-Deerlodge National Forest,45.6345,-113.0801,False,first-come,0,False,False,False,False,False,,False,,
fs5686,Miner Lake Campground,MT,FS,Beaverhead-Deerlodge National Forest,45.3241,-113.5839,False,first-come,0,False,False,False,False,False,,False,,
fs5687,Mussigbrod Campground,MT,FS,Beaverhead-Deerlodge National Forest,45.7889,-113.6097,False,first-come,0,False,False,False,False,False,,False,,
fs5688,North Van Houten Campground,MT,FS,Beaverhead-Deerlodge National Forest,45.248,-113.4764,False,first-come,0,False,False,False,False,False,,True,,
fs5689,South Van Houten Campground,MT,FS,Beaverhead-Deerlodge National Forest,45.2445,-113.4755,False,first-come,0,False,False,False,False,False,,True,,
fs5690,Steel Creek Campground,MT,FS,Beaverhead-Deerlodge National Forest,45.6034,-113.3366,False,first-come,0,False,False,False,False,False,,False,,
fs56905,Wickiup Campground,WA,FS,Umatilla National Forest,46.1363,-117.4371,False,first-come,0,False,False,False,False,False,,True,,
fs5696,Beaverdam Campground and Picnic Area,MT,FS,Beaverhead-Deerlodge National Forest,45.8832,-112.7839,False,first-come,0,False,False,False,False,False,,False,,
fs5697,Lowland Campground and Picnic Area,MT,FS,Beaverhead-Deerlodge National Forest,46.1377,-112.5086,False,first-come,0,False,False,False,False,False,,False,,
fs57001,Mottet Campground,OR,FS,Umatilla National Forest,45.8684,-117.9603,False,first-come,6,False,False,False,False,False,,False,,
fs5703,Bear Creek Campground and Picnic Area,MT,FS,Beaverhead-Deerlodge National Forest,45.1626,-111.5565,False,first-come,0,False,False,False,False,False,,False,,
fs5704,Branham Lakes Campground and Picnic Area,MT,FS,Beaverhead-Deerlodge National Forest,45.5175,-111.9891,False,first-come,0,False,False,False,False,False,,False,,
fs5706,Cottonwood Campground,MT,FS,Beaverhead-Deerlodge National Forest,44.9715,-111.9655,False,first-come,0,False,False,False,False,False,,False,,
fs5708,Elk Lake Dispersed Camping and Picnic Area,MT,FS,Beaverhead-Deerlodge National Forest,44.6693,-111.632,False,first-come,0,False,False,False,False,False,,True,,
fs5711,Mill Creek Campground,MT,FS,Beaverhead-Deerlodge National Forest,45.4855,-112.0797,False,first-come,0,False,False,False,False,False,,False,,
fs5712,Potosi Campground and Picnic Area,MT,FS,Beaverhead-Deerlodge National Forest,45.5733,-111.9043,False,first-come,0,False,False,False,False,False,,True,,
fs57137,Antilon Lake Campground,WA,FS,Okanogan-Wenatchee National Forest,47.9754,-120.164,False,first-come,0,False,False,False,False,False,,False,,
fs57149,Cascade Creek Campground,WA,FS,Okanogan-Wenatchee National Forest,48.1987,-120.549,False,first-come,0,False,False,False,False,False,,False,,
fs57163,Corral Creek Campground,WA,FS,Okanogan-Wenatchee National Forest,48.0456,-120.4392,False,first-come,4,False,False,False,False,False,,False,,
fs5717,Clover Meadows Dispersed Camping and Picnic Area,MT,FS,Beaverhead-Deerlodge National Forest,45.0375,-111.8356,False,first-come,0,False,False,False,False,False,,True,,
fs57175,Deer Point Campground,WA,FS,Okanogan-Wenatchee National Forest,48.0261,-120.3126,False,first-come,0,False,False,False,False,False,,False,,
fs57183,Domke Falls Campground,WA,FS,Okanogan-Wenatchee National Forest,48.1642,-120.544,False,first-come,0,False,False,False,False,False,,False,,
fs57187,"Domke Lake, Stuart Camp, Hatchery Campgrounds",WA,FS,Okanogan-Wenatchee National Forest,48.183,-120.59,False,first-come,0,False,False,False,False,False,,False,,
fs57217,Grouse Mountain Campground,WA,FS,Okanogan-Wenatchee National Forest,47.989,-120.3112,False,first-come,0,False,False,False,False,False,,True,,
fs57225,Holden Ballpark Campground,WA,FS,Okanogan-Wenatchee National Forest,48.2005,-120.792,False,first-come,0,False,False,False,False,False,,True,,
fs57245,Junior Point Campground,WA,FS,Okanogan-Wenatchee National Forest,47.9943,-120.4005,False,first-come,0,False,False,False,False,False,,True,,
fs5726,Basin Canyon Campground and Picnic Area,MT,FS,Beaverhead-Deerlodge National Forest,45.8555,-112.5479,False,first-come,0,False,False,False,False,False,,True,,
fs5727,Delmoe Lake Campground and Picnic Area,MT,FS,Beaverhead-Deerlodge National Forest,45.9867,-112.3561,False,first-come,25,False,False,False,False,False,,False,,
fs57275,Mitchell Creek Campground,WA,FS,Okanogan-Wenatchee National Forest,47.9699,-120.1926,False,first-come,7,False,False,False,False,False,,False,,
fs57285,Moore Point Campground,WA,FS,Okanogan-Wenatchee National Forest,48.2348,-120.6166,False,first-come,0,False,False,False,False,False,,False,,
fs5730,Pigeon Creek Campground,MT,FS,Beaverhead-Deerlodge National Forest,45.8004,-112.3965,False,first-come,0,False,False,False,False,False,,False,,
fs57317,Prince Creek Campground,WA,FS,Okanogan-Wenatchee National Forest,48.1453,-120.4948,False,first-come,0,False,False,False,False,False,,False,,
fs5732,Whitehouse Campground,MT,FS,Beaverhead-Deerlodge National Forest,46.2589,-112.4788,False,first-come,0,False,False,False,False,False,,True,,
fs57325,Refrigerator Harbor Campground,WA,FS,Okanogan-Wenatchee National Forest,48.1993,-120.5874,False,first-come,0,False,False,False,False,False,,False,,
fs57331,Safety Harbor Campground [CLOSED],WA,FS,Okanogan-Wenatchee National Forest,48.0486,-120.3777,False,first-come,0,False,False,False,False,False,,False,,
fs57343,South Navarre Campground,WA,FS,Okanogan-Wenatchee National Forest,48.1077,-120.3396,False,first-come,0,False,False,False,False,False,,True,,
fs5739,Crystal Creek Campground,MT,FS,Beaverhead-Deerlodge National Forest,46.2327,-113.7461,False,first-come,0,False,False,False,False,False,,True,,
fs5743,Orofino Campground and Picnic Area,MT,FS,Beaverhead-Deerlodge National Forest,46.2594,-112.6089,False,first-come,0,False,False,False,False,False,,True,,
fs5746,Racetrack Campground and Picnic Area,MT,FS,Beaverhead-Deerlodge National Forest,46.2805,-112.9374,False,first-come,0,False,False,False,False,False,,False,,
fs5776,Father and Sons Campground,ID,FS,Sawtooth National Forest,42.1627,-114.1857,False,first-come,0,False,False,False,False,False,,False,,
fs5783,Bear Gulch Campground,ID,FS,Sawtooth National Forest,42.2279,-114.3787,False,first-come,0,False,False,False,False,False,,False,,
fs5785,Third Fork Campground,ID,FS,Sawtooth National Forest,42.2532,-114.2494,False,first-come,0,False,False,False,False,False,,False,,
fs57861,Taneum Junction Campground,WA,FS,Okanogan-Wenatchee National Forest,47.1119,-120.933,False,first-come,0,False,False,False,False,False,,False,,
fs5795,Bennett Springs Campground,ID,FS,Sawtooth National Forest,42.3261,-113.6022,False,first-come,6,False,False,False,False,False,,False,,
fs5803,Sublett Campground,ID,FS,Sawtooth National Forest,42.3276,-113.0026,False,first-come,0,False,False,False,False,False,,True,,
fs5804,Mill Flat Campground,ID,FS,Sawtooth National Forest,42.43,-113.0138,False,first-come,0,False,False,False,False,False,,True,,
fs58073,Spruce Grove Campground,WA,FS,Okanogan-Wenatchee National Forest,47.9948,-120.5942,False,first-come,2,False,False,False,False,False,,True,,
fs5812,Sawmill Campground,ID,FS,Sawtooth National Forest,43.6665,-114.1629,False,first-come,0,False,False,False,False,False,,False,,
fs5813,Federal Gulch Campground and Trailhead,ID,FS,Sawtooth National Forest,43.6693,-114.1529,False,first-come,3,False,False,False,False,False,,False,,
fs5814,Copper Creek/Garfield Campground,ID,FS,Sawtooth National Forest,43.6075,-113.9289,False,first-come,8,False,False,False,False,False,,False,,
fs58173,Clear Lake North Campground,WA,FS,Okanogan-Wenatchee National Forest,46.6332,-121.2675,False,first-come,33,False,False,False,False,False,,False,,
fs58175,Clear Lake North Group Campground,WA,FS,Okanogan-Wenatchee National Forest,46.6311,-121.2667,True,reservable,0,False,False,False,False,False,,False,,
fs5822,East Fork Baker Creek Campground,ID,FS,Sawtooth National Forest,43.7463,-114.5616,False,first-come,7,False,False,False,False,False,,False,,
fs5875,Lake View Campground,ID,FS,Sawtooth National Forest,44.2495,-115.055,False,first-come,6,False,False,False,False,False,,False,,
fs5884,Elk Creek Campground - Hwy 21,ID,FS,Sawtooth National Forest,44.2658,-114.7236,True,partly,3,False,False,False,False,False,,False,,
fs5917,Redfish Lake Recreation Complex,ID,FS,Sawtooth National Forest,44.1196,-114.9293,True,reservable,0,False,False,False,False,False,,False,,
fs5936,Redfish Inlet Campground,ID,FS,Sawtooth National Forest,44.0993,-114.9531,False,first-come,4,False,False,False,False,False,,False,,
fs5944,Alturas Inlet Campground,ID,FS,Sawtooth National Forest,43.9051,-114.8804,True,reservable,28,False,False,False,False,False,,False,,
fs59715,Digit Point Campground,OR,FS,Fremont-Winema National Forest,43.2267,-121.9665,False,first-come,0,False,False,False,False,False,,False,,
fs59719,Scott Creek Campground,OR,FS,Fremont-Winema National Forest,42.888,-121.9259,False,first-come,0,False,False,False,False,False,,True,,
fs59721,Head of the River Campground,OR,FS,Fremont-Winema National Forest,42.7324,-121.4184,False,first-come,0,False,False,False,False,False,,True,,
fs59723,Williamson River Campground,OR,FS,Fremont-Winema National Forest,42.6586,-121.8551,False,first-come,19,False,False,False,False,False,,True,,
fs5973,Pioneer Campground,ID,FS,Sawtooth National Forest,43.4905,-114.8311,False,first-come,0,False,False,False,False,False,,False,,
fs59733,Can Springs Campground,OR,FS,Fremont-Winema National Forest,42.3802,-120.1687,False,first-come,0,False,False,False,False,False,,True,,
fs5974,Willow Creek Campground,ID,FS,Sawtooth National Forest,43.6065,-115.1439,False,first-come,0,False,False,False,False,False,,False,,
fs59743,Drews Creek Campground,OR,FS,Fremont-Winema National Forest,42.1198,-120.5805,False,first-come,0,False,False,False,False,False,,True,,
fs59745,Mud Creek Campground,OR,FS,Fremont-Winema National Forest,42.2827,-120.2072,False,first-come,0,False,False,False,False,False,,True,,
fs59749,Twin Springs Campground,OR,FS,Fremont-Winema National Forest,42.1573,-120.2124,False,first-come,0,False,False,False,False,False,,True,,
fs5975,Willow Creek Transfer Camp,ID,FS,Sawtooth National Forest,43.626,-115.1344,False,first-come,0,False,False,False,False,False,,False,,
fs59751,Vee Lake Trailhead/Campground,OR,FS,Fremont-Winema National Forest,42.422,-120.1621,False,first-come,2,False,False,False,False,False,,True,,
fs59755,Campbell Lake Campground,OR,FS,Fremont-Winema National Forest,42.5646,-120.7523,False,first-come,18,False,False,False,False,False,,False,,
fs59757,Clear Spring Campground,OR,FS,Fremont-Winema National Forest,42.4714,-120.7127,False,first-come,0,False,False,False,False,False,,True,,
fs59759,Dairy Point Campground,OR,FS,Fremont-Winema National Forest,42.4669,-120.641,False,first-come,0,False,False,False,False,False,,True,,
fs5976,Hunter Creek Transfer Camp,ID,FS,Sawtooth National Forest,43.4238,-115.132,False,first-come,0,False,False,False,False,False,,False,,
fs59761,Deadhorse Lake Campground,OR,FS,Fremont-Winema National Forest,42.5611,-120.7743,False,first-come,0,False,False,False,False,False,,False,,
fs59763,Happy Camp,OR,FS,Fremont-Winema National Forest,42.4772,-120.6828,False,first-come,0,False,False,False,False,False,,True,,
fs59765,Jones Crossing Campground,OR,FS,Fremont-Winema National Forest,42.6071,-120.6001,False,first-come,0,False,False,False,False,False,,True,,
fs59767,Lee Thomas Campground,OR,FS,Fremont-Winema National Forest,42.5913,-120.84,False,first-come,0,False,False,False,False,False,,True,,
fs5977,Bear Creek Transfer Camp,ID,FS,Sawtooth National Forest,43.7272,-114.9006,False,first-come,6,False,False,False,False,False,,True,,
fs59771,Sandhill Crossing Campground,OR,FS,Fremont-Winema National Forest,42.5941,-120.8809,False,first-come,0,False,False,False,False,False,,True,,
fs59775,Lower Buck Creek Campground,OR,FS,Fremont-Winema National Forest,43.0695,-121.2463,False,first-come,0,False,False,False,False,False,,True,,
fs59781,Upper Buck Creek Campground,OR,FS,Fremont-Winema National Forest,43.0531,-121.2665,False,first-come,0,False,False,False,False,False,,True,,
fs59791,Currier Spring Horse Camp,OR,FS,Fremont-Winema National Forest,42.73,-120.8199,False,first-come,4,False,False,False,False,False,,True,,
fs59793,Moss Meadows Horse Camp,OR,FS,Fremont-Winema National Forest,42.4803,-120.4849,False,first-come,0,False,False,False,False,False,,True,,
fs5980,Chaparral Campground,ID,FS,Sawtooth National Forest,43.6143,-115.2029,False,first-come,7,False,False,False,False,False,,False,,
fs5981,Abbott Campground,ID,FS,Sawtooth National Forest,43.6087,-115.2179,False,first-come,0,False,False,False,False,False,,False,,
fs5982,Five Points Campground,ID,FS,Sawtooth National Forest,43.5421,-114.8179,False,first-come,0,False,False,False,False,False,,False,,
fs5983,Canyon Transfer Camp,ID,FS,Sawtooth National Forest,43.6279,-114.8589,False,first-come,0,False,False,False,False,False,,False,,
fs59885,Chewaucan Crossing Campground/Trailhead,OR,FS,Fremont-Winema National Forest,42.6158,-120.6062,False,first-come,0,False,False,False,False,False,,True,,
fs5990,Big Hole,ID,FS,Sawtooth National Forest,43.5907,-114.9549,False,first-come,0,False,False,False,False,False,,True,,
fs60242,Black Bear Campground,MT,FS,Bitterroot National Forest,46.1664,-113.9206,False,first-come,6,False,False,False,False,False,,True,,
fs60274,Rock Creek Horse Camp,MT,FS,Bitterroot National Forest,46.0637,-114.2311,False,first-come,0,False,False,False,False,False,,False,,
fs60280,Schumaker Campground,MT,FS,Bitterroot National Forest,46.1506,-114.4963,False,first-come,16,False,False,False,False,False,,True,,
fs60354,Jennings Camp,MT,FS,Bitterroot National Forest,45.8963,-113.8196,False,first-come,4,False,False,False,False,False,,True,,
fs60364,Martin Creek Campground,MT,FS,Bitterroot National Forest,45.932,-113.7224,False,first-come,7,False,False,False,False,False,,False,,
fs60616,Magruder Crossing Campground,ID,FS,Bitterroot National Forest,45.7353,-114.7588,False,first-come,6,False,False,False,False,False,,False,,
fs60716,Sam Billings Memorial Campground,MT,FS,Bitterroot National Forest,45.8252,-114.249,False,first-come,12,False,False,False,False,False,,False,,
fs61532,Hay Canyon Campground,MT,FS,Helena-Lewis and Clark National Forest,46.7989,-110.3003,False,first-come,7,False,False,False,False,False,,False,,
fs61540,Thain Creek Campground,MT,FS,Helena-Lewis and Clark National Forest,47.4756,-110.5853,False,first-come,19,False,False,False,False,False,,False,,
fs61544,Moose Creek Campground - Little Belt Mountains,MT,FS,Helena-Lewis and Clark National Forest,46.8358,-110.875,False,first-come,6,False,False,False,False,False,,False,,
fs61546,Many Pines Campground,MT,FS,Helena-Lewis and Clark National Forest,46.8981,-110.6906,False,first-come,23,False,False,False,False,False,,False,,
fs61548,Richardson Campground,MT,FS,Helena-Lewis and Clark National Forest,46.5408,-110.7306,False,first-come,3,False,False,False,False,False,,False,,
fs61552,Grasshopper Campground,MT,FS,Helena-Lewis and Clark National Forest,46.5436,-110.7481,False,first-come,12,False,False,False,False,False,,False,,
fs61554,Logging Creek Campground,MT,FS,Helena-Lewis and Clark National Forest,47.1011,-111.0089,False,first-come,25,False,False,False,False,False,,False,,
fs61556,Aspen Campground,MT,FS,Helena-Lewis and Clark National Forest,46.9922,-110.7689,False,first-come,6,False,False,False,False,False,,False,,
fs61558,Spring Creek Campground,MT,FS,Helena-Lewis and Clark National Forest,46.5864,-110.4667,False,first-come,10,False,False,False,False,False,,False,,
fs61560,Home Gulch Campground,MT,FS,Helena-Lewis and Clark National Forest,47.6158,-112.7244,True,reservable,15,False,False,False,False,False,,False,,
fs61562,West Fork Teton Campground,MT,FS,Helena-Lewis and Clark National Forest,47.9611,-112.8067,False,first-come,6,False,False,False,False,False,,False,,
fs61564,Elko Campground,MT,FS,Helena-Lewis and Clark National Forest,47.9244,-112.7633,False,first-come,3,False,False,False,False,False,,True,,
fs61566,Mill Falls Campground,MT,FS,Helena-Lewis and Clark National Forest,47.8589,-112.7728,False,first-come,4,False,False,False,False,False,,False,,
fs61568,Summit Campground,MT,FS,Helena-Lewis and Clark National Forest,48.3189,-113.3506,True,reservable,17,False,False,False,False,False,,False,,
fs61572,Mortimer Gulch Campground,MT,FS,Helena-Lewis and Clark National Forest,47.6097,-112.7697,True,reservable,26,False,False,False,False,False,,False,,
fs61574,Wood Lake Campground,MT,FS,Helena-Lewis and Clark National Forest,47.4278,-112.7933,True,reservable,9,False,False,False,False,False,,False,,
fs61576,Benchmark Campground,MT,FS,Helena-Lewis and Clark National Forest,47.4858,-112.8808,True,reservable,25,False,False,False,False,False,,False,,
fs61578,South Fork Campground,MT,FS,Helena-Lewis and Clark National Forest,47.5011,-112.8881,True,reservable,7,False,False,False,False,False,,False,,
fs6214,Lamping Homestead Recreation Area,OH,FS,Wayne National Forest,39.6307,-81.189,False,first-come,0,False,False,False,False,False,,False,,
fs6217,Lane Farm Campground,OH,FS,Wayne National Forest,39.4358,-81.3588,False,first-come,0,False,False,False,False,False,,False,,
fs6220,Ring Mill Campground,OH,FS,Wayne National Forest,39.6082,-81.1224,False,first-come,0,False,False,False,False,False,,False,,
fs6221,Burr Oak Cove Campground,OH,FS,Wayne National Forest,39.5507,-82.058,False,first-come,0,False,False,False,False,False,,False,,
fs6234,Lake Vesuvius Horseback Riding System,OH,FS,Wayne National Forest,38.6467,-82.5594,False,first-come,0,False,False,False,False,False,,True,,
fs62835,Coulter Campground,MT,FS,Helena-Lewis and Clark National Forest,46.5133,-111.5428,False,first-come,0,False,False,False,False,False,,False,,
fs62837,Cromwell Dixon Campground,MT,FS,Helena-Lewis and Clark National Forest,46.3326,-112.1855,False,first-come,0,False,False,False,False,False,,False,,
fs62843,Park Lake Campground,MT,FS,Helena-Lewis and Clark National Forest,46.4428,-112.1686,False,first-come,0,False,False,False,False,False,,False,,
fs62845,Vigilante Campground,MT,FS,Helena-Lewis and Clark National Forest,46.7669,-111.6506,False,first-come,0,False,False,False,False,False,,False,,
fs62849,Copper Creek Campground,MT,FS,Helena-Lewis and Clark National Forest,47.0783,-112.6194,False,first-come,0,False,False,False,False,False,,False,,
fs63404,Cedar Creek Campground,OR,FS,Umpqua National Forest,43.6707,-122.7083,False,first-come,9,False,False,False,False,False,,False,,
fs63422,Mineral Camp,OR,FS,Umpqua National Forest,43.5832,-122.7137,False,first-come,3,False,False,False,False,False,,False,,
fs63510,Kelsay Valley Campground / Trailhead,OR,FS,Umpqua National Forest,43.3182,-122.0961,True,reservable,0,False,False,False,False,False,,False,https://www.recreation.gov/camping/campgrounds/251883,
fs63664,Apple Creek Campground,OR,FS,Umpqua National Forest,43.3057,-122.6769,False,first-come,7,False,False,False,False,False,,False,,
fs63680,Coolwater Campground,OR,FS,Umpqua National Forest,43.2326,-122.8715,False,first-come,7,False,False,False,False,False,,False,,
fs63788,Camp Comfort Campground,OR,FS,Umpqua National Forest,43.1057,-122.5964,False,first-come,5,False,False,False,False,False,,False,,
fs63804,Cover Campground,OR,FS,Umpqua National Forest,42.9774,-122.6869,False,first-come,7,False,False,False,False,False,,False,,
fs64064,Ojo Redondo Campground,NM,FS,Cibola National Forest and Grasslands,35.1585,-108.1085,False,first-come,0,False,False,False,False,False,,False,,
fs64066,Quaking Aspen Campground,NM,FS,Cibola National Forest and Grasslands,35.4058,-108.5402,False,first-come,0,False,False,False,False,False,,False,,
fs6428,Upper Jones Valley Campground,CA,FS,Shasta-Trinity National Forest,40.7301,-122.23,False,first-come,0,False,False,False,False,False,,False,,
fs6434,Deadlun Campground,CA,FS,Shasta-Trinity National Forest,41.0618,-121.9749,False,first-come,0,False,False,False,False,False,,True,,
fs6435,Madrone Campground,CA,FS,Shasta-Trinity National Forest,40.9245,-122.0944,False,first-come,0,False,False,False,False,False,,True,,
fs6479,Clark Springs Campground,CA,FS,Shasta-Trinity National Forest,40.8571,-122.8135,False,first-come,20,False,False,False,False,False,,False,,
fs64827,Bull River Campground and Group Site,MT,FS,Kootenai National Forest,48.0299,-115.8422,True,partly,26,False,False,False,False,False,,False,,
fs64977,Little Rock Pond/Green Mountain Loop,VT,FS,Green Mountain & Finger Lakes National Forests,43.401,-72.9573,False,first-come,0,False,False,False,False,False,,False,,
fs6498,Stoney Creek Group Campground,CA,FS,Shasta-Trinity National Forest,40.8514,-122.8494,True,reservable,0,False,False,False,False,False,,False,,
fs6500,Stoney Point Campground,CA,FS,Shasta-Trinity National Forest,40.8484,-122.8584,False,first-come,0,False,False,False,False,False,,False,,
fs6507,Tunnel Rock Campground,CA,FS,Shasta-Trinity National Forest,40.7724,-122.7784,False,first-come,0,False,False,False,False,False,,False,,
fs6519,Rush Creek Campground,CA,FS,Shasta-Trinity National Forest,40.8188,-122.8973,False,first-come,0,False,False,False,False,False,,False,,
fs65224,San Juan Dispersed Campground,NV,FS,Humboldt-Toiyabe National Forest,39.1206,-117.2724,False,first-come,0,False,False,False,False,False,,True,,
fs65244,Pine Creek Campground,NV,FS,Humboldt-Toiyabe National Forest,38.7869,-116.8482,False,first-come,0,False,False,False,False,False,,True,,
fs65248,Bob Scott Campground,NV,FS,Humboldt-Toiyabe National Forest,39.4551,-117.0011,False,first-come,0,False,False,False,False,False,,False,,
fs65250,Big Creek Campground,NV,FS,Humboldt-Toiyabe National Forest,39.3464,-117.1361,False,first-come,0,False,False,False,False,False,,True,,
fs65252,Kingston Campground,NV,FS,Humboldt-Toiyabe National Forest,39.2229,-117.1432,False,first-come,11,False,False,False,False,False,,True,,
fs65256,Lye Creek Campground,NV,FS,Humboldt-Toiyabe National Forest,41.6852,-117.5529,False,first-come,0,False,False,False,False,False,,False,,
fs65260,Columbine Campground,NV,FS,Humboldt-Toiyabe National Forest,38.9002,-117.3765,False,first-come,0,False,False,False,False,False,,True,,
fs65280,Toquima Cave Campground,NV,FS,Humboldt-Toiyabe National Forest,39.1877,-116.7905,False,first-come,0,False,False,False,False,False,,True,,
fs65284,Desert Creek Campground,NV,FS,Humboldt-Toiyabe National Forest,38.6214,-119.34,False,first-come,0,False,False,False,False,False,,True,,
fs6553,Scott Flat Campground,CA,FS,Shasta-Trinity National Forest,40.3661,-123.3092,False,first-come,10,False,False,False,False,False,,False,,
fs6559,Basin Gulch Campground,CA,FS,Shasta-Trinity National Forest,40.3521,-122.9587,False,first-come,0,False,False,False,False,False,,False,,
fs65628,Big Bend Campground,NV,FS,Humboldt-Toiyabe National Forest,41.763,-115.7019,False,first-come,0,False,False,False,False,False,,False,,
fs6572,Gumboot Campground,CA,FS,Shasta-Trinity National Forest,41.2133,-122.5094,False,first-come,0,False,False,False,False,False,,True,,
fs65730,Wildhorse Crossing Campground,NV,FS,Humboldt-Toiyabe National Forest,41.7226,-115.9001,False,first-come,20,False,False,False,False,False,,False,,
fs6576,Panther Meadows Campground,CA,FS,Shasta-Trinity National Forest,41.355,-122.2018,False,first-come,15,False,False,False,False,False,,True,,
fs6581,Algoma Campground,CA,FS,Shasta-Trinity National Forest,41.2564,-121.8831,False,first-come,8,False,False,False,False,False,,True,,
fs6585,Harris Spring Campground,CA,FS,Shasta-Trinity National Forest,41.4566,-121.7847,False,first-come,0,False,False,False,False,False,,True,,
fs6591,Trout Creek Campground,CA,FS,Shasta-Trinity National Forest,41.4453,-121.8856,False,first-come,0,False,False,False,False,False,,True,,
fs66083,Triangle Pond,MT,FS,Kootenai National Forest,48.0203,-115.8408,False,first-come,0,False,False,False,False,False,,False,,
fs66155,Paragon Dispersed Camping Area,KY,FS,Daniel Boone National Forest,38.0484,-83.3954,False,first-come,0,False,False,False,False,False,,False,,
fs66272,Tuchuck Campground,MT,FS,Flathead National Forest,48.9227,-114.6004,False,first-come,7,False,False,False,False,False,,False,,
fs6640,Coeur d'Alene Campground,AK,FS,Chugach National Forest,60.8497,-149.5333,False,first-come,0,False,False,False,False,False,,False,,
fs66402,Lakeview Campground,MT,FS,Flathead National Forest,48.2185,-113.8054,False,first-come,5,False,False,False,False,False,,False,,
fs6642,Crescent Creek Campground,AK,FS,Chugach National Forest,60.4965,-149.6802,False,first-come,9,False,False,False,False,False,,True,,
fs66514,Beaver Creek Campground,MT,FS,Flathead National Forest,47.9239,-113.3729,False,first-come,0,False,False,False,False,False,,True,,
fs66768,Peter's Creek Campground,MT,FS,Flathead National Forest,48.0576,-113.6438,False,first-come,0,False,False,False,False,False,,True,,
fs66838,Spotted Bear Campground,MT,FS,Flathead National Forest,47.9273,-113.526,False,first-come,0,False,False,False,False,False,,True,,
fs67171,Hazlett Hollow Campground,AZ,FS,Prescott National Forest,34.1701,-112.2854,False,first-come,15,False,False,False,False,False,,True,,
fs67179,Powell Springs Campground,AZ,FS,Prescott National Forest,34.5781,-112.0677,False,first-come,11,False,False,False,False,False,,False,,
fs6772,Kalispell Island Group Site and other Campgrounds,ID,FS,Idaho Panhandle National Forests,48.567,-116.8994,True,partly,0,False,False,False,False,False,,False,https://www.recreation.gov/camping/campgrounds/233264,
fs6773,Bartoo Island Group Site/Campgrounds,ID,FS,Idaho Panhandle National Forests,48.5439,-116.8789,True,partly,0,False,False,False,False,False,,False,https://www.recreation.gov/camping/campgrounds/233263,
fs6774,Plowboy Campground,ID,FS,Idaho Panhandle National Forests,48.7689,-116.8773,False,first-come,0,False,False,False,False,False,,True,,
fs6775,Navigation Campground,ID,FS,Idaho Panhandle National Forests,48.7949,-116.9106,False,first-come,0,False,False,False,False,False,,True,,
fs6776,Trapper Creek Campground,ID,FS,Idaho Panhandle National Forests,48.7978,-116.8907,False,first-come,0,False,False,False,False,False,,True,,
fs6777,Geisinger Campground,ID,FS,Idaho Panhandle National Forests,48.7701,-116.8633,False,first-come,0,False,False,False,False,False,,True,,
fs67820,Browns Lake Campground,WA,FS,Colville National Forest,48.4362,-117.1964,False,first-come,0,False,False,False,False,False,,False,,
fs67936,Mill Pond Campground,WA,FS,Colville National Forest,48.8542,-117.2906,False,first-come,0,False,False,False,False,False,,False,,
fs67976,Big Meadow Lake Campground,WA,FS,Colville National Forest,48.7296,-117.5635,False,first-come,0,False,False,False,False,False,,False,,
fs67992,Jungle Hill Horse Campground,WA,FS,Colville National Forest,48.6351,-118.4511,False,first-come,0,False,False,False,False,False,,True,,
fs68064,Wapaloosie Horse Campground,WA,FS,Colville National Forest,48.6637,-118.4398,False,first-come,0,False,False,False,False,False,,True,,
fs6822,Copper Creek Campground,ID,FS,Idaho Panhandle National Forests,48.9846,-116.1683,False,first-come,0,False,False,False,False,False,,True,,
fs6825,Solomon Lake Fishing,ID,FS,Idaho Panhandle National Forests,48.7962,-116.1018,False,first-come,0,False,False,False,False,False,,True,,
fs6850,Berlin Flats Group Campground,ID,FS,Idaho Panhandle National Forests,47.7934,-115.9521,True,reservable,0,False,False,False,False,False,,False,,
fs6894,Big Creek Campground,ID,FS,Idaho Panhandle National Forests,47.3036,-116.1211,False,first-come,0,False,False,False,False,False,,False,,
fs6895,Emerald Creek Campground,ID,FS,Idaho Panhandle National Forests,47.0079,-116.3258,False,first-come,0,False,False,False,False,False,,False,,
fs6896,Cedar Creek Campground,ID,FS,Idaho Panhandle National Forests,47.0507,-116.2892,False,first-come,0,False,False,False,False,False,,False,,
fs6897,Camp 3 Campground,ID,FS,Idaho Panhandle National Forests,47.1311,-116.1041,False,first-come,0,False,False,False,False,False,,False,,
fs6902,Telichpah Campground,ID,FS,Idaho Panhandle National Forests,47.2954,-115.7746,False,first-come,0,False,False,False,False,False,,False,,
fs6903,Turner Flat Campground,ID,FS,Idaho Panhandle National Forests,47.2366,-115.6543,False,first-come,0,False,False,False,False,False,,False,,
fs6904,Tin Can Flat Campground,ID,FS,Idaho Panhandle National Forests,47.23,-115.6208,False,first-come,0,False,False,False,False,False,,False,,
fs6905,Mammoth Springs Campground,ID,FS,Idaho Panhandle National Forests,47.1039,-115.6307,False,first-come,0,False,False,False,False,False,,False,,
fs6906,Conrad Crossing Campground,ID,FS,Idaho Panhandle National Forests,47.1586,-115.416,False,first-come,0,False,False,False,False,False,,False,,
fs6907,Fly Flat Campground,ID,FS,Idaho Panhandle National Forests,47.1126,-115.3901,False,first-come,0,False,False,False,False,False,,False,,
fs6908,Spruce Tree Campground,ID,FS,Idaho Panhandle National Forests,47.0381,-115.3479,False,first-come,0,False,False,False,False,False,,False,,
fs69564,Oak Flat Campground,OR,FS,Rogue River-Siskiyou National Forest,42.5187,-124.0419,False,first-come,15,False,False,False,False,False,,False,,
fs69654,Abbott Creek Campground,OR,FS,Rogue River-Siskiyou National Forest,42.8813,-122.5076,False,first-come,25,False,False,False,False,False,,False,,
fs69710,Daley Creek Campground,OR,FS,Rogue River-Siskiyou National Forest,42.3065,-122.3666,False,first-come,6,False,False,False,False,False,,False,,
fs69828,Natural Bridge Campground,OR,FS,Rogue River-Siskiyou National Forest,42.8925,-122.4628,False,first-come,17,False,False,False,False,False,,False,,
fs69858,River Bridge Campground,OR,FS,Rogue River-Siskiyou National Forest,42.8214,-122.4936,False,first-come,9,False,False,False,False,False,,False,,
fs70018,Buck Creek Campground,OR,FS,Rogue River-Siskiyou National Forest,42.7738,-123.9529,False,first-come,2,False,False,False,False,False,,False,,
fs70022,Butler Bar Campground,OR,FS,Rogue River-Siskiyou National Forest,42.7257,-124.2708,False,first-come,7,False,False,False,False,False,,False,,
fs70032,Eden Valley Campground,OR,FS,Rogue River-Siskiyou National Forest,42.8086,-123.8903,False,first-come,11,False,False,False,False,False,,False,,
fs70064,Laird Lake Campground,OR,FS,Rogue River-Siskiyou National Forest,42.7013,-124.2046,False,first-come,4,False,False,False,False,False,,False,,
fs70074,Myrtle Grove Campground,OR,FS,Rogue River-Siskiyou National Forest,42.786,-124.023,False,first-come,5,False,False,False,False,False,,False,,
fs70098,Sru Lake Campground,OR,FS,Rogue River-Siskiyou National Forest,42.7307,-124.006,False,first-come,6,False,False,False,False,False,,False,,
fs70106,Sunshine Bar Campground,OR,FS,Rogue River-Siskiyou National Forest,42.7121,-124.3109,False,first-come,6,False,False,False,False,False,,False,,
fs7011,Highland Scenic Highway,WV,FS,Monongahela National Forest,38.3066,-80.0961,False,first-come,0,False,False,False,False,False,,False,,
fs70388,Tipsu Tyee Campground,OR,FS,Rogue River-Siskiyou National Forest,42.0355,-123.1255,False,first-come,5,False,False,False,False,False,,False,,
fs70404,Watkins Campground,OR,FS,Rogue River-Siskiyou National Forest,42.0238,-123.1587,False,first-come,14,False,False,False,False,False,,False,,
fs70418,Wrangle Campground,OR,FS,Rogue River-Siskiyou National Forest,42.0503,-122.8559,False,first-come,5,False,False,False,False,False,,False,,
fs70446,Big Pine Campground,OR,FS,Rogue River-Siskiyou National Forest,42.4586,-123.676,False,first-come,12,False,False,False,False,False,,False,,
fs70778,Lambert Creek Horse Camp,WA,FS,Colville National Forest,48.7287,-118.523,False,first-come,0,False,False,False,False,False,,True,,
fs70865,Penny Springs Campground,ID,FS,Boise National Forest,44.7118,-115.6944,False,first-come,0,False,False,False,False,False,,False,,
fs70950,Horse Camp,MT,FS,Kootenai National Forest,48.944,-114.8927,False,first-come,2,False,False,False,False,False,,False,,
fs70954,Fir Creek Campground,ID,FS,Boise National Forest,44.4255,-115.2908,False,first-come,0,False,False,False,False,False,,False,,
fs71029,Lone Rock Campground,CA,FS,Eldorado National Forest,38.8633,-120.386,False,first-come,0,False,False,False,False,False,,True,,
fs71118,Little Grass Valley Recreation Area,CA,FS,Plumas National Forest,39.729,-120.987,True,reservable,0,False,False,False,False,False,,False,,
fs71120,Sly Creek Recreation Area,CA,FS,Plumas National Forest,39.591,-121.108,False,first-come,0,False,False,False,False,False,,False,,
fs71233,Camp 32,MT,FS,Kootenai National Forest,48.8352,-115.1946,False,first-come,8,False,False,False,False,False,,False,,
fs71254,East Creek Campground,CA,FS,Modoc National Forest,41.1982,-120.1977,False,first-come,0,False,False,False,False,False,,False,,
fs71262,Stough Reservoir Campground,CA,FS,Modoc National Forest,41.5622,-120.2542,False,first-come,0,False,False,False,False,False,,False,,
fs71266,Mill Creek Falls Campground,CA,FS,Modoc National Forest,41.2767,-120.2881,False,first-come,0,False,False,False,False,False,,False,,
fs71268,Soup Springs Campground,CA,FS,Modoc National Forest,41.3092,-120.2772,False,first-come,0,False,False,False,False,False,,False,,
fs71270,Ash Creek Campground,CA,FS,Modoc National Forest,41.1614,-120.8281,False,first-come,0,False,False,False,False,False,,True,,
fs71272,Willow Creek Campground,CA,FS,Modoc National Forest,41.0131,-120.8281,False,first-come,8,False,False,False,False,False,,False,,
fs71274,Lower Rush Creek Campground,CA,FS,Modoc National Forest,41.2933,-120.8781,False,first-come,0,False,False,False,False,False,,True,,
fs71276,Howard's Gulch Campground,CA,FS,Modoc National Forest,41.4858,-120.9689,False,first-come,0,False,False,False,False,False,,False,,
fs71286,Payne Springs Campground,CA,FS,Modoc National Forest,41.5547,-121.5608,False,first-come,0,False,False,False,False,False,,True,,
fs71288,Emerson Campground,CA,FS,Modoc National Forest,41.2639,-120.1378,False,first-come,0,False,False,False,False,False,,True,,
fs71296,Pepperdine Campground,CA,FS,Modoc National Forest,41.4503,-120.2408,False,first-come,0,False,False,False,False,False,,False,,
fs71298,Pepperdine Equestrian Campground,CA,FS,Modoc National Forest,41.4503,-120.2408,False,first-come,0,False,False,False,False,False,,False,,
fs71300,Jane's Reservoir Campground,CA,FS,Modoc National Forest,41.8798,-120.764,False,first-come,0,False,False,False,False,False,,True,,
fs71382,Schonchin Springs Campground,CA,FS,Modoc National Forest,41.5919,-121.6167,False,first-come,0,False,False,False,False,False,,False,,
fs71421,Middle Piney Lake Campground,WY,FS,Bridger-Teton National Forest,42.603,-110.5654,False,first-come,0,False,False,False,False,False,,True,,
fs71437,Sacajawea Campground,WY,FS,Bridger-Teton National Forest,42.6185,-110.5311,False,first-come,0,False,False,False,False,False,,False,,
fs71479,Hatchet Campground,WY,FS,Bridger-Teton National Forest,43.8247,-110.3552,False,first-come,9,False,False,False,False,False,,False,,
fs71493,Pacific Creek Campground,WY,FS,Bridger-Teton National Forest,43.9394,-110.4429,False,first-come,0,False,False,False,False,False,,False,,
fs71503,Sheffield Campground,WY,FS,Bridger-Teton National Forest,44.0981,-110.6681,False,first-come,5,False,False,False,False,False,,False,,
fs71527,Allred Flat Campground,WY,FS,Bridger-Teton National Forest,42.4852,-110.9616,False,first-come,0,False,False,False,False,False,,False,,
fs71545,Cottonwood Lake Campground,WY,FS,Bridger-Teton National Forest,42.6386,-110.8183,False,first-come,18,False,False,False,False,False,,False,,
fs71555,Forest Park Campground,WY,FS,Bridger-Teton National Forest,42.8312,-110.6917,False,first-come,13,False,False,False,False,False,,False,,
fs71577,Moose Flat Campground,WY,FS,Bridger-Teton National Forest,42.9717,-110.7687,False,first-come,0,False,False,False,False,False,,False,,
fs71579,Murphy Creek Campground,WY,FS,Bridger-Teton National Forest,43.0737,-110.8361,False,first-come,0,False,False,False,False,False,,False,,
fs71613,Swift Creek Campground,WY,FS,Bridger-Teton National Forest,42.7252,-110.9066,False,first-come,0,False,False,False,False,False,,False,,
fs71627,Crystal Creek Campground,WY,FS,Bridger-Teton National Forest,43.6105,-110.4314,False,first-come,0,False,False,False,False,False,,False,,
fs71629,Curtis Canyon Campground,WY,FS,Bridger-Teton National Forest,43.5138,-110.6612,False,first-come,0,False,False,False,False,False,,False,,
fs71633,East Table Group Campground,WY,FS,Bridger-Teton National Forest,43.2128,-110.8092,True,reservable,0,False,False,False,False,False,,False,,
fs71649,Hoback Campground,WY,FS,Bridger-Teton National Forest,43.2815,-110.5936,False,first-come,0,False,False,False,False,False,,False,,
fs71657,Kozy Campground,WY,FS,Bridger-Teton National Forest,43.2703,-110.5171,False,first-come,0,False,False,False,False,False,,False,,
fs71681,Wolf Creek Campground,WY,FS,Bridger-Teton National Forest,43.1985,-110.9034,False,first-come,0,False,False,False,False,False,,False,,
fs71701,Hams Fork Campground,WY,FS,Bridger-Teton National Forest,42.2516,-110.7304,False,first-come,13,False,False,False,False,False,,False,,
fs71707,Hobble Creek Campground,WY,FS,Bridger-Teton National Forest,42.398,-110.784,False,first-come,18,False,False,False,False,False,,False,,
fs71845,Effie Beckstrom East Group Campground,UT,FS,Dixie National Forest,37.375,-113.4665,True,reservable,9,False,False,False,False,False,,False,,
fs71846,Effie Beckstrom West Group Campground,UT,FS,Dixie National Forest,37.3747,-113.4665,True,reservable,8,False,False,False,False,False,,False,,
fs71882,Dean Gardner Campground,UT,FS,Dixie National Forest,37.3772,-113.4774,True,reservable,21,False,False,False,False,False,,False,,
fs71884,Mitt Moody Campground,UT,FS,Dixie National Forest,37.3756,-113.457,False,first-come,0,False,False,False,False,False,,False,,
fs72147,Pole Creek Lake Campground,UT,FS,Ashley National Forest,40.679,-110.0569,False,first-come,0,False,False,False,False,False,,False,,
fs72189,Jarvies Canyon Boat-In Campground,UT,FS,Ashley National Forest,40.9295,-109.4787,True,reservable,0,False,False,False,False,False,,False,,
fs72193,Bootleg River Camp,UT,FS,Ashley National Forest,40.5445,-109.1742,True,reservable,0,False,False,False,False,False,,False,,
fs72195,Cats Paw River Camp,UT,FS,Ashley National Forest,40.5449,-109.1734,True,reservable,0,False,False,False,False,False,,False,,
fs72197,Cottonwood River Camp,UT,FS,Ashley National Forest,40.5449,-109.1728,True,partly,0,False,False,False,False,False,,False,,
fs72201,Big Pine I River Camp,UT,FS,Ashley National Forest,40.5442,-109.1601,True,reservable,0,False,False,False,False,False,,False,,
fs72203,Big Pine II River Camp,UT,FS,Ashley National Forest,40.9117,-109.2666,True,reservable,0,False,False,False,False,False,,False,,
fs72207,Manns Campground,UT,FS,Ashley National Forest,40.9234,-109.7141,False,first-come,0,False,False,False,False,False,,False,,
fs72219,South Fork Camping Area,UT,FS,Ashley National Forest,40.7356,-109.7388,False,first-come,6,False,False,False,False,False,,False,,
fs72237,East Park Campground,UT,FS,Ashley National Forest,40.781,-109.5532,False,first-come,21,False,False,False,False,False,,False,,
fs72243,Paradise Park Campground,UT,FS,Ashley National Forest,40.3944,-109.5438,False,first-come,15,False,False,False,False,False,,True,,
fs72245,Whiterocks Campground,UT,FS,Ashley National Forest,40.6206,-109.9417,False,first-come,21,False,False,False,False,False,,False,,
fs72247,Uinta Canyon Campground,UT,FS,Ashley National Forest,40.624,-110.1397,False,first-come,0,False,False,False,False,False,,False,,
fs72251,Swift Creek Campground,UT,FS,Ashley National Forest,40.6014,-110.3482,False,first-come,0,False,False,False,False,False,,False,,
fs72253,Riverview Campground,UT,FS,Ashley National Forest,40.5902,-110.3363,False,first-come,0,False,False,False,False,False,,False,,
fs72255,Reservoir Campground,UT,FS,Ashley National Forest,40.576,-110.3252,False,first-come,0,False,False,False,False,False,,False,,
fs72261,Kingfisher Island Boat-in Campground,UT,FS,Ashley National Forest,40.9404,-109.6398,False,first-come,0,False,False,False,False,False,,False,,
fs72263,Deep Creek Campground,UT,FS,Ashley National Forest,40.855,-109.7294,False,first-come,0,False,False,False,False,False,,False,,
fs72265,Carmel Campground,UT,FS,Ashley National Forest,40.9308,-109.7326,False,first-come,0,False,False,False,False,False,,False,,
fs72269,Stonefly I River Camp,UT,FS,Ashley National Forest,40.5439,-109.175,True,partly,0,False,False,False,False,False,,False,,
fs72271,Stonefly II River Camp,UT,FS,Ashley National Forest,40.544,-109.1748,False,first-come,0,False,False,False,False,False,,False,,
fs72273,Sand River Camp,UT,FS,Ashley National Forest,40.5443,-109.1744,True,partly,0,False,False,False,False,False,,False,,
fs72303,South Iron Springs Group Site,UT,FS,Ashley National Forest,40.7034,-109.5558,True,reservable,0,False,False,False,False,False,,False,https://www.recreation.gov/camping/campgrounds/232307,
fs72848,Foy Lake Fishing/Camping Site,UT,FS,Manti-La Sal National Forest,37.9025,-109.5099,False,first-come,0,False,False,False,False,False,,False,,
fs73176,Mason Draw Campground,UT,FS,Manti-La Sal National Forest,38.5429,-109.3031,False,first-come,0,False,False,False,False,False,,False,,
fs73192,Oowah Campground,UT,FS,Manti-La Sal National Forest,38.5028,-109.2724,False,first-come,0,False,False,False,False,False,,False,,
fs73250,Dalton Springs Campground,UT,FS,Manti-La Sal National Forest,37.8742,-109.4334,False,first-come,0,False,False,False,False,False,,False,,
fs73382,Upper Joes Valley Dispersed Site,UT,FS,Manti-La Sal National Forest,39.3473,-111.2697,False,first-come,0,False,False,False,False,False,,False,,
fs73458,Upper Six Mile Ponds Campground,UT,FS,Manti-La Sal National Forest,39.1884,-111.5405,False,first-come,0,False,False,False,False,False,,False,,
fs73723,Greenwood Point Campground,VA,FS,George Washington & Jefferson National Forest,37.9592,-79.9647,False,first-come,5,False,False,False,False,False,,False,,
fs73739,Hawk Recreation Area,WV,FS,George Washington & Jefferson National Forest,39.1164,-78.4992,False,first-come,0,False,False,False,False,False,,True,,
fs73869,North River Campground,VA,FS,George Washington & Jefferson National Forest,38.3394,-79.2072,False,first-come,0,False,False,False,False,False,,False,,
fs73987,The Pines Campground,VA,FS,George Washington & Jefferson National Forest,37.605,-80.0767,False,first-come,10,False,False,False,False,False,,True,,
fs74007,Walnut Flats Campground,VA,FS,George Washington & Jefferson National Forest,37.1981,-80.8864,False,first-come,0,False,False,False,False,False,,True,,
fs74021,White Cedar Horse Camp,VA,FS,George Washington & Jefferson National Forest,37.2042,-80.8708,False,first-come,0,False,False,False,False,False,,False,,
fs74023,White Rocks Campground,VA,FS,George Washington & Jefferson National Forest,37.43,-80.4922,False,first-come,35,False,False,False,False,False,,False,,
fs74388,Chirpchatter Campground,CA,FS,Shasta-Trinity National Forest,40.8687,-122.1197,False,first-come,0,False,False,False,False,False,,True,,
fs74437,Crocker Pond Campground,ME,FS,White Mountain National Forest,44.3103,-70.8235,False,first-come,0,False,False,False,False,False,,False,,
fs74803,Blackberry Crossing Campground,NH,FS,White Mountain National Forest,44.0068,-71.245,False,first-come,26,False,False,False,False,False,,False,,
fs74865,Jigger Johnson Campground,NH,FS,White Mountain National Forest,43.9979,-71.3339,False,first-come,0,False,False,False,False,False,,False,,
fs74905,Passaconaway Campground,NH,FS,White Mountain National Forest,43.9976,-71.371,False,first-come,33,False,False,False,False,False,,False,,
fs74968,Milsap Bar Campground,CA,FS,Plumas National Forest,39.706,-121.268,False,first-come,12,False,False,False,False,False,,False,,
fs74989,Rogers Cow Camp,CA,FS,Plumas National Forest,39.768,-121.31,False,first-come,6,False,False,False,False,False,,False,,
fs75414,Aspen Campground,AZ,FS,Apache-Sitgreaves National Forest,33.8074,-109.3143,False,first-come,6,False,False,False,False,False,,False,,
fs75464,Coyote Canyon Camping Area,NM,FS,Santa Fe National Forest,36.072,-106.6302,False,first-come,0,False,False,False,False,False,,True,,
fs75498,Resumidero Camping Area,NM,FS,Santa Fe National Forest,36.1145,-106.7469,False,first-come,0,False,False,False,False,False,,True,,
fs75502,Rio Chama Campground,NM,FS,Santa Fe National Forest,36.3551,-106.6727,False,first-come,0,False,False,False,False,False,,False,,
fs75504,"Rio Chama Campground, Small Group Sites",NM,FS,Santa Fe National Forest,36.3551,-106.6727,False,first-come,0,False,False,False,False,False,,False,,
fs75508,Rio Puerco Campground,NM,FS,Santa Fe National Forest,36.0999,-106.7245,False,first-come,0,False,False,False,False,False,,True,,
fs75576,Aspen Basin Campground,NM,FS,Santa Fe National Forest,35.7945,-105.8058,False,first-come,0,False,False,False,False,False,,False,,
fs75602,Big Tesuque Campground,NM,FS,Santa Fe National Forest,35.7692,-105.8086,False,first-come,0,False,False,False,False,False,,False,,
fs75608,Borrego Mesa Campground,NM,FS,Santa Fe National Forest,35.9772,-105.7717,False,first-come,0,False,False,False,False,False,,False,,
fs75860,Cowles Campground,NM,FS,Santa Fe National Forest,35.8127,-105.6644,False,first-come,0,False,False,False,False,False,,False,,
fs75870,El Porvenir Campground,NM,FS,Santa Fe National Forest,35.7103,-105.4122,False,first-come,0,False,False,False,False,False,,False,,
fs75872,E.V. Long Campground,NM,FS,Santa Fe National Forest,35.6984,-105.422,False,first-come,0,False,False,False,False,False,,False,,
fs75902,Iron Gate Campground,NM,FS,Santa Fe National Forest,35.8399,-105.6203,False,first-come,0,False,False,False,False,False,,False,,
fs75910,Jacks Creek Horse Camp,NM,FS,Santa Fe National Forest,35.8343,-105.6554,False,first-come,0,False,False,False,False,False,,False,,
fs76028,Lost Spring Campground,ID,FS,Salmon-Challis National Forest,45.8502,-114.4656,False,first-come,6,False,False,False,False,False,,True,,
fs76032,Mill Creek Campground,ID,FS,Salmon-Challis National Forest,44.4726,-114.441,False,first-come,0,False,False,False,False,False,,False,,
fs76034,Mosquito Flat Reservoir Campground,ID,FS,Salmon-Challis National Forest,44.5179,-114.4336,False,first-come,11,False,False,False,False,False,,True,,
fs76036,Morse Creek Campground,ID,FS,Salmon-Challis National Forest,44.6309,-113.7908,False,first-come,0,False,False,False,False,False,,True,,
fs76038,Big Creek Campground,ID,FS,Salmon-Challis National Forest,44.4416,-113.5994,False,first-come,0,False,False,False,False,False,,True,,
fs76042,Iron Bog Campground,ID,FS,Salmon-Challis National Forest,43.65,-113.7651,False,first-come,21,False,False,False,False,False,,False,,
fs76046,Park Creek Campground,ID,FS,Salmon-Challis National Forest,43.8365,-114.2585,False,first-come,0,False,False,False,False,False,,False,,
fs76048,Star Hope Campground,ID,FS,Salmon-Challis National Forest,43.745,-113.941,False,first-come,0,False,False,False,False,False,,False,,
fs76050,Timber Creek Campground,ID,FS,Salmon-Challis National Forest,44.398,-113.4094,False,first-come,0,False,False,False,False,False,,False,,
fs76052,Wildhorse Campground,ID,FS,Salmon-Challis National Forest,43.8241,-114.0952,False,first-come,13,False,False,False,False,False,,False,,
fs76068,Dagger Falls Campground,ID,FS,Salmon-Challis National Forest,44.5284,-115.2856,False,first-come,0,False,False,False,False,False,,False,,
fs76080,Corn Creek Boat Ramp & Campground,ID,FS,Salmon-Challis National Forest,45.3692,-114.6841,False,first-come,18,False,False,False,False,False,,False,,
fs76082,Horse Creek Hot Spring & Campground,ID,FS,Salmon-Challis National Forest,45.5039,-114.46,False,first-come,0,False,False,False,False,False,,False,,
fs76084,Ebenezer Campground,ID,FS,Salmon-Challis National Forest,45.3058,-114.5157,False,first-come,11,False,False,False,False,False,,False,,
fs76086,Spring Creek Campground,ID,FS,Salmon-Challis National Forest,45.392,-114.2543,False,first-come,5,False,False,False,False,False,,False,,
fs76090,Bighorn Crags Campground,ID,FS,Salmon-Challis National Forest,45.1034,-114.5267,False,first-come,14,False,False,False,False,False,,False,,
fs76094,Cougar Point Campground,ID,FS,Salmon-Challis National Forest,45.0832,-114.0547,False,first-come,18,False,False,False,False,False,,True,,
fs76102,Bear Valley Horse Camp,ID,FS,Salmon-Challis National Forest,44.7926,-113.7798,False,first-come,0,False,False,False,False,False,,True,,
fs76108,Yellowjacket Lake Campground,ID,FS,Salmon-Challis National Forest,45.0664,-114.5515,False,first-come,7,False,False,False,False,False,,False,,
fs76112,Bench Creek Campground,ID,FS,Salmon-Challis National Forest,44.3193,-115.2358,False,first-come,5,False,False,False,False,False,,False,,
fs76122,Lola Creek Campground,ID,FS,Salmon-Challis National Forest,44.4074,-115.18,False,first-come,21,False,False,False,False,False,,False,,
fs76126,Flat Rock Campground,ID,FS,Salmon-Challis National Forest,44.2902,-114.7186,False,first-come,6,False,False,False,False,False,,False,,
fs76128,Beaver Creek Campground,ID,FS,Salmon-Challis National Forest,44.4155,-115.1463,False,first-come,8,False,False,False,False,False,,False,,
fs76130,Blind Creek Campground,ID,FS,Salmon-Challis National Forest,44.2813,-114.7328,False,first-come,0,False,False,False,False,False,,False,,
fs76132,Flat Rock Extension Campground,ID,FS,Salmon-Challis National Forest,44.293,-114.7161,False,first-come,0,False,False,False,False,False,,False,,
fs76152,Bonanza Group Campground,ID,FS,Salmon-Challis National Forest,44.3713,-114.7322,True,reservable,12,False,False,False,False,False,,False,,
fs76170,Mill Creek Trailhead & Campground,ID,FS,Salmon-Challis National Forest,44.367,-113.3628,False,first-come,0,False,False,False,False,False,,False,,
fs76192,Lake Creek Trailhead & Campground,ID,FS,Salmon-Challis National Forest,43.7679,-113.9031,False,first-come,0,False,False,False,False,False,,False,,
fs76194,Mt. Borah Trailhead and Camping Area,ID,FS,Salmon-Challis National Forest,44.1336,-113.8373,False,first-come,5,False,False,False,False,False,,False,,
fs77510,Herb Martyr Campground,AZ,FS,Coronado National Forest,31.8725,-109.2344,False,first-come,0,False,False,False,False,False,,False,,
fs78520,Bear Group Campground,CA,FS,Eldorado National Forest,38.5332,-120.2308,True,reservable,0,False,False,False,False,False,,False,,
fs78522,Silver Lake Campground East,CA,FS,Eldorado National Forest,38.6722,-120.1198,True,reservable,0,False,False,False,False,False,,False,,
fs78679,Horseshoe Hole Campground,AK,FS,Tongass National Forest,55.8144,-133.1297,False,first-come,0,False,False,False,False,False,,True,,
fs78686,Lake No. 3 Campground,AK,FS,Tongass National Forest,55.6531,-132.5844,False,first-come,0,False,False,False,False,False,,False,,
fs78700,Staney Bridge Campground,AK,FS,Tongass National Forest,55.8069,-133.1225,False,first-come,0,False,False,False,False,False,,False,,
fs78833,Anchor Pass Buoy,AK,FS,Tongass National Forest,55.9732,-131.3973,False,first-come,0,False,False,False,False,False,,False,,
fs78893,Icehouse Cove Buoy Camping Area,AK,FS,Tongass National Forest,55.2984,-131.47,False,first-come,0,False,False,False,False,False,,False,,
fs78962,Three C's Group Use Campground,AK,FS,Tongass National Forest,55.4111,-131.6942,True,reservable,0,False,False,False,False,False,,False,,
fs79014,Ohmer Creek Campground,AK,FS,Tongass National Forest,56.5773,-132.74,False,first-come,0,False,False,False,False,False,,True,,
fs79188,Lower Salamander Creek Campground,AK,FS,Tongass National Forest,56.3483,-132.1906,False,first-come,0,False,False,False,False,False,,False,,
fs79197,Nemo Campsites Entry & Info Site,AK,FS,Tongass National Forest,56.3058,-132.3478,False,first-come,0,False,False,False,False,False,,False,,
fs79209,Thoms Creek Crossing Campsite,AK,FS,Tongass National Forest,56.1881,-132.1625,False,first-come,0,False,False,False,False,False,,False,,
fs79211,Three Sisters Overlook Campsite,AK,FS,Tongass National Forest,56.2953,-132.3433,False,first-come,0,False,False,False,False,False,,False,,
fs79212,Turn Island Beach Campsite,AK,FS,Tongass National Forest,56.2522,-132.3342,False,first-come,0,False,False,False,False,False,,False,,
fs79215,Upper Salamander Creek Campsite,AK,FS,Tongass National Forest,56.3153,-132.0367,False,first-come,0,False,False,False,False,False,,False,,
fs79217,Yunshookuh Loop Campground,AK,FS,Tongass National Forest,56.3089,-132.3361,False,first-come,0,False,False,False,False,False,,False,,
fs79237,Columbine Corrals Campground,AZ,FS,Coronado National Forest,32.7064,-109.9135,False,first-come,6,False,False,False,False,False,,False,,
fs79271,Bagby Campground,OR,FS,Mt. Hood National Forest,44.9542,-122.1689,False,first-come,0,False,False,False,False,False,,False,,
fs79455,Summit Campground,ND,FS,Dakota Prairie Grasslands,47.54,-103.2415,False,first-come,5,False,False,False,False,False,,False,,
fs79460,Magpie Campground,ND,FS,Dakota Prairie Grasslands,47.3086,-103.4736,False,first-come,8,False,False,False,False,False,,False,,
fs79476,Hankinson Hills Campground,ND,FS,Dakota Prairie Grasslands,46.1199,-96.9678,False,first-come,15,False,False,False,False,False,,False,,
fs79508,Green Cabin Flat Campground,CA,FS,Sequoia National Forest,36.8596,-119.1025,False,first-come,0,False,False,False,False,False,,False,,
fs79537,Tenmile Campground,CA,FS,Sequoia National Forest,36.754,-118.8935,True,reservable,13,False,False,False,False,False,,False,https://www.recreation.gov/camping/campgrounds/251363,
fs79554,Mill Flat Campground,CA,FS,Sequoia National Forest,36.8565,-119.097,False,first-come,0,False,False,False,False,False,,False,,
fs79589,Buck Rock Campground,CA,FS,Sequoia National Forest,36.7227,-118.8505,False,first-come,0,False,False,False,False,False,,False,,
fs79592,Camp 4 Campground,CA,FS,Sequoia National Forest,36.857,-119.1069,False,first-come,0,False,False,False,False,False,,False,,
fs79656,Breckenridge Campground,CA,FS,Sequoia National Forest,35.4673,-118.5808,False,first-come,0,False,False,False,False,False,,True,,
fs79660,Brush Creek Dispersed Camping,CA,FS,Sequoia National Forest,35.9644,-118.4782,False,first-come,22,False,False,False,False,False,,True,,
fs79673,Cedar Creek Campground,CA,FS,Sequoia National Forest,35.749,-118.5824,False,first-come,11,False,False,False,False,False,,True,,
fs79676,Chico Flat Dispersed Camping,CA,FS,Sequoia National Forest,35.8235,-118.462,False,first-come,0,False,False,False,False,False,,True,,
fs79697,Fish Creek Campground,CA,FS,Sequoia National Forest,36.0668,-118.2174,False,first-come,0,False,False,False,False,False,,False,,
fs79763,Old Isabella,CA,FS,Sequoia National Forest,35.6525,-118.4569,False,first-come,0,False,False,False,False,False,,False,,
fs79829,Upper Peppermint Dispersed Area,CA,FS,Sequoia National Forest,36.0829,-118.5252,False,first-come,19,False,False,False,False,False,,True,,
fs79831,White River Campground,CA,FS,Sequoia National Forest,35.8458,-118.6347,True,reservable,0,False,False,False,False,False,,False,,
fs79889,Belknap Campground,CA,FS,Sequoia National Forest,36.1416,-118.747,True,reservable,0,False,False,False,False,False,,False,https://www.recreation.gov/camping/campgrounds/232796,
fs80045,Weitas Creek Campground,ID,FS,Nez Perce-Clearwater National Forests,46.6376,-115.4331,False,first-come,0,False,False,False,False,False,,True,,
fs80175,Glade Creek Group Campground,ID,FS,Nez Perce-Clearwater National Forests,42.2226,-115.5297,True,reservable,0,False,False,False,False,False,,False,https://www.recreation.gov/camping/campgrounds/234749,
fs80252,Knife Edge Campground and River Access,ID,FS,Nez Perce-Clearwater National Forests,46.2296,-115.4751,False,first-come,5,False,False,False,False,False,,True,,
fs80600,Humbug OHV Recreation Area,CA,FS,Klamath National Forest,41.775,-122.7285,False,first-come,0,False,False,False,False,False,,True,,
fs81056,Paddle Creek Horse Camp,OH,FS,Wayne National Forest,38.6309,-82.5816,False,first-come,0,False,False,False,False,False,,True,,
fs81058,South Pyramid Horse Camp,OR,FS,Willamette National Forest,44.495,-122.138,False,first-come,0,False,False,False,False,False,,False,,
fs81072,Bingham Springs Campground,OR,FS,Ochoco National Forest,44.5145,-120.5294,False,first-come,0,False,False,False,False,False,,False,,
fs81503,Horse Camp: Green River,WA,FS,Gifford Pinchot National Forest,46.3493,-122.0836,False,first-come,0,False,False,False,False,False,,True,,
fs81561,Mumford Bar Campground,CA,FS,Tahoe National Forest,39.1255,-120.421,False,first-come,4,False,False,False,False,False,,False,,
fs81828,Kennedy Meadows Campground,CA,FS,Inyo National Forest,36.0518,-118.1305,False,first-come,37,False,False,False,False,False,,True,,
fs81850,Goldhill Camping Area,CA,FS,Los Padres National Forest,34.7037,-118.9371,False,first-come,0,False,False,False,False,False,,False,,
fs81875,Colson Campground,CA,FS,Los Padres National Forest,34.9398,-120.1698,False,first-come,0,False,False,False,False,False,,False,,
fs82400,Green River Lake Group Campground,WY,FS,Bridger-Teton National Forest,43.3146,-109.8632,True,reservable,0,False,False,False,False,False,,False,,
fs82445,Stone Church Horse Camp,OH,FS,Wayne National Forest,39.6097,-82.2412,False,first-come,0,False,False,False,False,False,,False,,
fs82479,Cosmic Campground International Dark Sky Sanctuary,NM,FS,Gila National Forest,33.4799,-108.9229,False,first-come,0,False,False,False,False,False,,True,,
fs82817,Upper Hospital Flat Dispersed Camping Area,AZ,FS,Coronado National Forest,32.6669,-109.8744,False,first-come,0,False,False,False,False,False,,False,,
fs82818,Snow Flat Dispersed Camping Area,AZ,FS,Coronado National Forest,32.6471,-109.8649,False,first-come,0,False,False,False,False,False,,False,,
fs83103,Union East Campground,CA,FS,Stanislaus National Forest,38.4281,-119.9923,False,first-come,0,False,False,False,False,False,,False,,
fs83139,Shadow Creek Campground,CA,FS,Klamath National Forest,41.2025,-123.0689,False,first-come,0,False,False,False,False,False,,False,,
fs83246,Beth Lake Campground,WA,FS,Colville National Forest,48.8602,-118.9851,False,first-come,15,False,False,False,False,False,,False,,
fs83250,Kerr Campground,WA,FS,Colville National Forest,48.6116,-119.7885,False,first-come,11,False,False,False,False,False,,False,,
fs83254,Salmon Meadows Campground,WA,FS,Colville National Forest,48.6577,-119.8418,False,first-come,0,False,False,False,False,False,,False,,
fs83256,Tiffany Springs Campground,WA,FS,Colville National Forest,48.7001,-119.9542,False,first-come,6,False,False,False,False,False,,True,,
fs83447,Little Joe Campground,MT,FS,Lolo National Forest,47.2712,-115.1371,False,first-come,0,False,False,False,False,False,,False,,
fs83455,Bighorn Campground,MT,FS,Lolo National Forest,46.3849,-113.6589,False,first-come,0,False,False,False,False,False,,True,,
fs83532,Cobb Hunt Camp,FL,FS,National Forests in Florida,30.2467,-82.4098,False,first-come,0,False,False,False,False,False,,False,,
fs83549,Davenport Landing,FL,FS,National Forests in Florida,29.4723,-81.7737,False,first-come,5,False,False,False,False,False,,False,,
fs83555,The Landing Group Site,FL,FS,National Forests in Florida,30.2128,-82.4245,True,reservable,0,False,False,False,False,False,,False,https://www.recreation.gov/camping/campgrounds/251903,
fs83638,Twin Poles Hunt Camp,FL,FS,National Forests in Florida,30.1238,-84.8484,False,first-come,0,False,False,False,False,False,,False,,
fs83665,Rainy Lake Campground,MT,FS,Lolo National Forest,47.3363,-113.5932,False,first-come,0,False,False,False,False,False,,True,,
fs83666,Hidden Lake Campground,MT,FS,Lolo National Forest,47.1432,-113.5703,False,first-come,0,False,False,False,False,False,,True,,
fs83720,Lake Delancy East Campground,FL,FS,National Forests in Florida,29.4307,-81.7864,False,first-come,29,False,False,False,False,False,,False,,
fs83737,Porter Lake,FL,FS,National Forests in Florida,30.1772,-84.6772,False,first-come,0,False,False,False,False,False,,False,,
fs83770,Gwynn Tank Campground,NM,FS,Gila National Forest,33.5376,-108.5319,False,first-come,0,False,False,False,False,False,,True,,
fs84299,Paddy Creek Campground,MO,FS,Mark Twain National Forest,37.5535,-92.0403,False,first-come,0,False,False,False,False,False,,False,,
fs84551,Bear Island Campground,MI,FS,Huron-Manistee National Forests,44.633,-83.8943,False,first-come,0,False,False,False,False,False,,True,,
fs84721,South Fork Campground,NM,FS,Gila National Forest,33.5286,-108.5862,False,first-come,0,False,False,False,False,False,,True,,
fs9913,Cranberry Glades Botanical Area,WV,FS,Monongahela National Forest,38.2031,-80.2658,False,first-come,0,False,False,False,False,False,,False,,
